species	tree_tip	binomial	S	N	gini	dom1	H	J	effN	asm	logN	logS	dH_raw	logGiniodds	tipc	clade
Pseudomyrmex_gracilis	Pseudomyrmex_gracilis	Pseudomyrmex gracilis	1794	296991.0	0.5125633121389251	0.0094885030186099	7.008956044029471	0.935500013034836	1106.4987657423912	282776121	12.601457114295387	7.492203042618741	-0.0601829734333296	0.0502638283137433	Pseudomyrmex_gracilis	Insecta
Nannochloropsis_gaditana_CCMP526	Nannochloropsis_gaditana	Nannochloropsis gaditana	49	1958.0	0.4664901711450668	0.0985699693564862	3.510848148524361	0.9021095219192888	33.47664891691499	33986952	7.579678823090456	3.8918202981106265	0.0261177269925614	-0.1342405432091379	Nannochloropsis_gaditana	Protists
Gouania_willdenowi	Gouania_willdenowi	Gouania willdenowi	3421	2216478.0	0.6119365231606941	0.0069560807731906	7.425244330210876	0.9124513205013286	1677.809462480911	937150793	14.611430007559674	8.137688184977605	-0.2887248353426326	0.4554596304637979	Gouania_willdenowi	Fish
Eimeria_acervulina	Eimeria_acervulina	Eimeria acervulina	204	100205.0	0.7132785143397212	0.0623222394092111	4.333908770626206	0.8149324903617733	76.24171627932469	45830609	11.51497336658753	5.318119993844216	-0.5653161647617706	0.9113606559932976	Eimeria_acervulina	Protists
Babesia_bigemina	Babesia_bigemina	Babesia bigemina	74	5376.0	0.5646868967181468	0.1311383928571428	3.68733141905814	0.8567090272124807	39.93812650129684	13840936	8.589699882202986	4.30406509320417	-0.2044955178799816	0.2602058626071739	Babesia_bigemina	Protists
Kryptolebias_marmoratus	Kryptolebias_marmoratus	Kryptolebias marmoratus	1922	946590.0	0.6594317184244417	0.0191635238065054	6.583070683114886	0.8706473775306506	722.7552776976399	680366784	13.76062133227425	7.561121589530238	-0.5549738075360189	0.660762792681652	Kryptolebias_marmoratus	Fish
Punica_granatum	Punica_granatum	Punica granatum	1571	383598.0	0.5883503108622802	0.0698178822621598	6.561408797849023	0.8915602486981302	707.2673898415173	320494280	12.85735040821349	7.359467638255621	-0.3728271934474163	0.3571498186901122	Punica_granatum	Viridiplantae
Aspergillus_alliaceus	Aspergillus_alliaceus	Aspergillus alliaceus	156	5255.0	0.4058003366756935	0.0329210275927687	4.7740963553718405	0.9453925712967224	118.4032717831614	40168528	8.566935283311052	5.049856007249537	0.1450625847411855	-0.3813541393744796	Aspergillus_alliaceus	Fungi
Nannizzia_gypsea_CBS_118893	Nannizzia_gypsea	Nannizzia gypsea	9	184.0	0.2246376811594203	0.2228260869565217	2.113404394443743	0.961851790774116	8.276369403866283	23272942	5.214935757608986	2.19722457733622	0.306528445036567	-1.23884162997676	Nannizzia_gypsea	Fungi
Aspergillus_nidulans_FGSC_A4	Aspergillus_nidulans	Aspergillus nidulans	38	1423.0	0.3405888227244147	0.1004919184820801	3.427904334603665	0.9423568773588876	30.812003392800268	30275969	7.260522598089852	3.6375861597263857	0.2081753452250967	-0.6606713299082081	Aspergillus_nidulans	Fungi
Apteryx_rowi	Apteryx_rowi	Apteryx rowi	393	255607.0	0.5841420777648766	0.036125771203449	5.316220959877411	0.8899213910859666	203.61296468369244	1228902913	12.451396387651984	5.973809611869261	-0.2379928583765789	0.3398005682465688	Apteryx_rowi	Aves
Lobosporangium_transversale	Lobosporangium_transversale	Lobosporangium transversale	297	14316.0	0.4890523000330209	0.0237496507404302	5.275091923991041	0.9264734967142848	195.4084384105153	42768949	9.569133071885917	5.6937321388027	-3.65763074849923e-05	-0.0437977997759675	Lobosporangium_transversale	Fungi
Drosophila_busckii	Drosophila_busckii	Drosophila busckii	248	33835.0	0.5889803219609395	0.0987734594354957	4.728584951454109	0.8576486917951387	113.13535700380504	118492362	10.429251048666323	5.513428746164983	-0.3634973948833293	0.3597516820684526	Drosophila_busckii	Insecta
Enhydra_lutris_kenyoni	Enhydra_lutris	Enhydra lutris	676	3307913.0	0.8122046949042829	0.0875077427973468	4.878208259090163	0.7486285630524185	131.39502700351744	2455276666	15.01182803490079	6.516193076042964	-1.2180708814399883	1.4643998287422082	Enhydra_lutris	Mammalia
Aspergillus_aculeatinus_CBS_121060	Aspergillus_aculeatinus	Aspergillus aculeatinus	22	932.0	0.4563987514631291	0.2854077253218884	2.653270613922409	0.8583740449891646	14.20040682610337	36471649	6.837332814685591	3.091042453358316	-0.0381838872936897	-0.1748490967033201	Aspergillus_aculeatinus	Fungi
Jaculus_jaculus	Jaculus_jaculus	Jaculus jaculus	826	5998871.0	0.81186842416191	0.0495161506223421	5.208374906291202	0.7754487328645054	182.7967548299721	2835250225	15.607081842820094	6.716594773520978	-1.0897593481256953	1.462196698309118	Jaculus_jaculus	Mammalia
Byssochlamys_spectabilis	Byssochlamys_spectabilis	Byssochlamys spectabilis	50	1970.0	0.4428020304568528	0.1040609137055837	3.569271054380556	0.9123849858316264	35.49071292041959	30105809	7.585788821732034	3.912023005428146	0.0696315650137275	-0.2297978115448067	Byssochlamys_spectabilis	Fungi
Fusarium_oxysporum_f._sp._lycopersici_4287	Fusarium_oxysporum	Fusarium oxysporum	256	13849.0	0.5295968458914001	0.0361036897970972	5.0382544172871375	0.9085830828196334	154.20061004075615	61471697	9.535968306842715	5.545177444479562	-0.0878935523826776	0.1185259472371593	Fusarium_oxysporum	Fungi
Notechis_scutatus	Notechis_scutatus	Notechis scutatus	1818	2898439.0	0.6913420843895537	0.0330236378961227	6.4455756417450125	0.8587811972627082	629.9091746340944	1665525958	14.879682874172174	7.505492274737424	-0.6388986909359353	0.8064011638489686	Notechis_scutatus	Herptiles
Spizellomyces_punctatus_DAOM_BR117	Spizellomyces_punctatus	Spizellomyces punctatus	28	1153.0	0.3849275182753066	0.1673894189071986	3.0652996032713244	0.9199014027833946	21.440884784209526	24131112	7.050122520269059	3.332204510175204	0.1278864208089185	-0.4686850649810383	Spizellomyces_punctatus	Fungi
Rhizopus_microsporus_ATCC_52813	Rhizopus_microsporus	Rhizopus microsporus	225	8525.0	0.4368703812316715	0.0269794721407624	5.086634868941259	0.939169234542058	161.8443173146577	25972395	9.050758302151715	5.41610040220442	0.0912375707362	-0.2538732897151258	Rhizopus_microsporus	Fungi
Theileria_orientalis_strain_Shintoku	Theileria_orientalis	Theileria orientalis	4	378.0	0.458994708994709	0.5873015873015873	1.0117411632454	0.7298169794386848	2.7503857188572347	9010364	5.934894195619588	1.3862943611198906	-0.080289857243504	-0.1643903760959423	Theileria_orientalis	Protists
Meriones_unguiculatus	Meriones_unguiculatus	Meriones unguiculatus	901	3666079.0	0.7378191627929359	0.0234482126544463	5.679208145196461	0.8347473736197119	292.7175483296654	2523124066	15.114633256522216	6.803505257608338	-0.7050088381423532	1.0346642736905578	Meriones_unguiculatus	Mammalia
Bipolaris_zeicola_26-R-13	Bipolaris_zeicola	Bipolaris zeicola	85	2059.0	0.3287603919664029	0.0393394851869839	4.266243253107448	0.9602921784317072	71.25345100312873	31267936	7.629975707027789	4.442651256490317	0.2391819538063053	-0.7137969706524775	Bipolaris_zeicola	Fungi
Gorilla_gorilla_gorilla	Gorilla_gorilla	Gorilla gorilla	868	4085218.0	0.7720957242013559	0.0583090057862273	5.317234009747801	0.7858532885237225	203.81933928740807	3044872214	15.2228856508254	6.766191714660351	-1.027885660363661	1.220182839610204	Gorilla_gorilla	Mammalia
Naumovozyma_castellii_CBS_4309	Naumovozyma_castellii	Naumovozyma castellii	11	246.0	0.147080561714708	0.1422764227642276	2.363886070530364	0.9858170610477424	10.63218871031239	11219539	5.5053315359323625	2.3978952727983707	0.3501129574517883	-1.757684622343553	Naumovozyma_castellii	Fungi
Numida_meleagris	Numida_meleagris	Numida meleagris	310	303353.0	0.7183084903853628	0.0650957795044057	4.61512474217632	0.8045091219724247	101.00042675974274	1043264150	12.62265242288805	5.736572297479192	-0.7012685720387051	0.936086594506417	Numida_meleagris	Aves
Dasypus_novemcinctus	Dasypus_novemcinctus	Dasypus novemcinctus	963	4275053.0	0.7572842175634912	0.0737270391735494	5.554955095909387	0.8085752414049233	258.5153558629731	3631522711	15.268307057936966	6.870053411798126	-0.8930866912659603	1.1378474963016372	Dasypus_novemcinctus	Mammalia
Picoides_pubescens	Picoides_pubescens	Picoides pubescens	479	916021.0	0.7930678600122073	0.0743443654676039	4.711887614286948	0.7634666555703672	111.26198151816928	1167323935	13.727794569157668	6.171700597410915	-1.0353729143045485	1.3435178783868036	Picoides_pubescens	Aves
Theropithecus_gelada	Theropithecus_gelada	Theropithecus gelada	973	4267762.0	0.791181831941702	0.0633324913619831	5.277611648313217	0.7670518949628808	195.9014346520104	2889630685	15.266600126025116	6.880384082186005	-1.180332913000811	1.3320639533860634	Theropithecus_gelada	Mammalia
Rhizophagus_irregularis_DAOM_181602=DAOM_197198	Rhizophagus_irregularis	Rhizophagus irregularis	1146	133859.0	0.471343345353092	0.0124907551976333	6.629420087859434	0.9411398533394608	757.0430248800784	136726313	11.80454228613517	7.044032897274685	0.0097009085374661	-0.1147523756288797	Rhizophagus_irregularis	Fungi
Ricinus_communis	Ricinus_communis	Ricinus communis	1359	336935.0	0.6072853414878725	0.0447860863371273	6.383657678717571	0.8848366169401909	592.0894247028258	350621860	12.7276453123928	7.214504414151143	-0.4097709263578419	0.4359154770331176	Ricinus_communis	Viridiplantae
Durio_zibethinus	Durio_zibethinus	Durio zibethinus	1140	628235.0	0.6110305061004242	0.0220888680191329	6.326583183353851	0.8988176928801827	559.2424965839216	715230256	13.350669579275204	7.038783541388542	-0.2924240688357624	0.4516459673851919	Durio_zibethinus	Viridiplantae
Fonsecaea_erecta	Fonsecaea_erecta	Fonsecaea erecta	49	1306.0	0.3569084601681407	0.0964777947932618	3.652907464404189	0.938611545393701	38.58669254864615	34747975	7.174724309836376	3.8918202981106265	0.1681770428723892	-0.5888077429574302	Fonsecaea_erecta	Fungi
Lactuca_sativa	Lactuca_sativa	Lactuca sativa	2167	3110266.0	0.6354093486590627	0.0097760127268857	6.894331565982954	0.8975709810020627	986.6659832354215	2384188817	14.950218811044511	7.681099001536359	-0.3635220859107892	0.555494213705169	Lactuca_sativa	Viridiplantae
Ascoidea_rubescens_DSM_1968	Ascoidea_rubescens	Ascoidea rubescens	17	2212.0	0.5419636208913945	0.1740506329113924	2.307050613426831	0.8142876420749537	10.044755057267986	17503998	7.701652362642226	2.833213344056216	-0.1362120206762487	0.1682502677325167	Ascoidea_rubescens	Fungi
Aplosporella_prunicola_CBS_121167	Aplosporella_prunicola	Aplosporella prunicola	84	3645.0	0.521520020902737	0.1163237311385459	3.912714605188512	0.8830684685970194	50.03459194853117	32818685	8.201111644442758	4.430816798843313	-0.1058760358655281	0.086133295646102	Aplosporella_prunicola	Fungi
Neospora_caninum_Liverpool	Neospora_caninum	Neospora caninum	102	8092.0	0.5208484777994242	0.1506426099851705	3.949092976857685	0.8538629601269737	51.888281612128985	57547420	8.998631198287637	4.624972813284271	-0.2518908902044572	0.0834422922329587	Neospora_caninum	Protists
Parus_major	Parus_major	Parus major	345	209953.0	0.6785178490948665	0.049925459507604	4.8412924722559465	0.8284856119422502	126.6329155365252	1020310769	12.254638975126706	5.84354441703136	-0.5793676371015168	0.7469687616708177	Parus_major	Aves
Drosophila_albomicans	Drosophila_albomicans	Drosophila albomicans	499	102145.0	0.6859898072124473	0.064594449067502	5.144769333508906	0.8281177422510577	171.53191344277496	165846275	11.534148651421754	6.212606095751519	-0.6458754887076212	0.7814373228363478	Drosophila_albomicans	Insecta
Aspergillus_tanneri	Aspergillus_tanneri	Aspergillus tanneri	269	10202.0	0.4326733806112804	0.0345030386198784	5.261668119535241	0.940471771022744	192.8028413837129	38719388	9.230339058482873	5.594711379601839	0.0891081938023239	-0.2709520601131508	Aspergillus_tanneri	Fungi
Haliaeetus_albicilla	Haliaeetus_albicilla	Haliaeetus albicilla	312	225185.0	0.6028660622633356	0.0349135155538779	5.0457864552859695	0.8785971886619398	155.3664399208943	1133549865	12.324677565569262	5.7430031878094825	-0.2751951041640215	0.4174214546481313	Haliaeetus_albicilla	Aves
Pongo_abelii	Pongo_abelii	Pongo abelii	932	4350858.0	0.7835285143116668	0.0611113945801035	5.344262234344081	0.7816296762482275	209.4033370056497	3065035716	15.285883624994652	6.837332814685591	-1.0691949968352708	1.2863486216984752	Pongo_abelii	Mammalia
Vigna_angularis	Vigna_angularis	Vigna angularis	2158	679212.0	0.5860306666662956	0.0406132400487623	6.939646806689455	0.9039603522701426	1032.405511838287	466744453	13.428688581667725	7.67693714581808	-0.3142984609465689	0.3475802233942576	Vigna_angularis	Viridiplantae
Diabrotica_virgifera_virgifera	Diabrotica_virgifera	Diabrotica virgifera	5542	6130576.0	0.6087717544056498	0.0046455667460936	7.870506497048394	0.9130400696404336	2618.8917132427537	2418073815	15.628799267608974	8.620110725422924	-0.3268830400225138	0.442152271954519	Diabrotica_virgifera	Insecta
Copidosoma_floridanum	Copidosoma_floridanum	Copidosoma floridanum	2914	644841.0	0.5169584232645489	0.0095915117059864	7.460409507588213	0.935206943915846	1737.859578336867	553956141	13.376759053761017	7.97728198675515	-0.0934789257557566	0.0678597219116171	Copidosoma_floridanum	Insecta
Trachymyrmex_zeteki	Trachymyrmex_zeteki	Trachymyrmex zeteki	1681	379264.0	0.5599162392841074	0.011234918157273	6.829600690619994	0.9195460015242244	924.8214488594272	267973152	12.845987811493185	7.427144133408616	-0.1744239209394145	0.2408221257765993	Trachymyrmex_zeteki	Insecta
Aspergillus_neoniger_CBS_115656	Aspergillus_neoniger	Aspergillus neoniger	39	1530.0	0.4630467571644042	0.2248366013071895	3.1644608812420967	0.8637662435911724	23.675976428508555	35416444	7.333023014386481	3.6635616461296463	-0.0867242118261359	-0.1480829832648335	Aspergillus_neoniger	Fungi
Polistes_dominula	Polistes_dominula	Polistes dominula	705	145743.0	0.5518303252451136	0.0209615556150209	5.9798644801858085	0.9118152059429404	395.38678178119744	208026220	11.88960007561513	6.558197802812269	-0.1568117286679999	0.2080687182193961	Polistes_dominula	Insecta
Trypanosoma_brucei_gambiense_DAL972	Trypanosoma_brucei	Trypanosoma brucei	21	1148.0	0.5217355234776837	0.3405923344947735	2.472377199668104	0.8120738967247858	11.850584599650164	22148088	7.045776576879511	3.044522437723423	-0.1814083766100713	0.0869969218403438	Trypanosoma_brucei	Protists
Exophiala_oligosperma	Exophiala_oligosperma	Exophiala oligosperma	56	1372.0	0.2882392753019575	0.0502915451895043	3.891588585832703	0.9667698339972828	48.98864741369935	38224514	7.22402480828583	4.02535169073515	0.2830932335529796	-0.9039508418943182	Exophiala_oligosperma	Fungi
Leishmania_donovani	Leishmania_donovani	Leishmania donovani	185	5378.0	0.5185651251846863	0.0485310524358497	4.680020465830273	0.8964945345962227	107.77227819798414	32444968	8.59007183682881	5.220355825078324	-0.1189951543764769	0.0742946555448996	Leishmania_donovani	Protists
Corvus_cornix_cornix	Corvus_cornix	Corvus cornix	346	233865.0	0.6868895757631033	0.0664913518482885	4.783504274166704	0.8181911173985524	119.522456493772	1042281180	12.362499304778762	5.846438775057725	-0.6441644941992362	0.7856176239215475	Corvus_cornix	Aves
Oncorhynchus_kisutch	Oncorhynchus_kisutch	Oncorhynchus kisutch	2344	5490755.0	0.6833919864020391	0.0221526912054899	6.728512461908355	0.8671194638336569	835.9029032556342	2375911593	15.518576326798994	7.759614150696903	-0.6069660808180046	0.7694041549857911	Oncorhynchus_kisutch	Fish
Astyanax_mexicanus	Astyanax_mexicanus	Astyanax mexicanus	2916	3175509.0	0.6208211199656112	0.0090001319473508	7.232434711780053	0.9065509697900864	1383.5870422551725	1335239194	14.970978492420487	7.977968093128549	-0.3234702912163874	0.4930349161355482	Astyanax_mexicanus	Fish
Rhinopithecus_bieti	Rhinopithecus_bieti	Rhinopithecus bieti	960	4168515.0	0.7558044643895968	0.0618222556473948	5.466668207244519	0.7960858189221373	236.6703411528113	2977074946	15.243070415243029	6.866933284461882	-0.9749276963724752	1.1298134179220325	Rhinopithecus_bieti	Mammalia
Pneumocystis_jirovecii_RU7	Pneumocystis_jirovecii	Pneumocystis jirovecii	8	237.0	0.3401898734177215	0.3544303797468354	1.8572026271899795	0.8931256733909793	6.405792295242628	8396240	5.468060141135132	2.079441541679836	0.1512815222966741	-0.6624481936711386	Pneumocystis_jirovecii	Fungi
Plasmodium_cynomolgi_strain_B	Plasmodium_cynomolgi	Plasmodium cynomolgi	36	2208.0	0.553869766505636	0.1313405797101449	3.051125975884789	0.8514329150439226	21.1391331814305	26181343	7.699842407396986	3.58351893845611	-0.1221087968620446	0.2163186678563426	Plasmodium_cynomolgi	Protists
Bison_bison_bison	Bison_bison	Bison bison	867	4968151.0	0.7944336703291334	0.0362986149173002	5.289418012902799	0.781875467540915	198.22802567881263	2828031685	15.418558296658508	6.765038976780541	-1.055461159257722	1.3518607424588232	Bison_bison	Mammalia
Pestalotiopsis_fici_W106-1	Pestalotiopsis_fici	Pestalotiopsis fici	40	2201.0	0.3829054975011358	0.0749659245797364	3.4505123531962374	0.93538224713419	31.51653577065406	51910726	7.696667081526462	3.688879454113936	0.1769237634906875	-0.4772339607629837	Pestalotiopsis_fici	Fungi
Anneissia_japonica	Anneissia_japonica	Anneissia japonica	4350	1524304.0	0.5969240524984125	0.010093131028981	7.639552981073975	0.9118662910839342	2078.8143394864805	589628371	14.23704847040184	8.37793112408273	-0.3147942045964971	0.3926648905243831	Anneissia_japonica	OtherInvertebrates
Lachnellula_hyalina	Lachnellula_hyalina	Lachnellula hyalina	65	2557.0	0.4359916970006919	0.1024638247946812	3.825754447298257	0.9164828751966524	45.86739184582476	33828344	7.846589975291186	4.174387269895637	0.0706180384393642	-0.2574457734283673	Lachnellula_hyalina	Fungi
Coffea_eugenioides	Coffea_eugenioides	Coffea eugenioides	2200	849382.0	0.5664342995046023	0.0072958927785142	7.111734152933924	0.9240563490379186	1226.2722468959491	699903961	13.652264305207522	7.696212639346407	-0.1607498652588823	0.2673177546079497	Coffea_eugenioides	Viridiplantae
Fulmarus_glacialis	Fulmarus_glacialis	Fulmarus glacialis	329	235322.0	0.6050269243702524	0.0373233271857284	5.091917600405521	0.8785139519586621	162.70155967904776	1141395646	12.368710068007378	5.796057750765372	-0.2829352613505165	0.4264553605166774	Fulmarus_glacialis	Aves
Raphanus_sativus	Raphanus_sativus	Raphanus sativus	2256	427047.0	0.4981456824133846	0.0062007226370867	7.274897877661394	0.9421796945902712	1443.6037604280873	426614037	12.964649356411089	7.721348612617949	-0.0271064337147075	-0.0074173043523923	Raphanus_sativus	Viridiplantae
Myripristis_murdjan	Myripristis_murdjan	Myripristis murdjan	2954	1408602.0	0.5683544733001896	0.0075486191273333	7.374057121203389	0.9228050472142898	1594.088089828028	835254674	14.158108281141937	7.990915463091325	-0.1964118594294923	0.2751405854102338	Myripristis_murdjan	Fish
Leishmania_panamensis	Leishmania_panamensis	Leishmania panamensis	125	4222.0	0.4806480341070582	0.0594504973945997	4.417328638343564	0.9148802001444992	82.8746013587447	30688794	8.348064228408266	4.8283137373023015	0.0047834925987491	-0.0774465505298203	Leishmania_panamensis	Protists
Podarcis_muralis	Podarcis_muralis	Podarcis muralis	2412	3621127.0	0.6864731057742158	0.0178637755593769	6.799013438542392	0.8729877697906128	896.9619469129642	1511020169	15.102295861316932	7.788211557847076	-0.5657902312131178	0.7836819051861222	Podarcis_muralis	Herptiles
Sorex_araneus	Sorex_araneus	Sorex araneus	816	5916383.0	0.8186381347983301	0.0684626062917157	5.138592951119694	0.7664491899005256	170.47573180181556	2423158183	15.593235840406283	6.704414354964107	-1.1425563155103573	1.5071478576883086	Sorex_araneus	Mammalia
Cyphomyrmex_costatus	Cyphomyrmex_costatus	Cyphomyrmex costatus	1968	400254.0	0.5306271777583836	0.0198174159408775	7.047571585506425	0.9291736896267314	1150.0625204709197	300316566	12.899854624562929	7.584773077612199	-0.1152310860389231	0.122662278386138	Cyphomyrmex_costatus	Insecta
Zalophus_californianus	Zalophus_californianus	Zalophus californianus	753	3279250.0	0.7794247960003649	0.0696967294350842	5.154410547145343	0.7781340264454673	173.19368715119492	2372369564	15.003125295677393	6.6240652277998935	-1.04833999355548	1.262317508653501	Zalophus_californianus	Mammalia
Fukomys_damarensis	Fukomys_damarensis	Fukomys damarensis	853	3979921.0	0.7922630550850657	0.0356589992615431	5.29842072986526	0.7850954968212687	200.020673731879	2334375022	15.19677252781739	6.748759547491679	-1.027824847365947	1.3386208855272894	Fukomys_damarensis	Mammalia
Nothoprocta_perdicaria	Nothoprocta_perdicaria	Nothoprocta perdicaria	204	139701.0	0.658731687605644	0.0711448021130843	4.42343333560597	0.8317663649421495	83.38207311549573	965904370	11.847259703415569	5.318119993844216	-0.4757915997820063	0.6576472930146094	Nothoprocta_perdicaria	Aves
Cryptococcus_amylolentus_CBS_6039	Cryptococcus_amylolentus	Cryptococcus amylolentus	35	973.0	0.3810306856555572	0.0986639260020555	3.3142087376044715	0.9321756070813716	27.500625162734377	20254996	6.880384082186005	3.555348061489413	0.1627620281248134	-0.4851757868447004	Cryptococcus_amylolentus	Fungi
Nipponia_nippon	Nipponia_nippon	Nipponia nippon	346	247145.0	0.6232352775049446	0.0542839223937364	5.067746084377896	0.8668090575066117	158.81596585025437	1223846297	12.417730487901292	5.846438775057725	-0.359922683988044	0.5033031856229353	Nipponia_nippon	Aves
Babesia_ovata	Babesia_ovata	Babesia ovata	129	7525.0	0.4732957325710165	0.0465116279069767	4.480404732945533	0.9219295643849088	88.27039138240272	14453397	8.925986089617076	4.859812404361672	0.0392363404172844	-0.1069188081154166	Babesia_ovata	Protists
Trichoplusia_ni	Trichoplusia_ni	Trichoplusia ni	992	430483.0	0.7015256582947001	0.0295969875697762	5.882341589929918	0.8525474861040754	358.648065933973	368211209	12.972663113103897	6.899723107284872	-0.5964879315473377	0.8545735035005617	Trichoplusia_ni	Insecta
Chenopodium_quinoa	Chenopodium_quinoa	Chenopodium quinoa	2108	1386790.0	0.5683232569370027	0.0081923002040683	7.051240590678876	0.921309894879249	1154.2898561231327	1333551035	14.142502281921896	7.653494909661253	-0.1795601875691082	0.2750133429665525	Chenopodium_quinoa	Viridiplantae
Vigna_unguiculata	Vigna_unguiculata	Vigna unguiculata	1978	669922.0	0.5886135382122222	0.0178961132788593	6.902702775026	0.9094659966148552	994.9602384725536	519066764	13.41491656667961	7.589841512182657	-0.2637638256385433	0.3582367672199993	Vigna_unguiculata	Viridiplantae
Fusarium_venenatum	Fusarium_venenatum	Fusarium venenatum	40	2558.0	0.5689014855355746	0.2189210320562939	3.0026744256940665	0.8139800888167826	20.139326094724552	38660186	7.846980982138788	3.688879454113936	-0.2709141640114834	0.2773706471667956	Fusarium_venenatum	Fungi
Cladophialophora_carrionii_CBS_160.54	Cladophialophora_carrionii	Cladophialophora carrionii	15	374.0	0.2053475935828877	0.1283422459893048	2.640504293843436	0.9750573651731856	14.02027216220426	28991111	5.924255797414532	2.70805020110221	0.3185457207354587	-1.3532006726899777	Cladophialophora_carrionii	Fungi
Neophocaena_asiaeorientalis_asiaeorientalis	Neophocaena_asiaeorientalis	Neophocaena asiaeorientalis	822	2782627.0	0.7365443957758004	0.0542688617626437	5.48331491421896	0.8169736300077892	240.64309788874945	2284628084	14.83890600349816	6.71174039505618	-0.8044187154842968	1.0280846446142426	Neophocaena_asiaeorientalis	Mammalia
Acropora_millepora	Acropora_millepora_-species_in_domain_Eukaryota	Acropora millepora	3819	672020.0	0.5532679106803787	0.0066471235975119	7.637890837506196	0.9260581974830852	2075.361921605423	386599652	13.418043380967172	8.247743887225516	-0.1879337852653178	0.213883289804781	Acropora_millepora	OtherInvertebrates
Propithecus_coquereli	Propithecus_coquereli	Propithecus coquereli	913	2562861.0	0.7136509033880478	0.0443746266379643	5.6971325820381	0.8357566849928842	298.0116506964869	2798152141	14.7566347705552	6.816735880594968	-0.6977261846888512	0.913182227948629	Propithecus_coquereli	Mammalia
Bombus_bifarius	Bombus_bifarius	Bombus bifarius	949	203534.0	0.5592484590748285	0.0191368518281957	6.250914033659813	0.9118222147346356	518.4865222811053	266784621	12.223588346076196	6.855408798609928	-0.1815427953666484	0.2381125276089649	Bombus_bifarius	Insecta
Plasmodium_coatneyi	Plasmodium_coatneyi	Plasmodium coatneyi	362	24830.0	0.6463289595770577	0.050060410793395	4.972710335155181	0.8440276018660298	144.41777799005828	27685530	10.119807878502211	5.891644211825772	-0.4980544823014883	0.602941382764829	Plasmodium_coatneyi	Protists
Hippocampus_comes	Hippocampus_comes	Hippocampus comes	2144	843895.0	0.5933628647609747	0.0206933327013431	6.93919725677118	0.9046687856742232	1031.941498331246	493775940	13.64578335825589	7.670428522190693	-0.3095010829810034	0.3778848972908242	Hippocampus_comes	Fish
Mesocricetus_auratus	Mesocricetus_auratus	Mesocricetus auratus	914	3404316.0	0.7425028610161523	0.0317076910604068	5.658302205826319	0.8299270781995218	286.6615368833357	2504925039	15.040554596329178	6.81783057145415	-0.7370828130462614	1.059018114590111	Mesocricetus_auratus	Mammalia
Ceratitis_capitata	Ceratitis_capitata	Ceratitis capitata	1716	779376.0	0.6798593737221562	0.0150992588942949	6.474375489163327	0.8693060825631761	648.3142219016672	436490799	13.566248878495005	7.447751280047908	-0.5521508763076071	0.7531256170545858	Ceratitis_capitata	Insecta
Falco_peregrinus	Falco_peregrinus	Falco peregrinus	262	196065.0	0.6414938533976601	0.0507229745237548	4.72814417098785	0.8491112875279646	113.08550013716822	1171973431	12.18620151588776	5.568344503761097	-0.4240941692821112	0.5818537971735508	Falco_peregrinus	Aves
Erinaceus_europaeus	Erinaceus_europaeus	Erinaceus europaeus	780	6953294.0	0.8330544273378994	0.0613067705752122	5.02409772953587	0.7544490136838035	152.03301930672862	2715720925	15.754726062093445	6.659293919683638	-1.2150731805403483	1.607431131880562	Erinaceus_europaeus	Mammalia
Echinococcus_granulosus	Echinococcus_granulosus	Echinococcus granulosus	155	38405.0	0.6901527438883546	0.1214685587814086	4.06890466422057	0.8067740810844123	58.49285816997336	110837706	10.555942938432782	5.043425116919247	-0.5584734528876529	0.8008334872159601	Echinococcus_granulosus	OtherInvertebrates
Alligator_sinensis	Alligator_sinensis	Alligator sinensis	2211	3655445.0	0.6216619583227397	0.0112664805516154	6.963961277857487	0.9042696091925406	1057.815570111437	2270567745	15.111728394780952	7.701200180857446	-0.3138170638804709	0.4966083835056662	Alligator_sinensis	Herptiles
Plutella_xylostella	Plutella_xylostella	Plutella xylostella	2156	634267.0	0.6405377511240657	0.0122818939027255	6.875777417331855	0.8957488953527815	968.5280234539528	393470562	13.360225280413324	7.676009932028887	-0.3769198032147844	0.5776988981179958	Plutella_xylostella	Insecta
Aphanomyces_invadans	Aphanomyces_invadans	Aphanomyces invadans	736	18630.0	0.3863984573735676	0.0094471282877079	6.336992447932669	0.959971449859547	565.0942028365978	71402472	9.832528463595636	6.601230118728877	0.1581338852450642	-0.4624766540826471	Aphanomyces_invadans	Protists
Cyanidioschyzon_merolae_strain_10D	Cyanidioschyzon_merolae	Cyanidioschyzon merolae	36	6793.0	0.5472749726025157	0.182393640512292	3.0423692432076592	0.8489893022634354	20.954831560837707	16546747	8.823647949191303	3.58351893845611	-0.1308655295391743	0.189666430613912	Cyanidioschyzon_merolae	Viridiplantae
Gloeophyllum_trabeum_ATCC_11539	Gloeophyllum_trabeum	Gloeophyllum trabeum	234	6581.0	0.4237314880834102	0.0718735754444613	5.071881803198698	0.9297127879274506	159.4741441112433	37178225	8.791941988456118	5.455321115357702	0.0359126297702196	-0.3074737467943448	Gloeophyllum_trabeum	Fungi
Dipodomys_ordii	Dipodomys_ordii	Dipodomys ordii	605	4256149.0	0.8150487632158547	0.1090934551398459	4.823508097602642	0.7530579321577442	124.40073611399472	2236368823	15.2638753187893	6.405228458030842	-1.1603121132644605	1.4831557382345428	Dipodomys_ordii	Mammalia
Cariama_cristata	Cariama_cristata	Cariama cristata	290	213011.0	0.623968569536396	0.0591143180399134	4.886077016090727	0.8617600761749745	132.43302104772823	1132245425	12.269099086550586	5.66988092298052	-0.3648540480121598	0.5064272662133238	Cariama_cristata	Aves
Manis_javanica	Manis_javanica	Manis javanica	881	2208810.0	0.6801049256053926	0.0462434523566988	5.798062606982628	0.8550380968311206	329.6602593368391	2547395906	14.607964466932998	6.78105762593618	-0.5614069788387832	0.7542540391192237	Manis_javanica	Mammalia
Kwoniella_bestiolae_CBS_10118	Cryptococcus_bestiolae	Kwoniella bestiolae	6	111.0	0.1426426426426426	0.2252252252252252	1.7518440855565292	0.9777228002100512	5.765224446400723	24360772	4.709530201312334	1.791759469228055	0.3035397365315702	-1.7935123180554695	Cryptococcus_bestiolae	Fungi
Trachymyrmex_cornetzi	Trachymyrmex_cornetzi	Trachymyrmex cornetzi	2958	639021.0	0.5643875225382137	0.0083455786273064	7.375767681405976	0.9228628328974096	1596.8172069680356	369438293	13.367692596669432	7.992268643270745	-0.1946738059492823	0.258988077294784	Trachymyrmex_cornetzi	Insecta
Salpingoeca_rosetta	Salpingoeca_rosetta	Salpingoeca rosetta	216	81660.0	0.5583470532741902	0.0473793779084006	4.81967028642301	0.8966364011086584	123.92422454376766	55440309	11.310319564873566	5.375278407684165	-0.1336443660742157	0.2344563430648636	Salpingoeca_rosetta	OtherInvertebrates
Oryza_brachyantha	Oryza_brachyantha	Oryza brachyantha	1343	342698.0	0.6124869610844665	0.0470881067295402	6.370702164849845	0.8844928271685216	584.4680777833395	259907595	12.7446048718375	7.202661196523238	-0.4097197847645413	0.4577781571253551	Oryza_brachyantha	Viridiplantae
Cebus_capucinus_imitator	Cebus_capucinus	Cebus capucinus	878	3959535.0	0.7819811182529017	0.0408108527895321	5.315519635343277	0.7842721749958278	203.4702159785276	2717703182	15.191637152093472	6.777646593635117	-1.0410630037379027	1.2772489222400032	Cebus_capucinus	Mammalia
Daldinia_childiae	Daldinia_childiae	Daldinia childiae	99	3336.0	0.4783385412881816	0.0614508393285371	4.178056475581633	0.90923775915426	65.2389364550213	38652569	8.112527763478637	4.59511985013459	-0.0072474713014969	-0.0867001037794566	Daldinia_childiae	Fungi
Penicillium_expansum	Penicillium_expansum	Penicillium expansum	95	3656.0	0.4062305654727629	0.0486870897155361	4.265118407823947	0.9365906258227582	71.17334695561087	32356048	8.204124932574041	4.553876891600541	0.1289139015987528	-0.3795701929851651	Penicillium_expansum	Fungi
Trachypithecus_francoisi	Trachypithecus_francoisi	Trachypithecus francoisi	953	4195133.0	0.7962809961341628	0.0385789914169586	5.3320203183751484	0.7773060723182457	206.8554661802224	2875571204	15.249435601790882	6.859614903654202	-1.1053483328747786	1.363210521487269	Trachypithecus_francoisi	Mammalia
Blastocystis_hominis	Blastocystis_hominis_-species_in_subkingdom_SAR	Blastocystis hominis	59	3228.0	0.6215634385566967	0.2208798017348203	3.253358109234937	0.7978732639469444	25.87709227626545	18817245	8.07961802938984	4.07753744390572	-0.4096809017883855	0.4961895253822631	Blastocystis_hominis	Protists
Leishmania_major_strain_Friedlin	Leishmania_major	Leishmania major	143	5587.0	0.5167966095118413	0.0562018972614999	4.483308744441686	0.90337479378372	88.52710217888973	32855089	8.628197749459149	4.962844630259907	-0.0638191730529849	0.0672117285700416	Leishmania_major	Protists
Eremothecium_gossypii_ATCC_10895	Eremothecium_gossypii	Eremothecium gossypii	2	40.0	0.1	0.6	0.6730116670092565	0.9709505944546688	1.9601317042077893	9119312	3.688879454113936	0.6931471805599453	0.1700600300702549	-2.197224577336219	Eremothecium_gossypii	Fungi
Paralichthys_olivaceus	Paralichthys_olivaceus	Paralichthys olivaceus	1390	517453.0	0.6352979460116261	0.0233567106577795	6.363073652660036	0.8792347319111616	580.0264190910299	643911827	13.156673978741123	7.237059026124737	-0.4509815719666203	0.5550133653741302	Paralichthys_olivaceus	Fish
Anthracocystis_flocculosa_PF-1	Pseudozyma_flocculosa	Anthracocystis flocculosa	28	983.0	0.4024487719808167	0.2390640895218718	2.968851168887479	0.8909570705584874	19.469539530275817	23305380	6.890609120147166	3.332204510175204	0.0314379864250731	-0.3952722032243362	Pseudozyma_flocculosa	Fungi
Drosophila_erecta	Drosophila_erecta	Drosophila erecta	531	53895.0	0.5980148677880143	0.0342703404768531	5.545906720198403	0.8838433555605545	256.1867626764883	146538397	10.894792988215729	6.274762021241939	-0.3076293727570087	0.3972005127755507	Drosophila_erecta	Insecta
Aureococcus_anophagefferens	Aureococcus_anophagefferens	Aureococcus anophagefferens	197	14934.0	0.6392730382549546	0.1705504218561671	4.097734806951864	0.7756155199282274	60.20375988656272	56660572	9.611395771595648	5.2832037287379885	-0.764905980427816	0.5722103195209399	Aureococcus_anophagefferens	Protists
Chlorella_variabilis	Chlorella_variabilis	Chlorella variabilis	84	4330.0	0.5953975585615309	0.1367205542725173	3.671988910781179	0.8287386000115757	39.33005208622683	46159512	8.373322820996535	4.430816798843313	-0.3466017302728614	0.3863243891536975	Chlorella_variabilis	Viridiplantae
Cavia_porcellus	Cavia_porcellus	Cavia porcellus	926	3872196.0	0.7464298848133875	0.0260746098596248	5.656542601958982	0.828084723514453	286.15756965579266	2723219641	15.169332345932174	6.83087423464618	-0.7539707785745762	1.07966131403972	Cavia_porcellus	Mammalia
Dinoponera_quadriceps	Dinoponera_quadriceps	Dinoponera quadriceps	1698	355912.0	0.5543831542535852	0.0080525523163029	6.869564338751446	0.923675369470937	962.5291378084364	259665865	12.782438788266198	7.437206366871292	-0.1442352892253326	0.218396569332689	Dinoponera_quadriceps	Insecta
Vigna_radiata_var._radiata	Vigna_radiata	Vigna radiata	1982	576275.0	0.5623059323421006	0.0079250357902043	7.003157703058038	0.9224559095067196	1100.101473378831	463637892	13.264340256299878	7.591861714889934	-0.1658257614681977	0.2505258747178465	Vigna_radiata	Viridiplantae
Priapulus_caudatus	Priapulus_caudatus	Priapulus caudatus	2676	873741.0	0.6363181637173989	0.032684742961587	6.989663981402888	0.8856556674075071	1085.3567148653638	511738253	13.680539272047923	7.892078421248119	-0.4818038763990078	0.5594192864076513	Priapulus_caudatus	Nematoda
Sugiyamaella_lignohabitans	Sugiyamaella_lignohabitans	Sugiyamaella lignohabitans	51	10822.0	0.774087642819094	0.3369987063389392	2.604617724133838	0.66244487101762	13.526053630440542	15938258	9.28933637820268	3.9318256327243257	-0.912687917910477	1.2315379768217851	Sugiyamaella_lignohabitans	Fungi
Toxoplasma_gondii_ME49	Toxoplasma_gondii	Toxoplasma gondii	100	15315.0	0.7692007835455436	0.2223963434541299	3.175195821276912	0.6894850120714133	23.931505707572743	65668120	9.636588019266876	4.605170185988092	-1.0117294415104898	1.203803892647244	Toxoplasma_gondii	Protists
Odontomachus_brunneus	Odontomachus_brunneus	Odontomachus brunneus	2944	745918.0	0.6003782128342118	0.0071053386565279	7.289148158621312	0.9125666127234608	1464.3227950235298	393036571	13.522370953573253	7.987524479848767	-0.2753700143350714	0.4070412436247324	Odontomachus_brunneus	Insecta
Trachemys_scripta_elegans	Trachemys_scripta	Trachemys scripta	2308	3786681.0	0.6447627069565867	0.0093424822423647	6.9225499254926905	0.8939085476353547	1014.9046290079395	2126199303	15.147000467793273	7.744136627627991	-0.3982470074576767	0.5960963556309766	Trachemys_scripta	Herptiles
Carlito_syrichta	Carlito_syrichta	Carlito syrichta	1147	5388484.0	0.7772742909154489	0.0438177045714527	5.497207489417069	0.7803096561301948	244.00958063431	3453864774	15.499774641728171	7.044905117129371	-1.1257380682515166	1.2498522905554486	Carlito_syrichta	Mammalia
Oncorhynchus_mykiss	Oncorhynchus_mykiss_-species_in_domain_Eukaryota	Oncorhynchus mykiss	1810	3505417.0	0.679189697589387	0.0141609400536369	6.527735126131237	0.8702391225686422	683.8476275942095	2178999613	15.069820044269976	7.501082124259871	-0.5500393263732919	0.7500504762100266	Oncorhynchus_mykiss	Fish
Aspergillus_lentulus	Aspergillus_lentulus	Aspergillus lentulus	20	606.0	0.2811881188118812	0.132013201320132	2.8634407480596	0.9558400039074766	17.52171113145511	30229310	6.406879986069314	2.995732273553991	0.2694451612872428	-0.93857577666359	Aspergillus_lentulus	Fungi
Capronia_coronata_CBS_617.96	Capronia_coronata	Capronia coronata	6	200.0	0.225	0.295	1.708809930277288	0.9537049808440504	5.522385541658694	25807613	5.298317366548036	1.791759469228055	0.2605055812523289	-1.2367626271489267	Capronia_coronata	Fungi
Chlamydomonas_reinhardtii	Chlamydomonas_reinhardtii	Chlamydomonas reinhardtii	343	54905.0	0.600874609018546	0.051470722156452	5.119771231773974	0.8770139831069941	167.29709298385063	120404952	10.913359698031812	5.83773044716594	-0.2945678902143056	0.4091106448961059	Chlamydomonas_reinhardtii	Viridiplantae
Bicyclus_anynana	Bicyclus_anynana	Bicyclus anynana	2252	1539830.0	0.7156694652078557	0.02092438775709	6.617268380736782	0.8572064196733573	747.8993280414396	475399557	14.24718257868604	7.719573989259581	-0.6801305970580964	0.9230810032915372	Bicyclus_anynana	Insecta
Aspergillus_novofumigatus_IBT_16806	Aspergillus_novofumigatus	Aspergillus novofumigatus	62	2086.0	0.3978906999041227	0.0690316395014381	3.868188446609996	0.9372576915902228	47.85561450818798	32440129	7.643003635560718	4.127134385045092	0.1643675622269724	-0.4142616462375005	Aspergillus_novofumigatus	Fungi
Apis_mellifera	Apis_mellifera_-species_in_domain_Eukaryota	Apis mellifera	195	44261.0	0.5088269524771185	0.0493662592349924	4.82198414822209	0.9144670115495888	124.21130007138603	225250884	10.697859207113927	5.272999558563747	-0.0300131680390194	0.0353114786094488	Apis_mellifera	Insecta
Didymella_exigua_CBS_183.55	Didymella_exigua	Didymella exigua	130	8147.0	0.534451567825816	0.0472566588928439	4.374380444814137	0.8986850507867925	79.39063743099115	34389227	9.005405040310642	4.867534450455582	-0.0744635029974771	0.1380249796032457	Didymella_exigua	Fungi
Cercospora_beticola	Cercospora_beticola	Cercospora beticola	60	1376.0	0.3346656976744186	0.065406976744186	3.9094571974304713	0.954843232663524	49.87187404370965	37057033	7.226936018493289	4.0943445622221	0.2321810675303903	-0.6871575084192036	Cercospora_beticola	Fungi
Octopus_sinensis	Octopus_vulgaris	Octopus sinensis	2918	10875124.0	0.7441000103300186	0.0117843254017149	6.762029335694344	0.8475150777688586	864.3945638587525	37057033	16.201988537172866	7.978653729082731	-0.7933034706524786	1.0673887454874444	Octopus_vulgaris	OtherInvertebrates
Wickerhamomyces_ciferrii	Wickerhamomyces_ciferrii	Wickerhamomyces ciferrii	7	144.0	0.2321428571428571	0.2430555555555555	1.858050669668344	0.9548491591815672	6.411226983314038	15901152	4.969813299576001	1.9459101490553128	0.2706369062822169	-1.196250758232026	Wickerhamomyces_ciferrii	Fungi
Salmo_trutta	Salmo_trutta	Salmo trutta	2645	4889920.0	0.6504289949996592	0.0120081719128329	7.020246925531089	0.8908460810138379	1119.062908836508	2371880186	15.40268650139903	7.8804263442924	-0.4382817925063023	0.6209254347978912	Salmo_trutta	Fish
Drosophila_novamexicana	Drosophila_novamexicana	Drosophila novamexicana	555	144864.0	0.6837346043856978	0.0252788822619836	5.410721091932361	0.8562665603837673	223.7929047694792	177223868	11.883550650235684	6.318968113746434	-0.4881229643461875	0.7709881164037907	Drosophila_novamexicana	Insecta
Exophiala_aquamarina_CBS_119918	Exophiala_aquamarina	Exophiala aquamarina	80	3762.0	0.5067916002126528	0.0733652312599681	3.913547417024045	0.8930907416347318	50.07627870509464	41566958	8.232706009860976	4.382026634673881	-0.0521038634990724	0.0271680717994337	Exophiala_aquamarina	Fungi
Herrania_umbratica	Herrania_umbratica	Herrania umbratica	983	209581.0	0.5854528341664389	0.0773018546528549	6.031420811894677	0.875310252944062	416.3061020426276	234039246	12.252865578465206	6.890609120147166	-0.4411530860612291	0.3451988654793061	Herrania_umbratica	Viridiplantae
Pomacea_canaliculata	Pomacea_canaliculata	Pomacea canaliculata	1647	435109.0	0.5541923130643409	0.0105835549253175	6.812407387288598	0.9197615021648364	909.0566262017	440159624	12.983351853394865	7.40671073017764	-0.1723622239933346	0.2176240981877485	Pomacea_canaliculata	OtherInvertebrates
Pogona_vitticeps	Pogona_vitticeps	Pogona vitticeps	2100	3334580.0	0.6542385113681769	0.0147145967408189	6.795503037248546	0.8883367439084724	893.8187706667284	1716675060	15.019857292369643	7.649692623711514	-0.4314008261227284	0.6377227831134713	Pogona_vitticeps	Herptiles
Bombus_vancouverensis_nearcticus	Bombus_vancouverensis	Bombus vancouverensis	1023	217055.0	0.5585008489071009	0.0196355762364377	6.321884562884144	0.9121837294997344	556.6209918926633	282133710	12.287906056629192	6.930494765951626	-0.1831618293717936	0.2350800412222287	Bombus_vancouverensis	Insecta
Loxodonta_africana	Loxodonta_africana	Loxodonta africana	724	5922659.0	0.7890736665343102	0.0384754550278852	5.191174050112217	0.7883581636488894	179.67938174411967	3196738102	15.5942960614255	6.584791392385716	-0.9714082005879456	1.3193507414296233	Loxodonta_africana	Mammalia
Saccharomyces_arboricola_H-6	Saccharomyces_arboricola	Saccharomyces arboricola	14	481.0	0.4411939411939412	0.264033264033264	2.282336352407752	0.8648301523409831	9.799548884349258	11619520	6.175867270105761	2.6390573296152584	0.0391431895788616	-0.2363179151308297	Saccharomyces_arboricola	Fungi
Trypanosoma_grayi	Trypanosoma_grayi	Trypanosoma grayi	53	3189.0	0.4870397652307164	0.1360928190655377	3.5144332437352417	0.8851825810941355	33.59688128408728	20934132	8.067462667010057	3.970291913552122	-0.0424302281511015	-0.0518525538964074	Trypanosoma_grayi	Protists
Entamoeba_nuttalli_P19	Entamoeba_nuttalli	Entamoeba nuttalli	40	2397.0	0.341624947851481	0.0596579057154776	3.5032509248806227	0.9496788844573668	33.223282985714434	14399953	7.781973234434385	3.688879454113936	0.2296623351750728	-0.6560612654116842	Entamoeba_nuttalli	Protists
Postia_placenta_MAD-698-R-SB12	Rhodonia_placenta	Postia placenta	210	8520.0	0.5427777777777778	0.1218309859154929	4.585710143085551	0.8576057460490693	98.07280814533084	42452888	9.05017161982336	5.3471075307174685	-0.3424230874193563	0.171530451365713	Rhodonia_placenta	Fungi
Plasmodium_chabaudi_chabaudi	Plasmodium_chabaudi	Plasmodium chabaudi	28	2450.0	0.4686588921282799	0.1563265306122448	2.9626076385130866	0.8890833769255404	19.348359557911785	18867781	7.803843303538772	3.332204510175204	0.0251944560506807	-0.1255290077710387	Plasmodium_chabaudi	Protists
Pichia_kudriavzevii	Pichia_kudriavzevii	Pichia kudriavzevii	9	272.0	0.3022875816993464	0.2463235294117647	2.046437524218601	0.9313738546924396	7.740277380385469	10863895	5.605802066295998	2.19722457733622	0.239561574811425	-0.8364281881502997	Pichia_kudriavzevii	Fungi
Rhincodon_typus	Rhincodon_typus	Rhincodon typus	1584	6406427.0	0.7423513481583858	0.0179152903794892	6.2086795788152696	0.8426879969296092	497.0445096941168	2931599576	15.672812263189568	7.367708572374371	-0.7374968526311854	1.058225803890702	Rhincodon_typus	Fish
Brassica_napus	Brassica_napus	Brassica napus	1667	966930.0	0.5705888836814872	0.0124321305575377	6.794499061906949	0.9158511579314405	892.92184898009	976190593	13.781881382983796	7.418780882750794	-0.2022181042156337	0.2842541836476734	Brassica_napus	Viridiplantae
Myzus_persicae	Myzus_persicae	Myzus persicae	1435	312098.0	0.5521744833878343	0.0270716249383206	6.547674594615293	0.9007767975354471	697.6200367692636	347313470	12.65107252003584	7.268920128193722	-0.2972013267212761	0.2094604047208186	Myzus_persicae	Insecta
Tauraco_erythrolophus	Tauraco_erythrolophus	Tauraco erythrolophus	346	308708.0	0.7122427681253085	0.1440973346981613	4.56720952062128	0.7811951337121776	96.27508095963658	1155540733	12.640151125282417	5.846438775057725	-0.8604592477446609	0.9063016399856616	Tauraco_erythrolophus	Aves
Bos_indicus_x_Bos_taurus	Bos_indicus	Bos indicus	811	4818937.0	0.7903900470519039	0.0286067238480187	5.294603647116418	0.7904436795215168	199.25863357917683	2680953056	15.3880639222853	6.698268054115413	-0.9841197049848552	1.3272781173028634	Bos_indicus	Mammalia
Meleagris_gallopavo	Meleagris_gallopavo	Meleagris gallopavo	561	483977.0	0.7365647379046169	0.0474320060664039	5.0658377446332	0.8003256099669804	158.5131800315254	1115474681	13.089792663908469	6.329720905522696	-0.8395917577173639	1.0281894782865326	Meleagris_gallopavo	Aves
Aspergillus_pseudonomius	Aspergillus_pseudonomius	Aspergillus pseudonomius	29	907.0	0.3160856176101585	0.1179713340683572	3.195742507267754	0.949053088478	24.428305154206893	37780514	6.810142450115136	3.367295829986474	0.2305727807319511	-0.7718196191501034	Aspergillus_pseudonomius	Fungi
Plasmodium_reichenowi	Plasmodium_reichenowi	Plasmodium reichenowi	2	44.0	0.0227272727272727	0.5227272727272727	0.6921137666782082	0.9985090989176322	1.997934239812996	20501737	3.784189633918261	0.6931471805599453	0.1891621297392066	-3.761200115693564	Plasmodium_reichenowi	Protists
Gadus_morhua	Gadus_morhua_-species_in_domain_Eukaryota	Gadus morhua	2511	927112.0	0.5979873354760818	0.0127525045517693	7.103913356865204	0.9074498445088788	1216.7192265326694	669966409	13.739829657098838	7.828436359157585	-0.3023149999198997	0.3970859836791013	Gadus_morhua	Fish
Bombus_terrestris	Bombus_terrestris_-species_in_domain_Eukaryota	Bombus terrestris	771	159408.0	0.5392656623280456	0.0250301114122252	6.054709842616552	0.9107992887715756	426.1152470301472	248654244	11.979222232284638	6.647688373563329	-0.1711919454014729	0.1573867266419846	Bombus_terrestris	Insecta
Neopelma_chrysocephalum	Neopelma_chrysocephalum	Neopelma chrysocephalum	491	333592.0	0.6742046054135717	0.063949375284779	5.122563702851108	0.826694084091478	167.76491816743956	1142796179	12.717673968363837	6.19644412779452	-0.6517962023255368	0.7272640733471435	Neopelma_chrysocephalum	Aves
Exophiala_mesophila	Exophiala_mesophila	Exophiala mesophila	12	338.0	0.2938856015779093	0.1982248520710059	2.3427160310829707	0.9427782855677252	10.409470648887204	29273723	5.823045895483019	2.4849066497880004	0.2299371267520111	-0.8765866804552412	Exophiala_mesophila	Fungi
Kazachstania_naganishii_CBS_8797	Kazachstania_naganishii	Kazachstania naganishii	36	955.0	0.3486620127981384	0.1633507853403141	3.3249615565618225	0.9278481887957646	27.79792997412572	10845821	6.86171134048073	3.58351893845611	0.1517267838149889	-0.6249256807977317	Kazachstania_naganishii	Fungi
Fusarium_proliferatum_ET1	Fusarium_proliferatum	Fusarium proliferatum	34	2586.0	0.4377189390837541	0.0723124516627996	3.21142924655349	0.9106922630671884	24.814526968920628	45210324	7.857867559331803	3.5263605246161616	0.0979397211460972	-0.2504248204583869	Fusarium_proliferatum	Fungi
Capsaspora_owczarzaki_ATCC_30864	Capsaspora_owczarzaki	Capsaspora owczarzaki	98	4860.0	0.5332535483329134	0.0917695473251028	4.027032700938925	0.8783121624466957	56.09421573803373	27967784	8.48879371689454	4.584967478670572	-0.1342968503194468	0.1332108313133023	Capsaspora_owczarzaki	OtherInvertebrates
Eumetopias_jubatus	Eumetopias_jubatus	Eumetopias jubatus	754	3338943.0	0.7872535978962277	0.0458177932357635	5.179430059206984	0.7817544639645656	177.58157116425633	2418263165	15.021164847800746	6.625392368007956	-1.0235565893460343	1.3084495742488045	Eumetopias_jubatus	Mammalia
Taeniopygia_guttata	Taeniopygia_guttata	Taeniopygia guttata	409	257746.0	0.6559549528651214	0.0379598519472659	5.142359361158497	0.8551052432191214	171.11902400007276	1068988106	12.45972988284511	6.013715156042802	-0.4471892354440792	0.6453195173997599	Taeniopygia_guttata	Aves
Nicotiana_tomentosiformis	Nicotiana_tomentosiformis	Nicotiana tomentosiformis	2215	2511025.0	0.6456245238857811	0.0150205593333399	6.873766677184859	0.8923484125323521	966.58252187825	1688466321	14.736201594282912	7.703007682479236	-0.4065638430849017	0.5998610844133303	Nicotiana_tomentosiformis	Viridiplantae
Candida_haemuloni	[Candida]_haemulonis	Candida haemuloni	8	139.0	0.1789568345323741	0.1798561151079136	2.024407940131786	0.9735344319881232	7.571626760972971	13314323	4.934473933130692	2.079441541679836	0.3184868352384806	-1.5234310558704762	[Candida]_haemulonis	
Aspergillus_steynii_IBT_23096	Aspergillus_steynii	Aspergillus steynii	43	2775.0	0.5429038340666248	0.1744144144144144	3.2129233242446493	0.8542282317919659	24.851629510219283	37847960	7.928406026180535	3.7612001156935615	-0.1415044456507526	0.172038405587813	Aspergillus_steynii	Fungi
Contarinia_nasturtii	Contarinia_nasturtii	Contarinia nasturtii	617	77903.0	0.4579314453533007	0.0377264033477529	6.009517722735723	0.9353525652236266	407.2868477138936	185885008	11.263219742028738	6.424869023905388	0.0075394429015611	-0.1686729877532442	Contarinia_nasturtii	Insecta
Cicer_arietinum	Cicer_arietinum	Cicer arietinum	2187	759682.0	0.5779857588162954	0.0110190843010628	7.052832326926003	0.917109234684269	1156.128644171375	530893862	13.540655203647368	7.690286020676768	-0.2122586120904595	0.3145101692952914	Cicer_arietinum	Viridiplantae
Pseudonaja_textilis	Pseudonaja_textilis	Pseudonaja textilis	1783	2820150.0	0.6996015078532724	0.0198627732567416	6.463175955821396	0.8633623467191552	641.093912674249	1590035073	14.85230063298904	7.48605261786314	-0.6006774503806103	0.845400998057378	Pseudonaja_textilis	Herptiles
Varroa_jacobsoni	Varroa_jacobsoni	Varroa jacobsoni	246	87871.0	0.5971910689848099	0.0481956504421253	4.828706066203678	0.8770963264768951	125.0490507340532	365585945	11.383625108873522	5.5053315359323625	-0.2593352493593812	0.3937747778085015	Varroa_jacobsoni	OtherArthropoda
Moesziomyces_antarcticus	Pseudozyma_antarctica	Moesziomyces antarcticus	7	247.0	0.2359745517640254	0.2145748987854251	1.845708613267187	0.9485065968555788	6.332585555018087	18111965	5.5093883366279774	1.9459101490553128	0.2582948498810598	-1.174877130118164	Pseudozyma_antarctica	Fungi
Sorghum_bicolor	Sorghum_bicolor	Sorghum bicolor	1580	594651.0	0.6190667043528499	0.0306314123746533	6.563108978830243	0.8910995884055747	708.4708952049225	709344700	13.29572995781546	7.365180126021013	-0.3801503745475472	0.4855887455961368	Sorghum_bicolor	Viridiplantae
Eimeria_necatrix	Eimeria_necatrix	Eimeria necatrix	330	90960.0	0.8049500279843288	0.1330364995602462	4.300692636268558	0.7416147477762001	73.75085853233344	55007932	11.418175128424418	5.799092654460526	-1.0776912198045547	1.4175244059735388	Eimeria_necatrix	Protists
Rhinocladiella_mackenziei_CBS_650.93	Rhinocladiella_mackenziei	Rhinocladiella mackenziei	146	5993.0	0.4557383157062235	0.0472217587185049	4.625679969750464	0.9281791924750316	102.07215546914804	32474431	8.698347400458186	4.983606621708336	0.0638708041567985	-0.1775113927761139	Rhinocladiella_mackenziei	Fungi
Pelecanus_crispus	Pelecanus_crispus	Pelecanus crispus	339	286563.0	0.6418540715953702	0.0481778875849289	5.010538461846752	0.8600306161167659	149.98547586578812	1160924693	12.565713686251463	5.82600010738045	-0.3956481684776713	0.5834204504540984	Pelecanus_crispus	Aves
Wallemia_ichthyophaga_EXF-994	Wallemia_ichthyophaga	Wallemia ichthyophaga	10	338.0	0.4349112426035503	0.3254437869822485	1.978714508480227	0.8593447922948676	7.233438482184824	9655632	5.823045895483019	2.302585092994046	0.0374628154291416	-0.2618408412678936	Wallemia_ichthyophaga	Fungi
Drosophila_subobscura	Drosophila_subobscura	Drosophila subobscura	304	53769.0	0.6389357715412226	0.0613364578102624	4.850411358477787	0.8484148777667682	127.79294774767594	126248017	10.892452371899706	5.717027701406222	-0.44442809657314	0.5707480746299871	Drosophila_subobscura	Insecta
Aphis_gossypii	Aphis_gossypii	Aphis gossypii	496	134898.0	0.6183642814475357	0.0364201100090438	5.330780197627929	0.8588922878835807	206.5990994206608	294278726	11.812274216289058	6.206575926724928	-0.453442690317682	0.482611198709053	Aphis_gossypii	Insecta
Panthera_pardus	Panthera_pardus	Panthera pardus	717	3375694.0	0.7909516053775784	0.0808364146750268	5.010273128383306	0.7620099372004187	149.9456849791704	2578019207	15.032111490779522	6.57507584059962	-1.1416763248377002	1.330671005947457	Panthera_pardus	Mammalia
Glycine_max	Glycine_max	Glycine max	1667	1098535.0	0.6135641417552534	0.09745888842868	6.463855262891348	0.8712826763653693	641.5295602541199	979046046	13.909488031928726	7.418780882750794	-0.5328619032312343	0.4623189103511771	Glycine_max	Viridiplantae
Geotrypetes_seraphini	Geotrypetes_seraphini	Geotrypetes seraphini	3880	11017596.0	0.6623945609322083	0.0101216272587958	7.387824662747846	0.8940211549676123	1616.186535410651	3779430019	16.2150041890708	8.263590432617319	-0.4545305076927421	0.673983518309454	Geotrypetes_seraphini	Herptiles
Chinchilla_lanigera	Chinchilla_lanigera	Chinchilla lanigera	869	3976822.0	0.7894475007236104	0.0553972493614247	5.275239995930833	0.7795141901754769	195.4373750593425	2390868971	15.195993565833398	6.767343125265392	-1.068262719706346	1.321598309852881	Chinchilla_lanigera	Mammalia
Saprolegnia_parasitica_CBS_223.65	Saprolegnia_parasitica	Saprolegnia parasitica	202	8697.0	0.4786190071232028	0.0417385305277681	4.86767899267647	0.9169995317040176	130.01879184679026	53131624	9.070733417589766	5.308267697401205	-0.024353316378602	-0.085576158128807	Saprolegnia_parasitica	Protists
Polistes_canadensis	Polistes_canadensis	Polistes canadensis	468	101076.0	0.52896436903026	0.0247833313546242	5.659535681504451	0.9204789565658444	287.0153450789806	211202212	11.523627988103364	6.148468295917647	-0.0683922180133063	0.1159873334870938	Polistes_canadensis	Insecta
Phoca_vitulina	Phoca_vitulina	Phoca vitulina	715	3332186.0	0.7749519032003263	0.0401673255934692	5.23638155322262	0.7967371334398239	187.9886433368514	2363596144	15.019139103039794	6.572282542694008	-0.9143258669947052	1.236486824126493	Phoca_vitulina	Mammalia
Plasmodium_vinckei_vinckei	Plasmodium_vinckei	Plasmodium vinckei	18	944.0	0.3070856873822976	0.1366525423728813	2.7359232884192384	0.946564496745102	15.423977643715576	18221643	6.8501261661455	2.8903717578961645	0.2345203316671935	-0.8137795238915327	Plasmodium_vinckei	Protists
Crassostrea_virginica	Crassostrea_virginica	Crassostrea virginica	1326	815720.0	0.690888381538071	0.0544807041631932	5.97193507554468	0.8305980139594771	392.2639972718832	684741128	13.611826437806284	7.189922170745808	-0.7961524979975065	0.804275842469523	Crassostrea_virginica	OtherInvertebrates
Hyaloscypha_bicolor_E	Meliniomyces_bicolor	Hyaloscypha bicolor	312	31771.0	0.5554736055861296	0.0601177174152529	5.084525995906681	0.8853427082714261	161.5033678340161	82384847	10.366309203003638	5.7430031878094825	-0.2364555635433101	0.2228116600546457	Meliniomyces_bicolor	Fungi
Sinocyclocheilus_anshuiensis	Sinocyclocheilus_anshuiensis	Sinocyclocheilus anshuiensis	3810	3838137.0	0.5813995024134758	0.011676498259442	7.545601081283674	0.9151302902196184	1892.399881775494	1632718266	15.160497650587535	8.245384468120747	-0.2786267997142673	0.328521133579115	Sinocyclocheilus_anshuiensis	Fish
Selaginella_moellendorffii	Selaginella_moellendorffii	Selaginella moellendorffii	591	149102.0	0.6819137495922856	0.0529838633955278	5.298559314160089	0.8302588635755906	200.0483953767473	212501708	11.912385914479096	6.3818160174060985	-0.6588537680601476	0.7625806092705615	Selaginella_moellendorffii	Viridiplantae
Tupaia_chinensis	Tupaia_chinensis	Tupaia chinensis	819	7700882.0	0.8674908604153072	0.0772442689032243	4.639728164004424	0.6916621953461564	103.51620432781772	2846580235	15.856845425718628	6.70808408385307	-1.6446990388244158	1.8789533551761148	Tupaia_chinensis	Mammalia
Rhopalosiphum_maidis	Rhopalosiphum_maidis	Rhopalosiphum maidis	873	231472.0	0.5867994117987526	0.0242750743070436	6.05343554131596	0.8939003467178506	425.5725936420457	326023155	12.352214194869372	6.771935555839602	-0.2963079771248393	0.3507498831091707	Rhopalosiphum_maidis	Insecta
Cephus_cinctus	Cephus_cinctus	Cephus cinctus	692	65585.0	0.4602780180685965	0.0145002668293054	6.155792420334857	0.9413122577044616	471.4402733434421	162226239	11.091102290249246	6.539585955617669	0.037093506571896	-0.1592234646828045	Cephus_cinctus	Insecta
Zootoca_vivipara	Zootoca_vivipara	Zootoca vivipara	2356	3433779.0	0.6935238749325264	0.0282708933801505	6.684538744434566	0.8608859399242292	799.9416155438803	1464300591	15.04917196193295	7.764720544771477	-0.6549551587786411	0.8166458089185082	Zootoca_vivipara	Herptiles
Hipposideros_armiger	Hipposideros_armiger	Hipposideros armiger	817	2275275.0	0.713239195116864	0.0502383228400962	5.593756888209083	0.8341869893500236	268.7433643131098	2236581172	14.637611482182775	6.705639094860003	-0.6875923069513297	0.9111684053779572	Hipposideros_armiger	Mammalia
Bipolaris_victoriae_FI3	Bipolaris_victoriae	Bipolaris victoriae	88	2858.0	0.3921687130224568	0.0570328901329601	4.213231806771994	0.941012923831822	67.57457526607058	32829575	7.957877358489813	4.477336814478207	0.1522287112474423	-0.4382052173728189	Bipolaris_victoriae	Fungi
Microplitis_demolitor	Microplitis_demolitor	Microplitis demolitor	1822	355932.0	0.5660543942871067	0.0115724351842486	6.868834299430565	0.9149064796538792	961.8267101214556	241190213	12.782494980353244	7.507690077819904	-0.2174065499294757	0.2657709827794765	Microplitis_demolitor	Insecta
Diachasma_alloeum	Diachasma_alloeum	Diachasma alloeum	3418	836458.0	0.614061057209915	0.0075700154699937	7.3805720716084835	0.9070595587464044	1604.507398460536	384371871	13.63693158894347	8.136810863675537	-0.3353246670091581	0.4644151872602346	Diachasma_alloeum	Insecta
Bombyx_mori	Bombyx_mori	Bombyx mori	1859	1061661.0	0.7582967653568199	0.0324519785505919	6.174185953892706	0.8201852978393666	480.1919663718876	481819406	13.875345220786423	7.527793987721444	-0.9318418559744632	1.143364149542384	Bombyx_mori	Insecta
Fonticula_alba	Fonticula_alba	Fonticula alba	15	1113.0	0.5316561844863732	0.3611859838274933	2.125113026012827	0.784739154816214	8.373843896829548	31296464	7.014814351275545	2.70805020110221	-0.1968455470951506	0.1267943359279706	Fonticula_alba	Fungi
Synchytrium_microbalum	Synchytrium_microbalum	Synchytrium microbalum	15	294.0	0.1959183673469387	0.1326530612244898	2.6447225532303755	0.9766150391724424	14.079538218779422	26244175	5.683579767338681	2.70805020110221	0.322763980122398	-1.412002717830098	Synchytrium_microbalum	Fungi
Vollenhovia_emeryi	Vollenhovia_emeryi	Vollenhovia emeryi	1751	368445.0	0.5667058569478861	0.0182035310561956	6.833708691627552	0.9150725042537696	928.6284304915636	287900827	12.817046725740738	7.467942332285852	-0.2108017480041955	0.2684235867234521	Vollenhovia_emeryi	Insecta
Kockovaella_imperatae	Kockovaella_imperatae	Kockovaella imperatae	7	169.0	0.1318681318681318	0.1952662721893491	1.9182561966492624	0.9857886796985588	6.809074423787411	17465713	5.1298987149230735	1.9459101490553128	0.3308424332631354	-1.8845412026790216	Kockovaella_imperatae	Fungi
Poecilia_reticulata	Poecilia_reticulata	Poecilia reticulata	1846	922871.0	0.6252619309382954	0.0176503541665086	6.741343605381788	0.896362720194694	846.6975993833054	731622281	13.735244742070616	7.520776415062797	-0.3545130484069041	0.5119433520284612	Poecilia_reticulata	Fish
Canis_lupus_dingo	Canis_lupus	Canis lupus	655	3293105.0	0.8030115395745153	0.0722740392425993	4.869000932381969	0.7508519377659318	130.1907825057876	2439831507	15.007341446668562	6.484635235635252	-1.1950477635400878	1.405223933920046	Canis_lupus	Mammalia
Bactrocera_oleae	Bactrocera_oleae	Bactrocera oleae	1706	743101.0	0.6723194128641428	0.0343223868626202	6.382726807982584	0.8576735830245555	591.5385224340549	471780370	13.518587249858555	7.441906728051625	-0.6374196753861678	0.718694230152115	Bactrocera_oleae	Insecta
Oryctolagus_cuniculus	Oryctolagus_cuniculus	Oryctolagus cuniculus	578	5014212.0	0.8616791210517896	0.102084036335121	4.326249279718118	0.6802734537025299	75.65997431443569	2737462810	15.42778683841802	6.359573868672378	-1.6129054835269905	1.82930675619202	Oryctolagus_cuniculus	Mammalia
Rasamsonia_emersonii_CBS_393.64	Rasamsonia_emersonii	Rasamsonia emersonii	38	945.0	0.3501810080757449	0.1015873015873015	3.433511179923084	0.943898241624426	30.985246750309265	28248805	6.851184927493743	3.6375861597263857	0.2137821905445154	-0.6182436634159761	Rasamsonia_emersonii	Fungi
Danio_rerio	Danio_rerio	Danio rerio	3204	4373157.0	0.6532055053482666	0.0170764507196974	7.174434531443691	0.8887879701925546	1305.6216042472568	1679203469	15.290995731877278	8.07215530818825	-0.4750379359657346	0.6331594192605863	Danio_rerio	Fish
Wallemia_mellicola_CBS_633.66	Wallemia_mellicola	Wallemia mellicola	15	377.0	0.2960212201591511	0.1644562334217506	2.568042934440112	0.9482996044146028	13.040278771338292	9815586	5.932245187448011	2.70805020110221	0.2460843613321341	-0.866317071950897	Wallemia_mellicola	Fungi
Ceratosolen_solmsi_marchali	Ceratosolen_solmsi	Ceratosolen solmsi	203	53983.0	0.5905929699269493	0.0432543578533982	4.6584777656952845	0.8767734177953741	105.47540161632756	277059195	10.89642446116701	5.313205979041787	-0.2340243257211787	0.3664172212373131	Ceratosolen_solmsi	Insecta
Podospora_anserina_S_mat+	Podospora_pauciseta	Podospora anserina	72	2411.0	0.3978812387667634	0.0647034425549564	4.003601398697873	0.9361500961919824	54.79513423599745	34718894	7.787796878181171	4.276666119016055	0.1431742709179979	-0.414301137950799	Podospora_pauciseta	Fungi
Baudoinia_panamericana_UAMH_10762	Baudoinia_panamericana	Baudoinia panamericana	6	183.0	0.4089253187613843	0.4644808743169399	1.4970804771724515	0.8355365231123573	4.468623758309901	21875620	5.209486152841421	1.791759469228055	0.0487761281474927	-0.3684098289618356	Baudoinia_panamericana	Fungi
Malus_domestica	Malus_domestica	Malus domestica	1719	879636.0	0.6521441780676687	0.01419109722658	6.556197250020785	0.8800857783012246	703.5910201212381	703358299	13.687263464519637	7.449498005382849	-0.4706906261656911	0.6284775803518213	Malus_domestica	Viridiplantae
Physcomitrium_patens	Physcomitrella_patens	Physcomitrium patens	486	290114.0	0.6988716596748076	0.0507421220623616	5.1159140797049485	0.826986994900164	166.653045548446	471852792	12.578029228166017	6.186208623900494	-0.6475685714665804	0.8419305660680495	Physcomitrella_patens	Viridiplantae
Pyricularia_grisea	Magnaporthe_grisea	Pyricularia grisea	110	5807.0	0.4199273603957606	0.0421904597899087	4.404535581013189	0.937039459427816	81.82113472951511	44557582	8.66681936537205	4.700480365792417	0.1215912180431164	-0.3230715915145442	Magnaporthe_grisea	Fungi
Apteryx_mantelli_mantelli	Apteryx_australis_mantelli	Apteryx mantelli	370	275688.0	0.6308382684068242	0.055044107832042	5.057013615531168	0.8551637854431668	157.120592488855	1523972539	12.52702507049335	5.91350300563827	-0.433446078037198	0.5358146746979306	Apteryx_australis_mantelli	Aves
Amblyraja_radiata	Amblyraja_radiata	Amblyraja radiata	1853	8207681.0	0.7917919040022159	0.0239340442202858	6.079195222644747	0.8079135832410331	436.6776250055447	2558784953	15.920580981115023	7.52456122628536	-1.0237417698899025	1.3357605687172749	Amblyraja_radiata	Fish
Populus_trichocarpa	Populus_trichocarpa	Populus trichocarpa	1703	530585.0	0.5981183058168587	0.018332595154405	6.745567798086911	0.9066444638274374	850.28177800705	434289848	13.181735450403025	7.440146680662688	-0.2712297616531618	0.3976308179682998	Populus_trichocarpa	Viridiplantae
Beauveria_bassiana_ARSEF_2860	Beauveria_bassiana	Beauveria bassiana	66	1766.0	0.2731047736710251	0.0690826727066817	4.044808998600486	0.965427761392128	57.10027875936999	33697794	7.476472381163905	4.189654742026425	0.2695586636217699	-0.9789268414071244	Beauveria_bassiana	Fungi
Hippoglossus_hippoglossus	Hippoglossus_hippoglossus	Hippoglossus hippoglossus	1721	702451.0	0.6175211506519741	0.0200583385887414	6.675297434547169	0.8959336114108669	792.5831604335048	596792615	13.462330926867653	7.450660796211539	-0.3521838373337171	0.4790399640679521	Hippoglossus_hippoglossus	Fish
Drosophila_obscura	Drosophila_obscura	Drosophila obscura	815	127208.0	0.61721813614377	0.0422536318470536	5.910829938860832	0.8817938328756015	369.01228599322144	181868570	11.753578820992232	6.703188113240863	-0.3686963403384187	0.4777572237461043	Drosophila_obscura	Insecta
Kluyveromyces_lactis	Kluyveromyces_lactis	Kluyveromyces lactis	3	93.0	0.4014336917562724	0.6881720430107527	0.8042229247591746	0.7320352530683643	2.2349590924846634	10729447	4.532599493153256	1.0986122886681098	-0.0542083737183487	-0.3994949411216604	Kluyveromyces_lactis	Fungi
Felis_catus	Felis_catus	Felis catus	713	3459581.0	0.7988687624732194	0.0523150057767111	5.0321919201673495	0.7659953043675707	153.26859730337048	2521863845	15.056658041435025	6.569481420414296	-1.1149551594524008	1.379239062035258	Felis_catus	Mammalia
Ogataea_polymorpha	Ogataea_polymorpha	Ogataea polymorpha	3	42.0	0.1269841269841269	0.4523809523809524	1.0676679896547865	0.9718332851976028	2.9085887259779413	8974371	3.737669618283368	1.0986122886681098	0.2092366911772629	-1.927891643552636	Ogataea_polymorpha	Fungi
Mustela_putorius_furo	Mustela_putorius	Mustela putorius	651	3194772.0	0.7847615444574355	0.0586473776532409	5.05654441187345	0.7805104400754799	157.04688822466375	2410879678	14.977026281745072	6.478509642208569	-0.9988452317195672	1.2936333975316996	Mustela_putorius	Mammalia
Belonocnema_treatae	Belonocnema_treatae	Belonocnema treatae	4032	4120196.0	0.6037836230489004	0.0184025225984394	7.492611283059381	0.9025048433717971	1794.7325328651043	1538686255	15.231411293009693	8.302017809751204	-0.3865420068482477	0.4212554252952709	Belonocnema_treatae	Insecta
Cladophialophora_bantiana_CBS_173.52	Cladophialophora_bantiana	Cladophialophora bantiana	37	2051.0	0.4511971747466628	0.1145782545099951	3.266998278636751	0.9047556210560252	26.23247845228766	36722552	7.62608275807238	3.610917912644224	0.0659193837710883	-0.1958347859335863	Cladophialophora_bantiana	Fungi
Arthroderma_uncinatum	Trichophyton_ajelloi	Arthroderma uncinatum	21	711.0	0.4504721719911593	0.270042194092827	2.644467548956148	0.8685984758035087	14.075948334091905	23563256	6.566672429803241	3.044522437723423	-0.0093180273220276	-0.1987631112239765	Trichophyton_ajelloi	Fungi
Poecilia_latipinna	Poecilia_latipinna	Poecilia latipinna	1910	970936.0	0.6278322203647222	0.0163563818830489	6.746316188547746	0.8929771708839951	850.9183589545747	815144743	13.786015833669694	7.554858521040676	-0.3848078296635036	0.5229281926300363	Poecilia_latipinna	Fish
Cavenderia_fasciculata	Cavenderia_fasciculata	Cavenderia fasciculata	75	4212.0	0.5260145615701172	0.0631528964862298	3.8364687388956953	0.8885881415324551	46.36147058218695	31019208	8.345692873253865	4.31748811353631	-0.0679414845256709	0.1041522953367776	Cavenderia_fasciculata	Protists
Dromaius_novaehollandiae	Dromaius_novaehollandiae	Dromaius novaehollandiae	306	200754.0	0.557417360081903	0.0411797523337019	5.111814452855253	0.8931140817861788	165.97122880039296	1192254075	12.209835556890702	5.723585101952381	-0.1921330988374556	0.2306870554215811	Dromaius_novaehollandiae	Aves
Entamoeba_invadens_IP1	Entamoeba_invadens	Entamoeba invadens	538	24693.0	0.4930934778710821	0.0229214757218644	5.842949119909791	0.9292430903152272	344.7946836112498	40878307	10.114275081640754	6.2878585601617845	-0.0223026662003329	-0.0276278457378376	Entamoeba_invadens	Protists
Metarhizium_majus_ARSEF_297	Metarhizium_majus	Metarhizium majus	146	5591.0	0.4251316327855678	0.0357717760686818	4.6745087409565285	0.9379770707813508	107.17990106109704	42062993	8.628913441026645	4.983606621708336	0.1126995753628632	-0.30174224283495	Metarhizium_majus	Fungi
Daucus_carota_subsp._sativus	Daucus_carota	Daucus carota	1956	477923.0	0.5718402073625101	0.0125250301826863	6.956267902128065	0.9178760879748958	1049.7086223618153	421502825	13.07720491063144	7.578656850594762	-0.2002922590839047	0.2893631214054049	Daucus_carota	Viridiplantae
Sclerotinia_sclerotiorum_1980_UF-70	Sclerotinia_sclerotiorum	Sclerotinia sclerotiorum	69	7628.0	0.6216418534309144	0.1751442055584688	3.4804824620788355	0.8220110803306051	32.47538643928176	38459164	8.93958096672031	4.23410650459726	-0.3377441138432617	0.4965229038191616	Sclerotinia_sclerotiorum	Fungi
Lachancea_thermotolerans_CBS_6340	Lachancea_thermotolerans	Lachancea thermotolerans	8	203.0	0.3183497536945813	0.2955665024630542	1.9034063900510323	0.9153449865743296	6.708708040536988	10392862	5.313205979041787	2.079441541679836	0.1974852851577273	-0.7613660582002076	Lachancea_thermotolerans	Fungi
Plasmodium_falciparum_3D7	Plasmodium_falciparum_-species_in_subkingdom_SAR	Plasmodium falciparum	38	2852.0	0.6669742378386359	0.1942496493688639	2.729060804993022	0.7502394954126113	15.318493209331104	23332839	7.955775781534187	3.6375861597263857	-0.4906681843855462	0.6945315704036633	Plasmodium_falciparum	Protists
Kwoniella_dejecticola_CBS_10117	Cryptococcus_dejecticola	Kwoniella dejecticola	3	77.0	0.1298701298701298	0.4155844155844156	1.0662742267439094	0.970564627523505	2.904537666652588	23862392	4.343805421853684	1.0986122886681098	0.207842928266386	-1.902107526396921	Cryptococcus_dejecticola	Fungi
Cucurbita_maxima	Cucurbita_maxima	Cucurbita maxima	1174	309404.0	0.6240447397939572	0.035503742679474	6.241818029647573	0.8830880218117071	513.7917509927246	271413401	12.642403145285757	7.068172000388042	-0.4055405020025224	0.5067519166905252	Cucurbita_maxima	Viridiplantae
Gekko_japonicus	Gekko_japonicus	Gekko japonicus	3042	6516619.0	0.6888009261899595	0.0207716608873405	6.965776446344503	0.8685213883935181	1059.7374273190142	2490274461	15.689866241122782	8.020270472819238	-0.6316923847960183	0.7945194816444233	Gekko_japonicus	Herptiles
Gavialis_gangeticus	Gavialis_gangeticus	Gavialis gangeticus	2114	3235640.0	0.6176205945847658	0.0105237294631046	6.941918810771566	0.906689277113991	1034.7538080346906	2640792433	14.989737302517067	7.656337166430183	-0.2926315672527471	0.4794610207134426	Gavialis_gangeticus	Herptiles
Sparus_aurata	Sparus_aurata	Sparus aurata	2673	1268499.0	0.5690270305529057	0.0063421413812703	7.266467896975129	0.9208601895019196	1431.485359318377	833595063	14.053344869688486	7.890956716138919	-0.2022152796989891	0.2778825661263643	Sparus_aurata	Fish
Trichoderma_atroviride_IMI_206040	Trichoderma_atroviride	Trichoderma atroviride	20	979.0	0.5096527068437181	0.3258426966292135	2.4369641469994683	0.8134786170689321	11.438263094255332	36143664	6.88653164253051	2.995732273553991	-0.1570314397728891	0.0386156251866888	Trichoderma_atroviride	Fungi
Aspergillus_vadensis_CBS_113365	Aspergillus_vadensis	Aspergillus vadensis	28	1062.0	0.5045735808447673	0.2834274952919021	2.763191421498729	0.82923824545014	15.850347454439008	35663374	6.967909201801884	3.332204510175204	-0.1742217609636767	0.0182948336368221	Aspergillus_vadensis	Fungi
Capsicum_annuum	Capsicum_annuum	Capsicum annuum	2254	3977235.0	0.6203117370394416	0.0096602287770272	6.97590189730981	0.9035601979852173	1070.522255155651	2935884163	15.196097412210252	7.720461694599722	-0.3217417166882468	0.4908715979428531	Capsicum_annuum	Viridiplantae
Ananas_comosus	Ananas_comosus	Ananas comosus	1831	645818.0	0.6547291920074491	0.0207241049335881	6.6178881570602925	0.8809031096959717	748.3630020095605	382055938	13.378273009324202	7.5126175446745105	-0.4729745708418678	0.6398926430037498	Ananas_comosus	Viridiplantae
Zygosaccharomyces_rouxii	Zygosaccharomyces_rouxii	Zygosaccharomyces rouxii	3	68.0	0.2058823529411764	0.5	1.0257493128799104	0.9336772612688194	2.789184649722413	9764635	4.219507705176107	1.0986122886681098	0.1673180144023871	-1.3499267169490163	Zygosaccharomyces_rouxii	Fungi
Phialocephala_scopiformis	Phialocephala_scopiformis	Phialocephala scopiformis	92	3228.0	0.4215963579548515	0.0762081784386617	4.173133735293204	0.922894483938174	64.91857129835216	48876257	8.07961802938984	4.5217885770490405	0.0683024223623567	-0.316223609020459	Phialocephala_scopiformis	Fungi
Trichoderma_harzianum_CBS_226.95	Trichoderma_harzianum	Trichoderma harzianum	64	3267.0	0.4964847337006428	0.101010101010101	3.712665822715437	0.8927074284849174	40.96286082757396	40980648	8.09162741160107	4.158883083359672	-0.0299544684443691	-0.0140612968762313	Trichoderma_harzianum	Fungi
Debaryomyces_fabryi	Debaryomyces_fabryi	Debaryomyces fabryi	2	39.0	0.0128205128205128	0.5128205128205128	0.6928184134311288	0.9995256892936492	1.999342573818348	11697257	3.6635616461296463	0.6931471805599453	0.1898667764921272	-4.343805421853686	Debaryomyces_fabryi	Fungi
Cyclopterus_lumpus	Cyclopterus_lumpus	Cyclopterus lumpus	1542	582707.0	0.6092571620040094	0.0160149097230683	6.586993408059153	0.8973084003168147	725.5960159287068	572885595	13.275439766101742	7.340835554123275	-0.3325224295438191	0.4441908076112313	Cyclopterus_lumpus	Fish
Orycteropus_afer_afer	Orycteropus_afer	Orycteropus afer	837	7941687.0	0.8124503565661174	0.0444331286287157	5.197859660093543	0.772361893215953	180.88467257490908	4444080527	15.887636279168934	6.729824070489475	-1.1120489214366345	1.4660112373791925	Orycteropus_afer	Mammalia
Oryzias_latipes	Oryzias_latipes	Oryzias latipes	1580	1126271.0	0.6989825711281642	0.0290587256530621	6.222451310972895	0.8448471326572335	503.93702555700304	734057086	13.934422733679796	7.365180126021013	-0.7208080424048955	0.842457641613365	Oryzias_latipes	Fish
Neurospora_crassa_OR74A	Neurospora_crassa	Neurospora crassa	186	5815.0	0.4130077016244602	0.043164230438521	4.897048491027447	0.9371002455325308	133.89400654656936	41102378	8.668196064952765	5.225746673713202	0.0909580554507458	-0.3515454586395068	Neurospora_crassa	Fungi
Anopheles_gambiae_str._PEST	Anopheles_gambiae	Anopheles gambiae	1046	183612.0	0.5404875081792935	0.0204071629305274	6.386330364643492	0.918535828315512	593.674010381779	265027044	12.120580114509814	6.952728644624869	-0.1425371896968164	0.1623053981026661	Anopheles_gambiae	Insecta
Verticillium_alfalfae_VaMs.102	Verticillium_alfalfae	Verticillium alfalfae	11	482.0	0.4549226706903055	0.2883817427385892	2.0291913225519407	0.846238509901165	7.607931507834049	32862988	6.1779441140506	2.3978952727983707	0.0154182094733648	-0.1808002232594019	Verticillium_alfalfae	Fungi
Diplodia_corticola	Diplodia_corticola	Diplodia corticola	48	1747.0	0.4982231444380843	0.1900400686891814	3.331586493847583	0.860607983016166	27.982700888943764	34986079	7.465655310134056	3.871201010907891	-0.1251293441475689	-0.0071074521674429	Diplodia_corticola	Fungi
Austrofundulus_limnaeus	Austrofundulus_limnaeus	Austrofundulus limnaeus	2659	1402889.0	0.6196359085789628	0.0170027707110113	7.128409215821206	0.9039659563920835	1246.8918525559122	866963281	14.154044239775132	7.88570539124302	-0.3371304139891311	0.4880031319959393	Austrofundulus_limnaeus	Fish
Octodon_degus	Octodon_degus	Octodon degus	817	5288642.0	0.8058514707375786	0.0825898217349557	5.175376818068371	0.771794715590255	176.86324698853505	2995889303	15.481072060103584	6.705639094860003	-1.1059723770920415	1.4232759651585578	Octodon_degus	Mammalia
Drosophila_arizonae	Drosophila_arizonae	Drosophila arizonae	247	69253.0	0.6983027847607531	0.074119532727824	4.498751895013643	0.8165610445545586	89.90485055374364	141386800	11.145521744410884	5.5093883366279774	-0.5899225768687115	0.8392288818674044	Drosophila_arizonae	Insecta
Musca_domestica	Musca_domestica	Musca domestica	1326	1754480.0	0.79889215476512	0.0228403857553235	5.686205225090656	0.7908576880326408	294.77289874160897	750403944	14.377683074681388	7.189922170745808	-1.081882348451531	1.3793846537654004	Musca_domestica	Insecta
Cucumis_melo	Cucumis_melo	Cucumis melo	2188	537684.0	0.562510996618213	0.0071008250199001	7.10057130881271	0.9232620512505366	1212.659679789865	374928489	13.195026305985316	7.690743163541872	-0.1676531375107162	0.2513591130765427	Cucumis_melo	Viridiplantae
Colletotrichum_fructicola	Colletotrichum_fructicola	Colletotrichum fructicola	58	2937.0	0.378646989069306	0.0823970037453183	3.809536402416089	0.9382070854144152	45.12951208312563	58056435	7.98514393119862	4.060443010546419	0.1611682832051184	-0.4952950322520315	Colletotrichum_fructicola	Fungi
Pantholops_hodgsonii	Pantholops_hodgsonii	Pantholops hodgsonii	900	5063803.0	0.7937600269117017	0.0295147737777318	5.387350612612482	0.7919785310989066	218.6233995120745	2696886330	15.437628339995731	6.802394763324311	-0.9943698136255544	1.3477407737532527	Pantholops_hodgsonii	Mammalia
Bipolaris_oryzae_ATCC_44560	Bipolaris_oryzae	Bipolaris oryzae	76	1900.0	0.3648199445983379	0.0531578947368421	4.108795880591424	0.9487529149785444	60.87337460981004	31362097	7.549609165154532	4.330733340286331	0.1950452505436204	-0.5545045811146236	Bipolaris_oryzae	Fungi
Exaiptasia_pallida	Exaiptasia_pallida	Exaiptasia pallida	1695	300842.0	0.5244232103018472	0.0071000724632863	6.938004828496005	0.933099678863176	1030.711715469955	256132296	12.61434048897036	7.43543801981455	-0.0753351225843035	0.0977706501152436	Exaiptasia_pallida	OtherInvertebrates
Apis_florea	Apis_florea	Apis florea	223	44562.0	0.4991123366587752	0.0543512409676405	4.947019167335448	0.9148995771590932	140.75477155030552	229015090	10.70463675689735	5.407171771460119	-0.0367149646438624	-0.0035506570952047	Apis_florea	Insecta
Lontra_canadensis	Lontra_canadensis	Lontra canadensis	655	3234809.0	0.7971663657270476	0.0509155254606995	4.9693919624699205	0.7663333066386587	143.93934023672642	2405748306	14.98948044244304	6.484635235635252	-1.094656733452136	1.36867728950295	Lontra_canadensis	Mammalia
Candida_pseudohaemulonis	[Candida]_pseudohaemulonis	Candida pseudohaemulonis	2	34.0	0.1470588235294117	0.6470588235294118	0.649248354870898	0.9366673818775624	1.914101563056557	12591275	3.5263605246161616	0.6931471805599453	0.1462967179318964	-1.7578579175523743	[Candida]_pseudohaemulonis	
Solenopsis_invicta	Solenopsis_invicta	Solenopsis invicta	2876	594740.0	0.546412038818005	0.0126139153243434	7.380489513765603	0.926713361003911	1604.374939258682	398994629	13.295879614236544	7.964155718840937	-0.1602963604685676	0.1861841295324422	Solenopsis_invicta	Insecta
Oryzias_melastigma	Oryzias_melastigma	Oryzias melastigma	2289	1476759.0	0.6637624729334376	0.0279964435632354	6.820560395175369	0.8816797739723732	916.4984675176074	779469774	14.205360379615106	7.735870319952567	-0.4924942284370806	0.6801065279908494	Oryzias_melastigma	Fish
Monodon_monoceros	Monodon_monoceros	Monodon monoceros	822	2789201.0	0.7370185213747532	0.0397267891414064	5.498142475359721	0.8191828276626453	244.23783285175463	2355574979	14.841265732854673	6.71174039505618	-0.7895911543435359	1.0305294164200849	Monodon_monoceros	Mammalia
Dufourea_novaeangliae	Dufourea_novaeangliae	Dufourea novaeangliae	2050	442911.0	0.5562357410240046	0.0210584067679511	7.01855088029897	0.920393859614719	1117.1665361470507	279505983	13.001124125909037	7.625595072132453	-0.1865356543780869	0.225898725860715	Dufourea_novaeangliae	Insecta
Drosophila_eugracilis	Drosophila_eugracilis	Drosophila eugracilis	733	78649.0	0.5234681377533908	0.0374957087820569	5.999460009645603	0.909402381082758	403.2110046427944	156942009	11.272750193847424	6.597145701886651	-0.1770914589148589	0.0939415764550333	Drosophila_eugracilis	Insecta
Gopherus_evgoodei	Gopherus_evgoodei	Gopherus evgoodei	2246	3954654.0	0.6393887193982237	0.0097378936311495	6.9209362276787765	0.8968537528299436	1013.268200332574	2298564209	15.190403671159707	7.716906135298388	-0.3731666728880309	0.5727120008432692	Gopherus_evgoodei	Herptiles
Paramecium_tetraurelia	Paramecium_tetraurelia	Paramecium tetraurelia	68	4588.0	0.4580491307246525	0.1305579773321709	3.797212560655925	0.8999183852651462	44.57675615171032	72094543	8.431199478249262	4.219507705176107	-0.0058624242895355	-0.168198899552006	Paramecium_tetraurelia	Protists
Megalopta_genalis	Megalopta_genalis	Megalopta genalis	2309	748071.0	0.6604888057923003	0.0210180584463239	6.779220820265634	0.8753515026847795	879.3832594778825	390114368	13.525253172238113	7.744569809354496	-0.5434177048864761	0.6654732566528382	Megalopta_genalis	Insecta
Aspergillus_eucalypticola_CBS_122712	Aspergillus_eucalypticola	Aspergillus eucalypticola	38	1460.0	0.4305335255948089	0.1130136986301369	3.3027782836926414	0.9079587777904544	27.18807025954468	34792412	7.286191714702382	3.6375861597263857	0.083049294314073	-0.2796747159006705	Aspergillus_eucalypticola	Fungi
Cyberlindnera_jadinii_NRRL_Y-1542	Cyberlindnera_jadinii	Cyberlindnera jadinii	11	411.0	0.3034726830347268	0.1727493917274939	2.2499747224327704	0.938312339140243	9.48749601250916	13018415	6.018593214496234	2.3978952727983707	0.2362016093541945	-0.8308154128151943	Cyberlindnera_jadinii	Fungi
Dactylellina_haptotyla_CBS_200.50	Dactylellina_haptotyla	Dactylellina haptotyla	34	2330.0	0.4787427417318859	0.1128755364806867	3.136608531792525	0.889474717601071	23.025643549711283	39531920	7.753623546559746	3.5263605246161616	0.0231190063851323	-0.0850803182444708	Dactylellina_haptotyla	Fungi
Diaphorina_citri	Diaphorina_citri	Diaphorina citri	2291	1136690.0	0.7244897362727534	0.0210857841627884	6.547305156269424	0.8462610918749122	697.3623567782001	485705082	13.943631088240132	7.736743682453495	-0.7657159759008829	0.9668427122177696	Diaphorina_citri	Insecta
Torulaspora_delbrueckii	Torulaspora_delbrueckii	Torulaspora delbrueckii	3	48.0	0.1388888888888889	0.4166666666666667	1.05938459334224	0.9642934129442272	2.884595243803232	9220678	3.871201010907891	1.0986122886681098	0.2009532948647168	-1.824549292051046	Torulaspora_delbrueckii	Fungi
Saccoglossus_kowalevskii	Saccoglossus_kowalevskii	Saccoglossus kowalevskii	2337	1033656.0	0.6302707981443131	0.0409439891027575	6.790522766399231	0.8754483070181127	889.378377456993	775840395	13.848612590109378	7.756623334538858	-0.5435363671946973	0.5333787145540603	Saccoglossus_kowalevskii	OtherInvertebrates
Rhodamnia_argentea	Rhodamnia_argentea	Rhodamnia argentea	1675	452615.0	0.612673917950431	0.0393866752096152	6.620507961210753	0.8918228492027387	750.3261368999323	414815504	13.0227971534795	7.423568444259167	-0.3807175748114266	0.4585659222614588	Rhodamnia_argentea	Viridiplantae
Pieris_rapae	Pieris_rapae	Pieris rapae	1278	432730.0	0.6382888606155042	0.0379220299031728	6.274235287583006	0.8771410592002311	530.7203780767113	245886408	12.97786925591038	7.15305163493748	-0.4558977994265225	0.5679450046786981	Pieris_rapae	Insecta
Otolemur_garnettii	Otolemur_garnettii	Otolemur garnettii	990	3868389.0	0.7883993331799899	0.0553214787861303	5.414028597402984	0.7849028977089456	224.53432647856613	2519724550	15.168348699268012	6.897704943128636	-1.0633458772712174	1.315303878186777	Otolemur_garnettii	Mammalia
Mixia_osmundae_IAM_14324	Mixia_osmundae	Mixia osmundae	5	96.0	0.1333333333333333	0.2604166666666667	1.5802061040196782	0.981837256231766	4.8559565402690845	13634488	4.564348191467836	1.6094379124341005	0.2741633232421687	-1.871802176901592	Mixia_osmundae	Fungi
Dendrobium_catenatum	Dendrobium_catenatum	Dendrobium catenatum	2249	2212834.0	0.6516169879341008	0.0239670033992608	6.800612022046347	0.8811090589650452	898.396962175243	1104107363	14.609784604922815	7.718240951959316	-0.4957564368547649	0.62615446356347	Dendrobium_catenatum	Viridiplantae
Dermatophagoides_pteronyssinus	Dermatophagoides_pteronyssinus	Dermatophagoides pteronyssinus	68	27632.0	0.6103760771824653	0.1023451071221771	3.541339693721935	0.8392779303087283	34.51312525018481	70778228	10.22672980038646	4.219507705176107	-0.2617352912235255	0.4488933137492237	Dermatophagoides_pteronyssinus	OtherArthropoda
Camarhynchus_parvulus	Camarhynchus_parvulus	Camarhynchus parvulus	422	293044.0	0.6721887873331672	0.0598033059881792	4.99445010999216	0.8262110371343184	147.59176382888654	1051609828	12.588078047373186	6.045005314036012	-0.6282711023193759	0.7181013630584279	Camarhynchus_parvulus	Aves
Cryptococcus_wingfieldii_CBS_7118	Tsuchiyaea_wingfieldii	Cryptococcus wingfieldii	43	1030.0	0.3327613456762249	0.0660194174757281	3.5813668235358693	0.952187257623613	35.92260717187244	19969799	6.937314081223682	3.7612001156935615	0.2269390536404674	-0.6957222311120765	Tsuchiyaea_wingfieldii	Fungi
Sodiomyces_alkalinus_F11	Heleococcum_alkalinum	Sodiomyces alkalinus	289	12681.0	0.4732481283472072	0.024051730936046	5.277514023333747	0.9313654466589	195.8823107119768	43450096	9.4478600892349	5.666426688112432	0.0332250856673361	-0.107109770697608	Heleococcum_alkalinum	Fungi
Rhinatrema_bivittatum	Rhinatrema_bivittatum	Rhinatrema bivittatum	3097	11688292.0	0.6550969088824498	0.0118168676826348	7.170675235821948	0.8920759483600326	1300.722600837308	43450096	16.27409821498904	8.038189179973203	-0.4445572388330152	0.6415196949222172	Rhinatrema_bivittatum	Herptiles
Metarhizium_brunneum_ARSEF_3297	Metarhizium_anisopliae	Metarhizium brunneum	78	3328.0	0.4483481262327416	0.0853365384615384	3.996844825291309	0.917400033898588	54.42615481119165	37066166	8.1101268019411	4.356708826689592	0.0619268581485021	-0.2073471857219668	Metarhizium_anisopliae	Fungi
Aspergillus_campestris_IBT_28561	Aspergillus_campestris	Aspergillus campestris	26	1359.0	0.4813211071489217	0.1250919793966151	2.871252306741217	0.8812667989527464	17.65911899222124	28257496	7.214504414151143	3.258096538021482	0.020815507970239	-0.0747503583254634	Aspergillus_campestris	Fungi
Purpureocillium_lilacinum	Purpureocillium_lilacinum	Purpureocillium lilacinum	117	2932.0	0.4141334639288254	0.0538881309686221	4.4600436920812205	0.9365562352712832	86.49128799815483	38534601	7.983440063006542	4.762173934797756	0.1121613113718833	-0.3469037109795399	Purpureocillium_lilacinum	Fungi
Dothidotthia_symphoricarpi_CBS_119687	Dothidotthia_symphoricarpi	Dothidotthia symphoricarpi	74	4715.0	0.6380241322977273	0.1991516436903499	3.378363352655444	0.7849238521019705	29.32274083377523	34433519	8.458504195067558	4.30406509320417	-0.5134635842826776	0.5667985617497492	Dothidotthia_symphoricarpi	Fungi
Capronia_epimyces_CBS_606.96	Capronia_epimyces	Capronia epimyces	25	914.0	0.4658205689277899	0.1903719912472647	2.8134349205476923	0.8740427011231136	16.667070068009497	28889638	6.81783057145415	3.218875824868201	-0.0022194035292848	-0.1369312810068606	Capronia_epimyces	Fungi
Bemisia_tabaci	Bemisia_tabaci	Bemisia tabaci	1874	1397378.0	0.7609266857253114	0.0468048015640721	6.090137856175877	0.8081574932239592	441.4822680083124	615017152	14.15010818145287	7.535830462798367	-1.022515967011568	1.1577667546527626	Bemisia_tabaci	Insecta
Trichophyton_verrucosum_HKI_0517	Trichophyton_verrucosum	Trichophyton verrucosum	6	128.0	0.1927083333333333	0.3046875	1.7226738346567718	0.9614425732037306	5.599480550820969	22540967	4.852030263919617	1.791759469228055	0.2743694856318128	-1.4325072042750224	Trichophyton_verrucosum	Fungi
Candida_glabrata	[Candida]_glabrata	Candida glabrata	6	87.0	0.1360153256704981	0.2068965517241379	1.7574065637612828	0.980827278406084	5.797382738711508	12338308	4.465908118654584	1.791759469228055	0.3091022147363238	-1.848787462461363	[Candida]_glabrata	
Ovis_aries	Ovis_aries	Ovis aries	827	5242669.0	0.789049925531956	0.0291660602643424	5.348223005337091	0.7961265991104003	210.23438036849385	2869914396	15.472341277767	6.717804695023691	-0.94826730223809	1.319208104234243	Ovis_aries	Mammalia
Cucumis_sativus	Cucumis_sativus_-species_in_domain_Eukaryota	Cucumis sativus	1125	249595.0	0.52806461667902	0.0107333880887037	6.532466883274489	0.9298172738825352	687.0910960919501	226640966	12.427594883225485	7.025538314638521	-0.0729171558893986	0.112376579822089	Cucumis_sativus	Viridiplantae
Medicago_truncatula	Medicago_truncatula	Medicago truncatula	2610	696545.0	0.5572617023888212	0.0046658866261332	7.310211521898468	0.929212341388348	1495.4934853596596	412924424	13.453887678873018	7.867105500316739	-0.1368156895647203	0.230056127124543	Medicago_truncatula	Viridiplantae
Trichosporon_asahii_var._asahii_CBS_2479	Trichosporon_asahii	Trichosporon asahii	13	371.0	0.171677379224549	0.1185983827493261	2.516219517015585	0.9810016364244404	12.381699268627523	24540311	5.916202062607435	2.5649493574615367	0.335281508054543	-1.5737857038151155	Trichosporon_asahii	Fungi
Linepithema_humile	Linepithema_humile	Linepithema humile	733	90420.0	0.4350631115730049	0.0093452775934527	6.268623031626474	0.9502023018581768	527.750182019974	219500750	11.412220760848596	6.597145701886651	0.0920715630660113	-0.2612229183673146	Linepithema_humile	Insecta
Acaromyces_ingoldii	Acaromyces_ingoldii	Acaromyces ingoldii	8	174.0	0.1551724137931034	0.1666666666666666	2.038706577768555	0.9804106231914682	7.680668424163182	19330111	5.159055299214529	2.079441541679836	0.3327854728752499	-1.6945957207744076	Acaromyces_ingoldii	Fungi
Candida_viswanathii	Candida_viswanathii	Candida viswanathii	22	670.0	0.3712347354138399	0.1805970149253731	2.8392864806986804	0.9185530524221333	17.10355746394413	24170369	6.507277712385012	3.091042453358316	0.1478319794825817	-0.5269234262498803	Candida_viswanathii	Fungi
Pygoscelis_adeliae	Pygoscelis_adeliae	Pygoscelis adeliae	317	256842.0	0.6634461373434679	0.0846473707571191	4.78014148227051	0.830043933715542	119.1212023908118	1216600033	12.45621638882674	5.75890177387728	-0.5538235196538803	0.6786894672838448	Pygoscelis_adeliae	Aves
Enterocytozoon_bieneusi_H348	Enterocytozoon_bieneusi	Enterocytozoon bieneusi	4	86.0	0.1046511627906976	0.3372093023255814	1.3655108596713963	0.9850078727639744	3.917723948029373	3860738	4.454347296253507	1.3862943611198906	0.2734798391824926	-2.146580844517465	Enterocytozoon_bieneusi	Fungi
Aedes_aegypti	Aedes_aegypti	Aedes aegypti	3639	3465988.0	0.6057911989614716	0.0124137763893008	7.498155478375574	0.914468957686184	1804.7105149497309	1278732104	15.058508287047426	8.19946419761216	-0.2794714658129011	0.429654649729541	Aedes_aegypti	Insecta
Kwoniella_shandongensis	Kwoniella_shandongensis	Kwoniella shandongensis	22	875.0	0.4015064935064935	0.144	2.8308629018284126	0.9158278944867848	16.960089404276204	21297554	6.774223886357614	3.091042453358316	0.1394084006123139	-0.3991919689311827	Kwoniella_shandongensis	Fungi
Asparagus_officinalis	Asparagus_officinalis	Asparagus officinalis	2388	1822622.0	0.639755969618287	0.0116524435675636	6.964289150534951	0.895358678965648	1058.1624557987343	1187538024	14.41578668163959	7.778211474512493	-0.3916089666006987	0.5743051421931344	Asparagus_officinalis	Viridiplantae
Microtus_ochrogaster	Microtus_ochrogaster	Microtus ochrogaster	979	3551295.0	0.7453812651326184	0.0386250649410989	5.708777784975523	0.8289772096186562	301.5023423047958	2287340943	15.08282288366476	6.88653164253051	-0.7548737297291508	1.074128583838633	Microtus_ochrogaster	Mammalia
Aphantopus_hyperantus	Aphantopus_hyperantus	Aphantopus hyperantus	2519	1418410.0	0.749232073367078	0.0247403783109256	6.535293952461445	0.8344756544979051	689.0362984736446	408137179	14.165047083914688	7.831617276352611	-0.8734765962311535	1.094520863465075	Aphantopus_hyperantus	Insecta
Coprinopsis_cinerea_okayama7#130	Coprinopsis_cinerea	Coprinopsis cinerea	90	2498.0	0.3975891824570767	0.0652522017614091	4.228917233057669	0.9397991343814518	68.642867693446	36192590	7.823245690685523	4.499809670330265	0.1404620755532963	-0.4155203664206311	Coprinopsis_cinerea	Fungi
Heterostelium_album_PN500	Heterostelium_album	Heterostelium album	83	5856.0	0.5801484627032721	0.0858948087431694	3.7917196567349487	0.8580802054830495	44.33257156824916	32970186	8.675222055641148	4.418840607796598	-0.2056262046921571	0.3233828748028783	Heterostelium_album	Protists
Camelus_ferus	Camelus_ferus	Camelus ferus	766	1840046.0	0.6745490844508885	0.0387968561655523	5.718835756316668	0.8611171339906265	304.55014588989286	2087093976	14.425301129272674	6.641182169740591	-0.5006089109860481	0.7288327914165438	Camelus_ferus	Mammalia
Phalacrocorax_carbo	Phalacrocorax_carbo	Phalacrocorax carbo	320	253268.0	0.6422824586998752	0.0422714278945622	4.937902769818677	0.8560381389002741	139.47742634035046	1138967842	12.442203495596996	5.768320995793772	-0.4086172171780342	0.5852844895532884	Phalacrocorax_carbo	Aves
Candida_albicans_SC5314	Candida_albicans	Candida albicans	12	184.0	0.2264492753623188	0.1576086956521739	2.401748314253567	0.9665346239298254	11.042465213585055	14282666	5.214935757608986	2.4849066497880004	0.2889694099226076	-1.2284702759263235	Candida_albicans	Fungi
Amphimedon_queenslandica	Amphimedon_queenslandica	Amphimedon queenslandica	1278	192512.0	0.5808574597890237	0.0323148686835106	6.368709717244875	0.8903486291275093	583.3047151160229	166699561	12.167913768429402	7.15305163493748	-0.3614233697646538	0.3262943372562976	Amphimedon_queenslandica	OtherInvertebrates
Chanos_chanos	Chanos_chanos	Chanos chanos	1194	571598.0	0.6897686548668638	0.0331841608962942	5.929740914547929	0.8369353711594764	376.057070286123	656929047	13.256191226081413	7.085064293952548	-0.7320073802046636	0.7990379647920454	Chanos_chanos	Fish
Atta_colombica	Atta_colombica	Atta colombica	1734	424224.0	0.5693515521255381	0.0210784868371426	6.824185670079951	0.9149926706191772	919.8270562911302	291257934	12.958016896598576	7.458186157340487	-0.2100341680545776	0.2792059943063686	Atta_colombica	Insecta
Glarea_lozoyensis_ATCC_20868	Glarea_lozoyensis	Glarea lozoyensis	44	2170.0	0.5152492668621701	0.1428571428571428	3.255238347360693	0.860220724189798	25.9257931420116	39509734	7.682482446534506	3.784189633918261	-0.1141880240260762	0.0610159903660729	Glarea_lozoyensis	Fungi
Scaptodrosophila_lebanonensis	Scaptodrosophila_lebanonensis	Scaptodrosophila lebanonensis	1197	290006.0	0.6796307115266034	0.0241063977986662	6.109195645355408	0.8619586757263159	449.97662877289486	247077949	12.577656891403802	7.087573705557973	-0.5559790323820648	0.752075222472687	Scaptodrosophila_lebanonensis	Insecta
Penicillium_digitatum_Pd1	Penicillium_digitatum	Penicillium digitatum	64	1887.0	0.4003295574986751	0.0699523052464228	3.8833240185813054	0.9337420506287089	48.58544588067599	26082141	7.54274354536855	4.158883083359672	0.140703727421501	-0.4040921401779288	Penicillium_digitatum	Fungi
Mesitornis_unicolor	Mesitornis_unicolor	Mesitornis unicolor	394	288344.0	0.6598861364267243	0.0724204422495352	5.012706329921588	0.8387570284942405	150.31097728519563	1087290853	12.571909490781293	5.976350909297934	-0.5410389402419975	0.6627868451628329	Mesitornis_unicolor	Aves
Urocitellus_parryii	Urocitellus_parryii	Urocitellus parryii	860	3503673.0	0.7877086878906527	0.0557186700927854	5.300872697211909	0.7845087669735008	200.51171966079608	2520505282	15.069322404765847	6.756932389247553	-1.034232176431483	1.3111688909243675	Urocitellus_parryii	Mammalia
Cyprinus_carpio	Cyprinus_carpio	Cyprinus carpio	3249	3407241.0	0.5808876992702713	0.014455977725086	7.389164380468848	0.9138103737708066	1618.3532202015194	1713658011	15.0414134308599	8.0861025356691	-0.2745979713510014	0.326418544632156	Cyprinus_carpio	Fish
Callithrix_jacchus	Callithrix_jacchus	Callithrix jacchus	884	3953467.0	0.7947634514349806	0.0772863413302804	5.156353051178975	0.7600244210513585	173.5304435565328	2914958544	15.190103473424008	6.784457062637643	-1.2045440678147052	1.3538813156622531	Callithrix_jacchus	Mammalia
Rhodotorula_graminis_WP1	Rhodotorula_graminis	Rhodotorula graminis	24	1207.0	0.561067384700359	0.3148301574150787	2.549698782165013	0.8022830695368878	12.803246635539088	21013998	7.095893221097532	3.1780538303479458	-0.2365123200885861	0.2454951082469557	Rhodotorula_graminis	Fungi
Ooceraea_biroi	Ooceraea_biroi	Ooceraea biroi	835	97908.0	0.5183063704677909	0.0121951219512195	6.248502657996279	0.9288095239844008	517.2377627187159	223893814	11.4917835412168	6.727431724850855	-0.0556281094909136	0.0732582276228472	Ooceraea_biroi	Insecta
Colobus_angolensis_palliatus	Colobus_angolensis	Colobus angolensis	962	4200409.0	0.7697814113319127	0.055171532105564	5.492940918772272	0.7996694370383698	242.97071429476787	2970124662	15.25069245946476	6.8690144506657065	-0.953725205981776	1.2070773500524123	Colobus_angolensis	Mammalia
Galeopterus_variegatus	Galeopterus_variegatus	Galeopterus variegatus	1079	4002915.0	0.733416300442878	0.0392034305000231	5.78113567382904	0.8277934620869368	324.1270841207951	3187660572	15.20253340367482	6.983789965258135	-0.7778902878989937	1.01202521731727	Galeopterus_variegatus	Mammalia
Schistosoma_mansoni	Schistosoma_mansoni	Schistosoma mansoni	879	799802.0	0.7790597598389105	0.057783051305198	5.358408187173936	0.7904673578009133	212.38659751689417	364532842	13.592119476016885	6.778784897685177	-0.9990901544842083	1.260195498016771	Schistosoma_mansoni	OtherInvertebrates
Neohortaea_acidophila	Hortaea_acidophila	Neohortaea acidophila	2	66.0	0.0303030303030303	0.5303030303030303	0.6913095073117435	0.9973487979180448	1.99632802847888	20432448	4.189654742026425	0.6931471805599453	0.1883578703727418	-3.4657359027997265	Hortaea_acidophila	Fungi
Saccharomyces_eubayanus	Saccharomyces_eubayanus	Saccharomyces eubayanus	23	681.0	0.3990295601098129	0.1439060205580029	2.86357993131658	0.9132786521400128	17.524150030001227	11734173	6.523562306149512	3.1354942159291497	0.1383604857521616	-0.4095102488167733	Saccharomyces_eubayanus	Fungi
Cladophialophora_immunda	Cladophialophora_immunda	Cladophialophora immunda	59	1815.0	0.309922024559929	0.0699724517906336	3.900956495810691	0.9566942178890482	49.44972494710537	43029152	7.503840746698951	4.07753744390572	0.2379174847873684	-0.8004838669289137	Cladophialophora_immunda	Fungi
Opisthocomus_hoazin	Opisthocomus_hoazin	Opisthocomus hoazin	323	293504.0	0.6911437285911219	0.0493690034888791	4.765186020707192	0.8247616426405646	117.35294533539373	1203712246	12.58964654677752	5.777652323222656	-0.5925138039758577	0.8054717753794617	Opisthocomus_hoazin	Aves
Chlorocebus_sabaeus	Chlorocebus_sabaeus	Chlorocebus sabaeus	1018	4434325.0	0.797299067529509	0.0544563152227227	5.326405638463893	0.769089946332151	205.69729337709185	2789656328	15.304885963720816	6.925595197110468	-1.1724820554310025	1.3694981962760049	Chlorocebus_sabaeus	Mammalia
Sphaeramia_orbicularis	Sphaeramia_orbicularis	Sphaeramia orbicularis	3013	3248584.0	0.6331690681485564	0.0150548669820451	7.167729423636244	0.8947703689030604	1296.896554523276	1342662642	14.993729767056756	8.0106915391303	-0.4219739867458552	0.5458364110073903	Sphaeramia_orbicularis	Fish
Thrips_palmi	Thrips_palmi	Thrips palmi	1153	329303.0	0.7271611777867426	0.0863976337901567	5.487585276427129	0.7783673632125336	241.67292838925732	237845416	12.704733578556787	7.050122520269059	-1.139878942901167	0.9802669295462996	Thrips_palmi	Insecta
Papilio_machaon	Papilio_machaon	Papilio machaon	820	381732.0	0.7452275482249966	0.0993078914002493	5.356631596593697	0.7983885250892456	212.00960846513257	278421261	12.852474070692208	6.709304340258298	-0.9282900428283868	1.0733188048028284	Papilio_machaon	Insecta
Osmia_bicornis_bicornis	Osmia_bicornis	Osmia bicornis	1112	164217.0	0.520505882876592	0.0249426064292978	6.483757672813189	0.9244134315702373	654.4254484909433	210591136	12.008944002919078	7.013915474810528	-0.1081441087317465	0.0820695648723583	Osmia_bicornis	Insecta
Botrytis_cinerea_B05.10	Botrytis_cinerea	Botrytis cinerea	52	3470.0	0.4710707160274883	0.0951008645533141	3.544425064084717	0.8970403540071262	34.61977546706309	42630066	8.151909872940905	3.951243718581428	0.0053346737656112	-0.1158465212993444	Botrytis_cinerea	Fungi
Serinus_canaria	Serinus_canaria	Serinus canaria	553	291332.0	0.6243894818558515	0.0735174989359219	5.445354397493562	0.8622400180925521	231.67937175331767	1071655231	12.58221878930005	6.315358001522335	-0.4505169754148737	0.5082215927766784	Serinus_canaria	Aves
Aythya_fuligula	Aythya_fuligula	Aythya fuligula	322	252544.0	0.6982945767472682	0.0649154206791687	4.704623289961705	0.8147166499174727	110.45666697376426	1127004725	12.439340769942232	5.7745515455444085	-0.6511969372114645	0.8391899218061953	Aythya_fuligula	Aves
Cuculus_canorus	Cuculus_canorus	Cuculus canorus	261	320938.0	0.7674020852047932	0.1297259906897905	4.110485110766303	0.7386953070307846	60.97629065101621	1153894225	12.679003237039536	5.564520407322694	-1.0316201075865905	1.1936996197649794	Cuculus_canorus	Aves
Aspergillus_candidus	Aspergillus_candidus	Aspergillus candidus	29	1190.0	0.3757171834250942	0.1058823529411764	3.135977803116913	0.9313045130131944	23.011125195102665	27317772	7.081708586105575	3.367295829986474	0.1708080765811104	-0.5077668087564938	Aspergillus_candidus	Fungi
Zonotrichia_albicollis	Zonotrichia_albicollis	Zonotrichia albicollis	415	261238.0	0.6457740377444673	0.0634708579915632	5.136392434764817	0.8520496220483607	170.10100960824263	1052600561	12.473187148191853	6.028278520230698	-0.4709571769989056	0.6005146348636947	Zonotrichia_albicollis	Aves
Penaeus_vannamei	Penaeus_vannamei	Penaeus vannamei	949	2855878.0	0.8033000484340761	0.0467246850180574	5.243042403408253	0.7648037567754362	189.24498704030813	1663565311	14.864889884442375	6.855408798609928	-1.1894144256182084	1.4070488243118937	Penaeus_vannamei	OtherArthropoda
Leptinotarsa_decemlineata	Leptinotarsa_decemlineata	Leptinotarsa decemlineata	4222	1766014.0	0.6371262505601599	0.0094393362680024	7.459936695180743	0.8936127575294347	1737.0380909857977	641992784	14.38423558763444	8.348064228408266	-0.4654627102616091	0.5629128553930568	Leptinotarsa_decemlineata	Insecta
Nicotiana_sylvestris	Nicotiana_sylvestris	Nicotiana sylvestris	2717	3353285.0	0.6212741002000834	0.0088900883760253	7.173659611134038	0.9072217420635136	1304.6102434620211	2221987173	15.025451020344995	7.907283609426348	-0.3110872639224924	0.4949596458292731	Nicotiana_sylvestris	Viridiplantae
Nosema_ceranae	Nosema_ceranae	Nosema ceranae	77	2416.0	0.3447148877612453	0.0757450331125827	4.090139875155431	0.9416029213873022	59.74824841521728	5690748	7.789868559054706	4.343805421853684	0.1559384934674077	-0.6423527637083092	Nosema_ceranae	Fungi
Hyphopichia_burtonii_NRRL_Y-1933	Hyphopichia_burtonii	Hyphopichia burtonii	4	158.0	0.0316455696202531	0.2658227848101265	1.3845939907089018	0.998773442020196	3.993204297599032	12403110	5.062595033026967	1.3862943611198906	0.2925629702199979	-3.421000008958337	Hyphopichia_burtonii	Fungi
Thermothielavioides_terrestris_NRRL_8126	Thielavia_terrestris	Thermothielavioides terrestris	131	5667.0	0.4683684974076513	0.0467619551791071	4.500808844193443	0.92320547165835	90.08997058833104	36912256	8.64241515616962	4.875197323201151	0.0420135309890188	-0.1266952113249736	Thielavia_terrestris	Fungi
Eimeria_mitis	Eimeria_mitis	Eimeria mitis	504	116321.0	0.8309649726816446	0.1137455833426466	4.385404259702781	0.7047570123334137	80.27066685055463	60415144	11.664108889704258	6.222576268071369	-1.4167430759028488	1.5924816874767873	Eimeria_mitis	Protists
Pangasianodon_hypophthalmus	Pangasianodon_hypophthalmus	Pangasianodon hypophthalmus	2366	1422466.0	0.6365279148961744	0.0208300233538095	6.9142374283522745	0.8899828224942867	1006.5032039687986	758990195	14.167902543115254	7.768956044538332	-0.430504618738345	0.560325774641104	Pangasianodon_hypophthalmus	Fish
Macaca_fascicularis	Macaca_fascicularis	Macaca fascicularis	957	4150400.0	0.7848164958883493	0.0668029587509637	5.306357423745676	0.7730928642789122	201.6144930506988	2946843737	15.238715273104262	6.863803391452954	-1.1365768429488208	1.2939587556626682	Macaca_fascicularis	Mammalia
Tarenaya_hassleriana	Tarenaya_hassleriana	Tarenaya hassleriana	1006	205270.0	0.5960573384363764	0.0249037852584401	6.216631725941656	0.8991709419433596	501.0128382177403	249929577	12.232081464711223	6.913737350659685	-0.2766660175649118	0.3890639268021943	Tarenaya_hassleriana	Viridiplantae
Condylura_cristata	Condylura_cristata	Condylura cristata	649	1779869.0	0.782700969905092	0.0795255156418815	4.960274937114357	0.7660144355015507	142.6330056136144	1769662895	14.392050324054368	6.47543271670409	-1.0951690943080212	1.2814762961742712	Condylura_cristata	Mammalia
Tachysurus_fulvidraco	Tachysurus_fulvidraco	Tachysurus fulvidraco	1731	1013117.0	0.6324044230488418	0.0130735147075806	6.658393221953498	0.8929704020433272	779.2977720655182	713810725	13.828542275080627	7.456454555176209	-0.3750987504374015	0.5425457412030674	Tachysurus_fulvidraco	Fish
Gossypium_arboreum	Gossypium_arboreum	Gossypium arboreum	2075	2349098.0	0.6315991576648948	0.0133123437166095	6.8647874676467655	0.898801039311647	957.9422244517656	1694597732	14.6695419826516	7.637716432664798	-0.3526078905659542	0.5390833578804672	Gossypium_arboreum	Viridiplantae
Perkinsus_marinus_ATCC_50983	Perkinsus_marinus	Perkinsus marinus	786	71334.0	0.625380685962056	0.0655087335632377	5.732263591188621	0.859802121066392	308.6671744887413	86605074	11.1751283510866	6.666956792429207	-0.5108551248936104	0.5124502140726572	Perkinsus_marinus	Protists
Sapajus_apella	Sapajus_apella	Sapajus apella	925	4066065.0	0.7774699263824401	0.133998349755845	5.229105116938632	0.7656314843328194	186.6257205753112	2729201088	15.2181862592699	6.829793737512425	-1.1786764915495214	1.2509827086125322	Sapajus_apella	Mammalia
Poecilia_formosa	Poecilia_formosa	Poecilia formosa	1910	995766.0	0.6232816120417197	0.0209748073342532	6.752760224488157	0.8938301366837469	856.4194129005027	748923461	13.81126756920503	7.554858521040676	-0.3783637937230919	0.5035005156284768	Poecilia_formosa	Fish
Biomphalaria_glabrata	Biomphalaria_glabrata	Biomphalaria glabrata	2353	2607883.0	0.6841345135233489	0.0134933200607542	6.749806506909183	0.8694342910269852	853.8935240432186	916388084	14.774049339059165	7.763446388727362	-0.5902826822140179	0.7728381082314477	Biomphalaria_glabrata	OtherInvertebrates
Cajanus_cajan	Cajanus_cajan	Cajanus cajan	2542	1011889.0	0.6012030269529187	0.0089792457473102	7.148009744877349	0.9116537889621544	1271.5726810364995	592816859	13.827329439019374	7.8407064517494	-0.2714322848587907	0.4104802448118493	Cajanus_cajan	Viridiplantae
Pterocles_gutturalis	Pterocles_gutturalis	Pterocles gutturalis	303	217456.0	0.6401473759692944	0.0635025016555073	4.865935798484802	0.8516211667778562	129.79234127503943	1069324295	12.289751810195128	5.713732805509369	-0.4266605404150585	0.5760038548567853	Pterocles_gutturalis	Aves
Ciona_intestinalis	Ciona_intestinalis	Ciona intestinalis	575	208335.0	0.7770346129404878	0.1147574819401444	4.855763484099791	0.7641612705782062	128.47874525777107	115227301	12.24690264001843	6.354370040797351	-1.076127639445717	1.2484683518411572	Ciona_intestinalis	OtherInvertebrates
Verticillium_dahliae_VdLs.17	Verticillium_dahliae	Verticillium dahliae	57	2042.0	0.4133718232898603	0.0842311459353575	3.74953264354312	0.927401706076154	42.50121414088428	33900324	7.621684998724611	4.04305126783455	0.127939920800999	-0.3500437028732935	Verticillium_dahliae	Fungi
Corvus_brachyrhynchos	Corvus_brachyrhynchos	Corvus brachyrhynchos	493	291007.0	0.6508483157501401	0.0644176944197218	5.25258200431732	0.8471210761700514	191.0589471620818	1091312783	12.581102600847132	6.20050917404269	-0.5235081254553009	0.6227701600015481	Corvus_brachyrhynchos	Aves
Etheostoma_spectabile	Etheostoma_spectabile	Etheostoma spectabile	3031	1558170.0	0.5885901790057433	0.0301295750784574	7.29998793722742	0.9106035401802623	1480.2820711708675	854790067	14.25902261370934	8.016647877057803	-0.2943942518691731	0.3581403012509875	Etheostoma_spectabile	Fish
Ursus_maritimus	Ursus_maritimus	Ursus maritimus	742	3061995.0	0.7815490987459337	0.0461666331917589	5.201132832332929	0.7869356938142982	181.4777092899021	2301379344	14.934577222278772	6.60934924316738	-0.986392527301363	1.2747166931128309	Ursus_maritimus	Mammalia
Aspergillus_saccharolyticus_JOP_1030-1	Aspergillus_saccharolyticus	Aspergillus saccharolyticus	67	2369.0	0.415869155698922	0.0848459265512874	3.8741871276372506	0.921396039693958	48.14354782161836	31096189	7.7702232041587855	4.204692619390966	0.0887528405117947	-0.3397543249773043	Aspergillus_saccharolyticus	Fungi
Jatropha_curcas	Jatropha_curcas	Jatropha curcas	1445	349214.0	0.5563166024866164	0.0165314105390963	6.689625007944297	0.9194268138857064	804.0206942336469	318363250	12.763440193781966	7.275864600546533	-0.1645516359163084	0.2262263217059175	Jatropha_curcas	Viridiplantae
Seriola_dumerili	Seriola_dumerili	Seriola dumerili	2006	832318.0	0.5954506188685259	0.0148573021369236	6.882609709717093	0.9051423017785444	975.1679472143556	677686174	13.631969858317584	7.603897968521881	-0.2984318265767491	0.3865446530600875	Seriola_dumerili	Fish
Pantherophis_guttatus	Pantherophis_guttatus	Pantherophis guttatus	2023	3369112.0	0.6911679520377779	0.0265770327611548	6.605190664013872	0.8676955323053474	738.9207413761246	1706961544	15.03015976612225	7.612336837167746	-0.5847888389570395	0.8055852557021422	Pantherophis_guttatus	Herptiles
Salmo_salar	Salmo_salar	Salmo salar	1421	4654884.0	0.715141744343452	0.0216965664450499	6.157604119649016	0.8482581089749236	472.29515552422754	2966890203	15.35342754894135	7.259116128097101	-0.6798471646760627	0.9204890589069804	Salmo_salar	Fish
Nanorana_parkeri	Nanorana_parkeri	Nanorana parkeri	3547	5813868.0	0.6524567316950262	0.0082212048845966	7.339177838712093	0.897884246124935	1539.445920389412	2053867363	15.575756656024852	8.173857454773621	-0.4126181927862049	0.6298556550580631	Nanorana_parkeri	Herptiles
Wasmannia_auropunctata	Wasmannia_auropunctata	Wasmannia auropunctata	1877	331498.0	0.545388135630991	0.0421510838677759	6.819446517161822	0.9047442542166744	915.4781683750732	324120201	12.71137705540735	7.537430036586509	-0.2946497436881863	0.1820537070984561	Wasmannia_auropunctata	Insecta
Cucurbita_pepo_subsp._pepo	Cucurbita_pepo	Cucurbita pepo	1213	333958.0	0.6344387155979998	0.0186520460656729	6.283987235644512	0.8849624405952422	535.9212537565627	261354759	12.718770515548838	7.10085190894405	-0.392696860589063	0.5513067576508255	Cucurbita_pepo	Viridiplantae
Plasmodium_gonderi	Plasmodium_gonderi	Plasmodium gonderi	78	7225.0	0.5826616981634283	0.1155709342560553	3.6859861005383854	0.8460483009462789	39.884433125515	33006272	8.885302512980633	4.356708826689592	-0.2489318666044209	0.3337095720512801	Plasmodium_gonderi	Protists
Phascolarctos_cinereus	Phascolarctos_cinereus	Phascolarctos cinereus	1174	9138250.0	0.7666605314324801	0.0317775285202309	5.774008374489905	0.8169026410467816	321.82514641245274	3192581492	16.02797945901521	7.068172000388042	-0.87335015716019	1.1895497708473208	Phascolarctos_cinereus	Mammalia
Grosmannia_clavigera_kw1407	Grosmannia_clavigera	Grosmannia clavigera	63	3190.0	0.5995919789023237	0.131974921630094	3.3880377554976926	0.8177474253772354	29.60779749422544	29794006	8.06777619577889	4.143134726391533	-0.34448595145451	0.4037653087726682	Grosmannia_clavigera	Fungi
Scleropages_formosus	Scleropages_formosus	Scleropages formosus	1049	1234165.0	0.7616083273123181	0.0583665879359729	5.5833170032092445	0.8027090310708337	265.95230899348644	784563014	14.025905186016177	6.955592608396297	-0.9508344351351878	1.1615174128085923	Scleropages_formosus	Fish
Amyelois_transitella	Amyelois_transitella	Amyelois transitella	1527	1113931.0	0.7876951591432332	0.036922394654606	5.913113235655688	0.8065836303987876	369.85581320811167	406468287	13.923405758592365	7.331060305218632	-0.9980425420661394	1.3110879907191146	Amyelois_transitella	Insecta
Myotis_davidii	Myotis_davidii	Myotis davidii	1136	3516307.0	0.7604376253968947	0.0375658325624014	5.634902251816888	0.8009505496908381	280.03154339796583	2059799708	15.07292184910629	7.035268599281097	-0.980351577949321	1.1550802707492562	Myotis_davidii	Mammalia
Dichomitus_squalens_LYAD-421_SS1	Dichomitus_squalens	Dichomitus squalens	269	7760.0	0.4556518989767371	0.0373711340206185	5.197731940348954	0.9290438036356512	180.86157150599053	42748430	8.956737613177264	5.594711379601839	0.0251720146160376	-0.1778597952445438	Dichomitus_squalens	Fungi
Aaosphaeria_arxii_CBS_175.79	Aaosphaeria_arxii	Aaosphaeria arxii	18	745.0	0.366517524235645	0.1409395973154362	2.669992533147145	0.9237540208635902	14.439861372080232	38901049	6.61338421837956	2.8903717578961645	0.1685895763951004	-0.5471860015247656	Aaosphaeria_arxii	Fungi
Dendroctonus_ponderosae	Dendroctonus_ponderosae	Dendroctonus ponderosae	1217	219081.0	0.532067950374474	0.0203258155659322	6.526831267424767	0.9187357663349448	683.229805216239	252847629	12.297196803429872	7.104144092987527	-0.1533093068696933	0.1284481151848905	Dendroctonus_ponderosae	Insecta
Takifugu_rubripes	Takifugu_rubripes	Takifugu rubripes	772	170539.0	0.6092136720310766	0.036267364063352	5.86574593021957	0.8822017687193622	352.7451812868278	384126662	12.046719288551865	6.648984550024776	-0.360035566099536	0.4440081285375416	Takifugu_rubripes	Fish
Trypanosoma_conorhini	Trypanosoma_conorhini	Trypanosoma conorhini	43	2210.0	0.443417868041671	0.1013574660633484	3.4299766025305307	0.9119367481190364	30.875920322822505	21334213	7.700747794511798	3.7612001156935615	0.0755488326351288	-0.2273021522896384	Trypanosoma_conorhini	Protists
Fopius_arisanus	Fopius_arisanus	Fopius arisanus	971	108897.0	0.5174990564265572	0.0141326207333535	6.37483071358674	0.9267996718350502	586.8860706938763	153631861	11.598157760332226	6.878326468291325	-0.0823257560066625	0.0700248254377818	Fopius_arisanus	Insecta
Equus_caballus	Equus_caballus	Equus caballus	887	2810171.0	0.7289930593025169	0.0532654418538943	5.5749450592694005	0.8213129607112084	263.7350654417116	2506966135	14.84875589355092	6.787844982309579	-0.7903440712871506	0.9895197791347464	Equus_caballus	Mammalia
Eurypyga_helias	Eurypyga_helias	Eurypyga helias	304	258441.0	0.7058486091399462	0.1094756636911326	4.559467061022747	0.7975240455632655	95.5325532396712	1088019637	12.462422707034682	5.717027701406222	-0.7353723940281807	0.8753062101495329	Eurypyga_helias	Aves
Xenopus_tropicalis	Xenopus_tropicalis	Xenopus tropicalis	2194	3345379.0	0.6901549916923009	0.0285614873531519	6.692926234313899	0.8699476448724378	806.6793345233631	1451301209	15.023090548564085	7.693481640835175	-0.578554987675437	0.8008439987578139	Xenopus_tropicalis	Herptiles
Anabas_testudineus	Anabas_testudineus	Anabas testudineus	1124	380760.0	0.5665710113767595	0.014155898728858	6.423553143330416	0.9144304741037856	616.1886356316242	555658001	12.849924534365242	7.024649030453636	-0.1810455999920543	0.2678744502764327	Anabas_testudineus	Fish
Wickerhamiella_sorbophila	Wickerhamiella_sorbophila	Wickerhamiella sorbophila	5	76.0	0.3526315789473684	0.5	1.3721100505051604	0.8525399084392096	3.943663251065325	8152740	4.330733340286331	1.6094379124341005	0.0660672697276509	-0.6074917359814515	Wickerhamiella_sorbophila	Fungi
Pseudopodoces_humilis	Pseudopodoces_humilis	Pseudopodoces humilis	354	229235.0	0.668519809008568	0.0592317927018125	4.912403867076362	0.8369663248904371	135.96586574662868	1042997632	12.342502957225571	5.869296913133774	-0.5325790847521628	0.7014979759692413	Pseudopodoces_humilis	Aves
Necator_americanus	Necator_americanus	Necator americanus	678	265615.0	0.708207545498711	0.0474446096794232	5.444875547686554	0.8352128441336016	231.5684586883352	244075060	12.489803170893326	6.519147287940395	-0.6523567775240302	0.8866944168012963	Necator_americanus	Nematoda
Manacus_vitellinus	Manacus_vitellinus	Manacus vitellinus	361	271110.0	0.7224995711178553	0.1236250968241673	4.62691810693638	0.7857045331342276	102.19861307025538	1072328541	12.510279921564113	5.8888779583328805	-0.8425815323215513	0.9568943476713694	Manacus_vitellinus	Aves
Neolamprologus_brichardi	Neolamprologus_brichardi	Neolamprologus brichardi	2086	895868.0	0.5979902463116687	0.0123891019659146	6.937939790212028	0.9077504239212671	1030.6446819286025	847910432	13.705548359675628	7.643003635560718	-0.2820983083356854	0.3970980920710316	Neolamprologus_brichardi	Fish
Neofusicoccum_parvum_UCRNP2	Neofusicoccum_parvum	Neofusicoccum parvum	103	3611.0	0.5308859391341989	0.1196344502907781	4.002661008061231	0.8636235297093733	54.74362962585055	42592847	8.191740021277457	4.634728988229636	-0.2149706179177668	0.1237012552596613	Neofusicoccum_parvum	Fungi
Nicotiana_attenuata	Nicotiana_attenuata	Nicotiana attenuata	2461	2753645.0	0.6361559625491673	0.0113903571448026	7.017464486009224	0.8987159522886001	1115.9535118321364	2365682703	14.82843604654876	7.808323050391055	-0.3654043729308105	0.5587184501353116	Nicotiana_attenuata	Viridiplantae
Citrus_clementina	Citrus_clementina	Citrus clementina	1617	312087.0	0.5127018450144007	0.0117178863586115	6.9136970951921874	0.935759379739804	1005.9595038148	301364702	12.651037274075104	7.388327859577107	-0.0497498739300272	0.0508183137628817	Citrus_clementina	Viridiplantae
Camelina_sativa	Camelina_sativa	Camelina sativa	1992	557882.0	0.5255990082196853	0.0090323760221695	7.08491870808699	0.9326072338866672	1193.8261831294712	641356059	13.231902749466563	7.596894438144544	-0.0884082565402737	0.1024856419391273	Camelina_sativa	Viridiplantae
Archocentrus_centrarchus	Archocentrus_centrarchus	Archocentrus centrarchus	2266	1352432.0	0.601680761750156	0.0105417499733812	7.0080977153963895	0.9071065288925954	1105.549433647028	932930362	14.117415011174504	7.725771441587952	-0.2959452422009336	0.4124732186314339	Archocentrus_centrarchus	Fish
Mus_pahari	Mus_pahari	Mus pahari	959	3670327.0	0.7292591554649798	0.0255105335301187	5.7781363331947455	0.8415712207162914	323.15637306099245	2475012951	15.11579131687895	6.865891074883439	-0.6659560847696095	0.9908670931895596	Mus_pahari	Mammalia
Colletotrichum_fioriniae_PJ7	Colletotrichum_fioriniae	Colletotrichum fioriniae	30	1159.0	0.3056945642795513	0.0931837791199309	3.2517290761271016	0.956054210102323	25.83497195322801	49002765	7.055312843339752	3.4011973816621555	0.274422927756305	-0.8203255252806612	Colletotrichum_fioriniae	Fungi
Egretta_garzetta	Egretta_garzetta	Egretta garzetta	326	269299.0	0.6661659080926241	0.050976795309303	4.872276221177558	0.8419496493692548	130.61789399192998	1206484573	12.50357756546194	5.786897381366708	-0.4956403991236611	0.6908946120186813	Egretta_garzetta	Aves
Drosophila_elegans	Drosophila_elegans	Drosophila elegans	925	105851.0	0.560037217026381	0.0373071581751707	6.036702999572908	0.8838777906888328	418.5109270284035	171267669	11.569787723849515	6.829793737512425	-0.3710786089152451	0.2413131013125753	Drosophila_elegans	Insecta
Trichoplax_adhaerens	Trichoplax_adhaerens	Trichoplax adhaerens	233	32169.0	0.6449570181726683	0.0916410208585905	4.508251847143225	0.8270445871087613	90.76301212312032	105631681	10.378758534888256	5.4510384535657	-0.5232682543750524	0.5969448183670332	Trichoplax_adhaerens	OtherInvertebrates
Clavispora_lusitaniae_ATCC_42720	Clavispora_lusitaniae	Clavispora lusitaniae	8	167.0	0.216317365269461	0.2095808383233532	2.005478182913787	0.9644311430335768	7.429645777132004	12114892	5.117993812416755	2.079441541679836	0.2995570780204817	-1.2872575227581051	Clavispora_lusitaniae	Fungi
Lepidothrix_coronata	Lepidothrix_coronata	Lepidothrix coronata	339	253095.0	0.7065514185125608	0.0781248147928643	4.699677518038953	0.8066730915581932	109.91172218868206	1079577334	12.441520191300548	5.82600010738045	-0.7065091122854703	0.8786935456103236	Lepidothrix_coronata	Aves
Paracoccidioides_lutzii_Pb01	Paracoccidioides_lutzii	Paracoccidioides lutzii	118	7286.0	0.5166118444009175	0.0542135602525391	4.299222670039981	0.9011751998847568	73.64252690238807	32925248	8.89370997756851	4.770684624465665	-0.0513883881541472	0.0664718423124934	Paracoccidioides_lutzii	Fungi
Wickerhamomyces_anomalus_NRRL_Y-366-8	Wickerhamomyces_anomalus	Wickerhamomyces anomalus	18	493.0	0.3284877169258508	0.1440162271805274	2.713907048214334	0.938947400382062	15.088110479617416	14145566	6.20050917404269	2.8903717578961645	0.2125040914622893	-0.7150328619623859	Wickerhamomyces_anomalus	Fungi
Heterocephalus_glaber	Heterocephalus_glaber	Heterocephalus glaber	865	4038556.0	0.7897378898897572	0.0559534150325017	5.2576081889868975	0.7774387817223484	192.02166207805217	2618204639	15.211397760302953	6.762729506931879	-1.08376122995434	1.3233462096424242	Heterocephalus_glaber	Mammalia
Callorhinus_ursinus	Callorhinus_ursinus	Callorhinus ursinus	692	3387798.0	0.7848436237814467	0.0410871604505345	5.088814914116791	0.7781555206481185	162.19753010783992	2706868872	15.035690710780624	6.539585955617669	-1.0298839996461693	1.2941193975648688	Callorhinus_ursinus	Mammalia
Gavia_stellata	Gavia_stellata	Gavia stellata	310	231149.0	0.6366934245317816	0.0794768742239853	4.853549155384224	0.8460712954872036	128.19456583225482	1129677294	12.350817803211902	5.736572297479192	-0.4628441588308014	0.5610412212070012	Gavia_stellata	Aves
Scedosporium_apiospermum	Pseudallescheria_boydii	Scedosporium apiospermum	58	2334.0	0.5032946251809828	0.1148243359040274	3.577305523146298	0.8810136021746295	35.77701052934588	43437139	7.755338812846501	4.060443010546419	-0.0710625960646726	0.0131786914579159	Pseudallescheria_boydii	Fungi
Aspergillus_japonicus_CBS_114.51	Aspergillus_japonicus	Aspergillus japonicus	22	1022.0	0.564935064935065	0.4305283757338551	2.2754848975629285	0.7361545277680315	9.732637200607936	36099954	6.92951677076365	3.091042453358316	-0.4159696036531701	0.2612154992636178	Aspergillus_japonicus	Fungi
Helicoverpa_armigera	Helicoverpa_armigera	Helicoverpa armigera	1098	368849.0	0.7007975027874459	0.0409978066905427	5.910790267751179	0.8442483790483024	368.9976471567317	337072206	12.818142625179588	7.001245622069476	-0.6674168633407955	0.851098383877619	Helicoverpa_armigera	Insecta
Bos_taurus	Bos_taurus	Bos taurus	760	4835001.0	0.7913899704848479	0.0344150911240762	5.239359897739422	0.7898550251187624	188.54937289035263	2715853792	15.391391893694744	6.633318433280377	-0.9733702027837304	1.3333242341999076	Bos_taurus	Mammalia
Camelus_bactrianus	Camelus_bactrianus	Camelus bactrianus	776	1832275.0	0.6955725727987023	0.030049528591505	5.637105360905313	0.847156019313801	280.6491635287219	1992663268	14.421068922121265	6.654152520183219	-0.594595437337273	0.826302627714158	Camelus_bactrianus	Mammalia
Sturnus_vulgaris	Sturnus_vulgaris	Sturnus vulgaris	364	216753.0	0.6670514541720477	0.0869376663760132	4.89245536108932	0.8296299318114877	133.2804241870376	1036755994	12.286513735377454	5.8971538676367405	-0.5852155949934215	0.6948792246187269	Sturnus_vulgaris	Aves
Chaetura_pelagica	Chaetura_pelagica	Chaetura pelagica	313	283253.0	0.7054782948476424	0.0727829890592509	4.641450986823084	0.8077422313335878	103.69469811917394	1119188094	12.554095770184562	5.746203190540153	-0.6865469283716124	0.8735233031074379	Chaetura_pelagica	Aves
Pistacia_vera	Pistacia_vera	Pistacia vera	2110	801333.0	0.5935903098854898	0.0107583239427304	6.989925303232775	0.9131853351607152	1085.640379330417	671280010	13.59403186999566	7.654443226470112	-0.2391356338581314	0.3788276276373125	Pistacia_vera	Viridiplantae
Metarhizium_acridum_CQMa_102	Metarhizium_anisopliae	Metarhizium acridum	175	7144.0	0.4433514637657975	0.0407334826427771	4.7984453923604224	0.929069552269405	121.3216632527991	39422329	8.874028122556336	5.1647859739235145	0.0586670421184942	-0.2275712191493236	Metarhizium_anisopliae	Fungi
Coniosporium_apollinis_CBS_100218	Coniosporium_apollinis	Coniosporium apollinis	92	3536.0	0.4894931634861302	0.1207579185520362	4.030713098263806	0.891397956711697	56.30104511325276	28645321	8.170751423757535	4.5217885770490405	-0.0741182146670409	-0.0420335337624262	Coniosporium_apollinis	Fungi
Prunus_avium	Prunus_avium	Prunus avium	2154	337059.0	0.5094106913545409	0.0109802734832774	7.190911157606578	0.9369165425091872	1327.312045268205	272361615	12.72801326819478	7.675081857716334	-0.0641090094459988	0.0376472112766949	Prunus_avium	Viridiplantae
Saitoella_complicata_NRRL_Y-17804	Saitoella_complicata	Saitoella complicata	26	639.0	0.4100758396533044	0.1439749608763693	2.9409704659848344	0.9026652315743762	18.93421240806963	14136186	6.459904454377535	3.258096538021482	0.0905336672138568	-0.3636518694955117	Saitoella_complicata	Fungi
Ochotona_princeps	Ochotona_princeps	Ochotona princeps	663	3181704.0	0.820215195956031	0.1363118630771435	4.7156262865003	0.7258410971018397	111.67873215845964	2229840584	14.972927460297123	6.496774990185863	-1.3602985152508005	1.5178061373398537	Ochotona_princeps	Mammalia
Schizosaccharomyces_octosporus_yFS286	Schizosaccharomyces_octosporus	Schizosaccharomyces octosporus	3	70.0	0.1809523809523809	0.4428571428571428	1.0304941203548958	0.9379961711553434	2.8024502403467446	11634473	4.248495242049359	1.0986122886681098	0.1720628218773725	-1.5099083170870675	Schizosaccharomyces_octosporus	Fungi
Pteropus_vampyrus	Pteropus_vampyrus	Pteropus vampyrus	813	1808968.0	0.6740106363499676	0.0578766456896971	5.722466665404855	0.8540063124232764	305.6579497328728	2198284804	14.408267074889851	6.70073110954781	-0.5584450979184039	0.7263811377284102	Pteropus_vampyrus	Mammalia
Microsporum_canis_CBS_113480	Microsporum_canis	Microsporum canis	20	614.0	0.4003257328990228	0.2182410423452769	2.688261597843084	0.8973637669743637	14.706088590226338	23263091	6.419994928147142	2.995732273553991	0.0942660110707267	-0.404108071667043	Microsporum_canis	Fungi
Diuraphis_noxia	Diuraphis_noxia	Diuraphis noxia	1428	275084.0	0.5342573943392773	0.0202156432217068	6.600813915459248	0.9086985854417792	735.6937381315698	395073589	12.52483178455242	7.2640301428995295	-0.2404024062190135	0.1372446015435512	Diuraphis_noxia	Insecta
Plasmodium_knowlesi_strain_H	Plasmodium_knowlesi	Plasmodium knowlesi	59	6720.0	0.5674788135593221	0.0787202380952381	3.5210653140747943	0.8635274016520369	33.820438668684346	23462187	8.812843433517195	4.07753744390572	-0.1419736969485283	0.2715721045613847	Plasmodium_knowlesi	Protists
Aureobasidium_subglaciale_EXF-2481	Aureobasidium_pullulans	Aureobasidium subglaciale	10	484.0	0.4983471074380165	0.2975206611570248	1.84540537874261	0.801449372862496	6.33066558756289	25796716	6.182084906716632	2.302585092994046	-0.0958463143084751	-0.0066115943323127	Aureobasidium_pullulans	Fungi
Corvus_moneduloides	Corvus_moneduloides	Corvus moneduloides	445	279013.0	0.6813979470249	0.0877091748413156	4.998042371557518	0.8196099523048194	148.12290547814928	1112734094	12.539013654700067	6.09807428216624	-0.6806963158075083	0.7602036511505512	Corvus_moneduloides	Aves
Vombatus_ursinus	Vombatus_ursinus	Vombatus ursinus	1235	10233325.0	0.7578985229956058	0.0293558545243115	5.901424540179784	0.828988422207567	365.5578489693239	3486597218	16.141160109556736	7.118826249062078	-0.7934640361461378	1.1411925372760223	Vombatus_ursinus	Mammalia
Aspergillus_flavus_NRRL3357	Aspergillus_flavus	Aspergillus flavus	19	527.0	0.2790372515729551	0.1195445920303605	2.818401933550508	0.957194886187924	16.750061561043616	36892344	6.267200548541362	2.9444389791664403	0.277027782947266	-0.949242178322254	Aspergillus_flavus	Fungi
Bactrocera_latifrons	Bactrocera_latifrons	Bactrocera latifrons	2048	773933.0	0.6665105686484246	0.013309937681944	6.701292621568954	0.8789019666075756	813.4566374649046	462505359	13.559240585517552	7.6246189861593985	-0.5024283138756767	0.6924448216766018	Bactrocera_latifrons	Insecta
Cordyceps_militaris_CM01	Cordyceps_militaris	Cordyceps militaris	45	2640.0	0.5326430976430977	0.1651515151515151	3.2837964810821325	0.8626445054970621	26.676858882647203	32268578	7.878534196140362	3.80666248977032	-0.1097821420360993	0.1307583787928639	Cordyceps_militaris	Fungi
Drosophila_bipectinata	Drosophila_bipectinata	Drosophila bipectinata	920	125179.0	0.5854131752895072	0.0361642128472028	6.026976770983554	0.8831545666146827	414.460125529265	167263958	11.73749999195022	6.824373670043086	-0.3759103349498263	0.3450354592964055	Drosophila_bipectinata	Insecta
Ipomoea_triloba	Ipomoea_triloba	Ipomoea triloba	2854	856163.0	0.5826753201260924	0.0066038826718743	7.323948501483399	0.920501459049129	1516.178800429353	461989178	13.660216057556934	7.956476798036782	-0.2100217217848996	0.3337655912615367	Ipomoea_triloba	Viridiplantae
Pelodiscus_sinensis	Pelodiscus_sinensis	Pelodiscus sinensis	2380	4581074.0	0.6658228805198567	0.0083072222801901	6.900149137409696	0.8874954525836859	992.4227119214372	2202483752	15.337444026416646	7.77485576666552	-0.4518230364340532	0.6893525397420939	Pelodiscus_sinensis	Herptiles
Delphinapterus_leucas	Delphinapterus_leucas	Delphinapterus leucas	821	2815234.0	0.732596595123014	0.0566208705919294	5.511890145152154	0.8213801003662616	247.6187203426687	2362774659	14.850555942211267	6.710523109452428	-0.7730429137073651	1.0078368048132056	Delphinapterus_leucas	Mammalia
Cryptococcus_neoformans_var._neoformans_B-3501A	Cryptococcus_neoformans	Cryptococcus neoformans	32	1072.0	0.2608442164179104	0.064365671641791	3.356652997804304	0.9685253267834684	28.69299446875881	19699782	6.977281341630747	3.4657359027997265	0.3030256557177462	-1.041585344794037	Cryptococcus_neoformans	Fungi
Ostrinia_furnacalis	Ostrinia_furnacalis	Ostrinia furnacalis	2481	937553.0	0.6839650323304061	0.0123673008352594	6.8303850566168	0.8738511610713372	925.5471319203826	437294469	13.751028568562088	7.816416983691801	-0.5618248942463566	0.7720539293446751	Ostrinia_furnacalis	Insecta
Ictidomys_tridecemlineatus	Ictidomys_tridecemlineatus	Ictidomys tridecemlineatus	793	3695172.0	0.7797914872728737	0.0485633686334492	5.222724016942625	0.7823340797906311	185.4386346754296	2478393770	15.12253766067212	6.675823221634848	-1.030067104531538	1.2644516773261305	Ictidomys_tridecemlineatus	Mammalia
Rattus_rattus	Rattus_rattus	Rattus rattus	917	3619503.0	0.7379588177859725	0.0294510047373907	5.674323116508814	0.8318771020084387	291.2911016618113	2382787281	15.101847281558753	6.821107472256465	-0.7224263807746301	1.0353863451534373	Rattus_rattus	Mammalia
Eucalyptus_grandis	Eucalyptus_grandis	Eucalyptus grandis	2267	845416.0	0.5863609636556841	0.0116877371613501	7.062388571523259	0.9140815676435384	1167.229850721803	691269672	13.647584092887945	7.726212650507529	-0.2409603996504197	0.3489418782569713	Eucalyptus_grandis	Viridiplantae
Vicugna_pacos	Vicugna_pacos	Vicugna pacos	854	2002320.0	0.6989881444784004	0.0467347876463302	5.700064249404422	0.8444625709147586	298.88660363644686	2119617549	14.509817066244066	6.74993119378857	-0.6295880456587275	0.84248413031282	Vicugna_pacos	Mammalia
Phytophthora_sojae	Phytophthora_sojae	Phytophthora sojae	733	32750.0	0.4367692740280974	0.013618320610687	6.242922983536085	0.946306670436388	514.3597809515319	82597641	10.396658241063395	6.597145701886651	0.0663715149756223	-0.2542842807995523	Phytophthora_sojae	Protists
Drosophila_rhopaloa	Drosophila_rhopaloa	Drosophila rhopaloa	1071	154802.0	0.6200355380628929	0.0309298329478947	6.017604287857972	0.8625722551529393	410.5937520594874	197375704	11.949902159950945	6.976348070447749	-0.5371089167866483	0.4896990687238085	Drosophila_rhopaloa	Insecta
Plasmodium_gallinaceum	Plasmodium_gallinaceum	Plasmodium gallinaceum	53	8334.0	0.5924175122593967	0.1119510439164866	3.3460469638580657	0.842771019540586	28.39028371328237	25034007	9.0280988119824	3.970291913552122	-0.2108165080282775	0.3739683074026593	Plasmodium_gallinaceum	Protists
Naumovozyma_dairenensis_CBS_421	Naumovozyma_dairenensis	Naumovozyma dairenensis	42	1273.0	0.3700108480155613	0.0761979575805184	3.516990549157789	0.9409581124971306	33.68290872311031	13527580	7.149131598557407	3.737669618283368	0.1916972546907258	-0.5321702759955548	Naumovozyma_dairenensis	Fungi
Ipomoea_nil	Ipomoea_nil	Ipomoea nil	2654	1320111.0	0.6101337584365415	0.0106551646035825	7.186225734827239	0.9115153319588412	1321.1075738126162	735230855	14.0932263819362	7.883823214892152	-0.2749441749919903	0.447874499309535	Ipomoea_nil	Viridiplantae
Paraphaeosphaeria_sporulosa	Paraconiothyrium_sporulosum	Paraphaeosphaeria sporulosa	76	2144.0	0.348586017282011	0.0503731343283582	4.12220926786369	0.9518501703896518	61.6953934619311	38464024	7.670428522190693	4.330733340286331	0.2084586378158861	-0.6252603370375363	Paraconiothyrium_sporulosum	Fungi
Hylobates_moloch	Hylobates_moloch	Hylobates moloch	949	4135374.0	0.7740899401148832	0.0574591318705394	5.392552878008304	0.7866128828235235	219.7636999591362	2848329432	15.23508832975005	6.855408798609928	-1.0399039510181574	1.2315511135845951	Hylobates_moloch	Mammalia
Strongyloides_ratti	Strongyloides_ratti	Strongyloides ratti	67	4490.0	0.5616660572416314	0.1158129175946547	3.602228430351809	0.8567162350320815	36.67988199929263	43150242	8.4096079807363	4.204692619390966	-0.1832058567736467	0.2479264228219644	Strongyloides_ratti	Nematoda
Pecten_maximus	Pecten_maximus	Pecten maximus	2132	1188314.0	0.6023818882420516	0.0108641318708691	6.94437316156151	0.9060065311540468	1037.2965760066934	918306378	13.988046053745364	7.664815785285735	-0.2980651022552063	0.4153995835783788	Pecten_maximus	OtherInvertebrates
Plasmodium_yoelii_yoelii	Plasmodium_yoelii	Plasmodium yoelii	34	3673.0	0.5852164443234413	0.1892186223795262	2.905304672617996	0.8238819180107041	18.27080941963645	23125449	8.208764045819667	3.5263605246161616	-0.2081848527893965	0.3442249375105726	Plasmodium_yoelii	Protists
Apiotrichum_porosum	Apiotrichum_porosum	Apiotrichum porosum	25	602.0	0.239734219269103	0.0780730897009966	3.1272304793045285	0.9715287726057514	22.810717226293583	25479456	6.400257445308821	3.218875824868201	0.3115761552275513	-1.1541371936459597	Apiotrichum_porosum	Fungi
Lottia_gigantea	Lottia_gigantea	Lottia gigantea	1284	517703.0	0.6679239744160316	0.0295246502338213	6.193827189292891	0.8653333450114177	489.7167630041904	359505668	13.157156997735092	7.157735484249907	-0.5404095930104642	0.6988104208808132	Lottia_gigantea	OtherInvertebrates
Talaromyces_stipitatus_ATCC_10500	Talaromyces_stipitatus	Talaromyces stipitatus	247	8904.0	0.4542624703995111	0.0295372866127583	5.1543436425932265	0.9355564225389028	173.18210009274452	35685443	9.09425589295538	5.5093883366279774	0.0656691707108718	-0.1834629855243232	Talaromyces_stipitatus	Fungi
Babesia_bovis	Babesia_bovis	Babesia bovis	21	1118.0	0.4090638044126416	0.1815742397137746	2.761390472012623	0.9070028316419586	15.821827468571804	8179706	7.0192966537150445	3.044522437723423	0.1076048957344477	-0.3678369066041029	Babesia_bovis	Protists
Phaethon_lepturus	Phaethon_lepturus	Phaethon lepturus	304	267877.0	0.6825576786714562	0.1075344281143957	4.630227602060116	0.8099012010946204	102.53739917812987	1152958507	12.498283198916928	5.717027701406222	-0.6646118529908112	0.7655508976395073	Phaethon_lepturus	Aves
Esox_lucius	Esox_lucius	Esox lucius	2648	1504854.0	0.5855571571803513	0.0117944996657483	7.191584713696415	0.9124570249263382	1328.2063655330278	918748614	14.224206441492564	7.881559917056899	-0.2675995362604491	0.3456287286341156	Esox_lucius	Fish
Candida_duobushaemulonis	[Candida]_duobushaemulonis	Candida duobushaemulonis	13	284.0	0.380281690140845	0.3204225352112676	2.256687561882908	0.8798175898943645	9.551398292934785	12580400	5.648974238161206	2.5649493574615367	0.0757495529218665	-0.4883527679139324	[Candida]_duobushaemulonis	
Temnothorax_curvispinosus	Temnothorax_curvispinosus	Temnothorax curvispinosus	1840	270107.0	0.4747436663988715	0.0078709548438211	7.106723551204446	0.9453546844016226	1220.1432528518587	303539295	12.506573455772171	7.517520850603031	0.0128443543334331	-0.1011113892277746	Temnothorax_curvispinosus	Insecta
Gymnodraco_acuticeps	Gymnodraco_acuticeps	Gymnodraco acuticeps	2768	1809389.0	0.6222360590031131	0.0603988418189786	6.892235808297066	0.8695861573562139	984.6003357220394	996888495	14.408499777191974	7.92588031673756	-0.6119338502280982	0.4990500309990319	Gymnodraco_acuticeps	Fish
Betta_splendens	Betta_splendens	Betta splendens	959	253751.0	0.5838849789314822	0.0193181504703429	6.204346260639815	0.9036476391733532	494.89531761586	441388503	12.444108750217069	6.865891074883439	-0.2397461573245403	0.3387422945485164	Betta_splendens	Fish
Tribolium_castaneum	Tribolium_castaneum	Tribolium castaneum	854	188820.0	0.5912060902332668	0.0229265967588179	6.056199501581954	0.8972238868382832	426.750486455762	165928604	12.148549459286508	6.74993119378857	-0.2734527934811952	0.3689535301104075	Tribolium_castaneum	Insecta
Pocillopora_damicornis	Pocillopora_damicornis	Pocillopora damicornis	1073	236334.0	0.6245845409790184	0.0388179440960674	6.05672786322037	0.8679481722119134	426.97602461959065	234333463	12.373001337716648	6.9782137426306985	-0.4997733186189848	0.5090533908339308	Pocillopora_damicornis	OtherInvertebrates
Desmodus_rotundus	Desmodus_rotundus	Desmodus rotundus	824	2069839.0	0.712618842846353	0.0780886822598279	5.566280829093602	0.8290347712048136	261.45987475020223	2063808397	14.542981384438926	6.714170529909472	-0.7270356940385696	0.9081372868552172	Desmodus_rotundus	Mammalia
Papilio_polytes	Papilio_polytes	Papilio polytes	602	347767.0	0.7714135739888548	0.0468905905390678	5.0072342843219655	0.7823488862923951	149.49071506627772	227021014	12.759287994284568	6.400257445308821	-0.974055333050302	1.2163102713636842	Papilio_polytes	Insecta
Aureobasidium_pullulans_EXF-150	Aureobasidium_pullulans	Aureobasidium pullulans	51	2031.0	0.565393267104971	0.1575578532742491	3.337777400989147	0.8489128747747727	28.15647655118215	29621078	7.616283561580385	3.9318256327243257	-0.1795282410551677	0.2630799771231962	Aureobasidium_pullulans	Fungi
Papio_anubis	Papio_anubis	Papio anubis	911	4208915.0	0.7826124285953049	0.0714735270253735	5.234828292541279	0.7681848029228985	187.69687462371311	2869821163	15.252715452728166	6.814542897259958	-1.1582890095043092	1.280955787008302	Papio_anubis	Mammalia
Anarrhichthys_ocellatus	Anarrhichthys_ocellatus	Anarrhichthys ocellatus	1948	745258.0	0.5930427340452796	0.0156013085401297	6.843912911341654	0.9035395166088344	938.1528711264124	612790998	13.521485746135504	7.57455848420248	-0.3087147645899035	0.3765582782828243	Anarrhichthys_ocellatus	Fish
Cladophialophora_psammophila_CBS_110553	Cladophialophora_psammophila	Cladophialophora psammophila	64	3333.0	0.4458023927392739	0.0957095709570957	3.8027207371045786	0.9143610582177332	44.822970262975865	39420127	8.11162807830774	4.158883083359672	0.0601004459447729	-0.2176455267237625	Cladophialophora_psammophila	Fungi
Solanum_lycopersicum	Solanum_lycopersicum	Solanum lycopersicum	2067	997279.0	0.5831315892983123	0.0106620113328366	6.976256160760708	0.9138577398976888	1070.9015692486184	828349174	13.812785849314755	7.633853559681768	-0.234473968759393	0.3356422613812114	Solanum_lycopersicum	Viridiplantae
Aureobasidium_namibiae_CBS_147.97	Aureobasidium_pullulans	Aureobasidium namibiae	20	1260.0	0.6089682539682539	0.2873015873015873	2.3225211858321373	0.7752766181194194	10.201361439378102	25428601	7.138866999945524	2.995732273553991	-0.2714744009402201	0.4429773896337021	Aureobasidium_pullulans	Fungi
Asterias_rubens	Asterias_rubens	Asterias rubens	2642	1098127.0	0.693614612665294	0.0193429357442263	6.8212459014811815	0.8657181821989618	917.1269483855456	417601740	13.909116559208124	7.879291485082271	-0.637331808501358	0.8170727478381471	Asterias_rubens	OtherInvertebrates
Chaetomium_globosum_CBS_148.51	Chaetomium_globosum	Chaetomium globosum	96	2829.0	0.4703627606928243	0.0611523506539413	4.16906898547292	0.9133985424832808	64.65522911995261	34886939	7.947678571301568	4.564348191467836	0.017565124097735	-0.1186880898062296	Chaetomium_globosum	Fungi
Zymoseptoria_tritici_IPO323	Zymoseptoria_tritici	Zymoseptoria tritici	191	6661.0	0.4547986207124223	0.051043386878847	4.887505624469181	0.930550492358295	132.62235117828573	39686251	8.804024902413179	5.25227342804663	0.0593268682002312	-0.1813005005562356	Zymoseptoria_tritici	Fungi
Aspergillus_brunneoviolaceus_CBS_621.78	Aspergillus_brunneoviolaceus	Aspergillus brunneoviolaceus	20	1834.0	0.621701199563795	0.3402399127589967	2.222588901505961	0.741918402097124	9.231198620929357	37477200	7.51425465281641	2.995732273553991	-0.371406685266396	0.4967752300618322	Aspergillus_brunneoviolaceus	Fungi
Boleophthalmus_pectinirostris	Boleophthalmus_pectinirostris	Boleophthalmus pectinirostris	2397	2698660.0	0.7127272469696259	0.0203349069538215	6.670156570210473	0.8571292099407071	788.5190533923194	955752150	14.808265911482492	7.781973234434385	-0.6909859165598666	0.9086666809612488	Boleophthalmus_pectinirostris	Fish
Plasmodium_gaboni	Plasmodium_gaboni	Plasmodium gaboni	7	1361.0	0.5174766453238165	0.4452608376193975	1.4818084555535396	0.7614989090184444	4.400897315853832	20385537	7.215975002651466	1.9459101490553128	-0.1056053078325875	0.0699350712305078	Plasmodium_gaboni	Protists
Auxenochlorella_protothecoides	Auxenochlorella_protothecoides	Auxenochlorella protothecoides	21	562.0	0.3063887476698864	0.1352313167259786	2.8907028783403743	0.9494766215294936	18.005961154871432	22924637	6.331501849893691	3.044522437723423	0.2369173020621988	-0.8170569355402816	Auxenochlorella_protothecoides	Viridiplantae
Ramularia_collo-cygni	Ramularia_collo-cygni	Ramularia collo-cygni	79	3185.0	0.460266677264869	0.0762951334379905	4.003844325088347	0.9163272935796104	54.80844703712287	32254922	8.066207568006265	4.3694478524670215	0.0575773991082937	-0.159269116101764	Ramularia_collo-cygni	Fungi
Arachis_hypogaea	Arachis_hypogaea	Arachis hypogaea	1896	2958168.0	0.6147384209809773	0.0143876209870433	6.815808489900284	0.9030549149024124	912.1536847888348	2557073284	14.900080715771946	7.547501682814967	-0.3098672018753579	0.4672743159832177	Arachis_hypogaea	Viridiplantae
Mastacembelus_armatus	Mastacembelus_armatus	Mastacembelus armatus	1435	444626.0	0.5719370455984062	0.0165937214647816	6.594541066931432	0.9072243126394252	731.0932868016953	591951587	13.004988758334536	7.268920128193722	-0.2503348544051365	0.2897586506915754	Mastacembelus_armatus	Fish
Parasteatoda_tepidariorum	Parasteatoda_tepidariorum	Parasteatoda tepidariorum	2703	2410999.0	0.6350408531920501	0.0303504895688467	7.008231801539647	0.886880226787058	1105.6976824455987	1445396121	14.695551742397564	7.902117546276448	-0.4711582828297622	0.5539039117940633	Parasteatoda_tepidariorum	OtherArthropoda
Branchiostoma_floridae	Branchiostoma_floridae	Branchiostoma floridae	2458	889393.0	0.6068353502818737	0.0083495147814295	7.118450940283239	0.9117915666987892	1234.5365806262537	521895125	13.698294486553284	7.80710329012598	-0.2660274666095183	0.4340290225117375	Branchiostoma_floridae	OtherInvertebrates
Chlamydotis_macqueenii	Chlamydotis_macqueenii	Chlamydotis macqueenii	288	223226.0	0.6773666473539024	0.0667932946878947	4.682820160184757	0.8269208617313785	108.074430406378	1086566339	12.315939990160354	5.662960480135946	-0.5600741264481366	0.7416961555595276	Chlamydotis_macqueenii	Aves
Yarrowia_lipolytica_CLIB122	Yarrowia_lipolytica	Yarrowia lipolytica	32	966.0	0.3902691511387163	0.1024844720496894	3.217686461631038	0.9284280602661308	24.970283594374155	20550897	6.873163834212518	3.4657359027997265	0.1640591195444805	-0.4461809962035762	Yarrowia_lipolytica	Fungi
Trypanosoma_cruzi	Trypanosoma_cruzi	Trypanosoma cruzi	191	57742.0	0.7536031826715733	0.1226490249731564	3.9650221873719778	0.754915417426508	52.72143912685168	89937456	10.963740090649605	5.25227342804663	-0.8631565688969722	1.117922631654176	Trypanosoma_cruzi	Protists
Xylona_heveae_TC161	Xylona_heveae	Xylona heveae	8	243.0	0.3348765432098765	0.2633744855967078	1.8973401651261907	0.9124277490356676	6.668134696545051	24337763	5.493061443340548	2.079441541679836	0.1914190602328855	-0.6862107365632886	Xylona_heveae	Fungi
Lagenorhynchus_obliquidens	Lagenorhynchus_obliquidens	Lagenorhynchus obliquidens	807	2738233.0	0.7353955332596924	0.0427447189483144	5.473908934638168	0.8178162607894669	238.39022566853612	2334467171	14.822823379821976	6.693323668269949	-0.7983182905834072	1.0221723623134615	Lagenorhynchus_obliquidens	Mammalia
Melampsora_larici-populina_98AG31	Melampsora_laricis-populina	Melampsora larici-populina	1344	84432.0	0.4257236346014149	0.0063956793632745	6.888550379676507	0.9562907932248068	980.9783398681592	101129028	11.34370175564545	7.203405521083095	0.1078946174270187	-0.2993203625924226	Melampsora_laricis-populina	Fungi
Aptenodytes_forsteri	Aptenodytes_forsteri	Aptenodytes forsteri	335	277260.0	0.6603574854573702	0.0716006636370194	4.868047912290844	0.8372787445421791	130.066767178316	1254347440	12.532710973092367	5.814130531825066	-0.5276829502348184	0.6648876963599145	Aptenodytes_forsteri	Aves
Brassica_rapa	Brassica_rapa	Brassica rapa	684	176558.0	0.5944303609721147	0.0247793926075284	5.843094438562608	0.8950876387834672	344.8447923509497	352983092	12.08140471327244	6.52795791762255	-0.2620308097118986	0.3823109754430667	Brassica_rapa	Viridiplantae
Struthio_camelus_australis	Struthio_camelus	Struthio camelus	272	209990.0	0.6124134062406333	0.0643125863136339	4.8379237202670256	0.8630207886493675	126.20703839044523	1225041896	12.254815189518164	5.605802066295998	-0.3426231706831162	0.4574682632635118	Struthio_camelus	Aves
Erythranthe_guttata	Erythranthe_guttata	Erythranthe guttata	1398	451049.0	0.65920935806387	0.0542867848060853	6.140026936425876	0.84774240588746	464.0660709722437	322166964	13.01933126003322	7.242797922793756	-0.6812451411769933	0.6597728391159817	Erythranthe_guttata	Viridiplantae
Drosophila_virilis	Drosophila_virilis	Drosophila virilis	627	160881.0	0.683581087458553	0.0695482996749149	5.459950944057447	0.8476938769190474	235.0858917223693	189443829	11.988420240240243	6.440946540632921	-0.5609008905550645	0.7702782765070054	Drosophila_virilis	Insecta
Histoplasma_capsulatum_NAm1	Histoplasma_capsulatum	Histoplasma capsulatum	191	8175.0	0.492492434795139	0.0470948012232415	4.786655772769075	0.911349311558838	119.8997255175134	33030326	9.008835995765454	5.25227342804663	-0.0415229834998749	-0.0300325179403329	Histoplasma_capsulatum	Fungi
Cricetulus_griseus	Cricetulus_griseus	Cricetulus griseus	983	3786662.0	0.752076865882129	0.029023715346128	5.675237305144194	0.8236191033606308	291.5575184355767	2399770464	15.146995450194044	6.890609120147166	-0.7973365928117113	1.1097197789454036	Cricetulus_griseus	Mammalia
Aspergillus_nomiae_NRRL_13137	Aspergillus_dromiae	Aspergillus nomiae	23	610.0	0.2350677120456165	0.0754098360655737	3.04559241404722	0.9713277092251664	21.022481528006253	36137300	6.413458957167357	3.1354942159291497	0.3203729684828018	-1.1799137084259708	Aspergillus_dromiae	Fungi
Balearica_regulorum_gibbericeps	Balearica_regulorum	Balearica regulorum	327	241275.0	0.6209067843898859	0.0660366801367733	5.012762340825232	0.865768017890945	150.31939657464494	1127605500	12.393692640775336	5.7899601708972535	-0.3605925121079529	0.4933988386949464	Balearica_regulorum	Aves
Ornithorhynchus_anatinus	Ornithorhynchus_anatinus	Ornithorhynchus anatinus	800	6616206.0	0.8429090920838922	0.0486827344855949	5.01547630229834	0.7503018135726633	150.72791172204876	1858552590	15.705032651839382	6.684611727667927	-1.2467426854140422	1.6800344445278133	Ornithorhynchus_anatinus	Mammalia
Aspergillus_glaucus_CBS_516.65	Aspergillus_glaucus	Aspergillus glaucus	79	2819.0	0.4872362495004513	0.1287690670450514	3.8619023467649294	0.8838421871963689	47.55573286769529	27993362	7.944137491114112	4.3694478524670215	-0.0843645792151241	-0.0510660963899709	Aspergillus_glaucus	Fungi
Mustela_erminea	Mustela_erminea	Mustela erminea	710	3394498.0	0.7942283004629223	0.0962648969008083	4.971908683575132	0.7573051059275605	144.3020516424476	2445217270	15.037666443535272	6.565264970035361	-1.172969050402667	1.350603652440002	Mustela_erminea	Mammalia
Pseudochaenichthys_georgianus	Pseudochaenichthys_georgianus	Pseudochaenichthys georgianus	2843	1873437.0	0.6076122565912814	0.0477507383488209	7.068502063700231	0.8888273812402292	1174.3875582843775	1026101545	14.44328526974896	7.952615111651	-0.462238021122145	0.437286450395262	Pseudochaenichthys_georgianus	Fish
Citrus_sinensis	Citrus_sinensis	Citrus sinensis	1988	400515.0	0.5276384032318953	0.0067313334082368	7.087335692869026	0.933172294867084	1196.715132713689	327829540	12.90050649797272	7.59488438721652	-0.0837216209624314	0.1106664195984092	Citrus_sinensis	Viridiplantae
Opisthorchis_viverrini	Opisthorchis_viverrini	Opisthorchis viverrini	911	771307.0	0.7428215454271109	0.0610198014538957	5.452377759179994	0.8001090962935058	233.3122672721085	620452578	13.55584175746758	6.814542897259958	-0.940739542865594	1.0606856150507702	Opisthorchis_viverrini	OtherInvertebrates
Endocarpon_pusillum_Z07020	Endocarpon_pusillum	Endocarpon pusillum	310	16530.0	0.4646300958179654	0.0214761040532365	5.363687508355524	0.9349986769472906	213.51081953328256	37130611	9.712932190815067	5.736572297479192	0.0472941941404982	-0.1417163215180754	Endocarpon_pusillum	Fungi
Vavraia_culicis_subsp._floridensis	Vavraia_culicis	Vavraia culicis	12	616.0	0.4163961038961039	0.2678571428571428	2.173223969755578	0.8745696623818795	8.786566049272132	6118689	6.423246963533519	2.4849066497880004	0.0604450654246191	-0.3375855125502772	Vavraia_culicis	Fungi
Monoraphidium_neglectum	Monoraphidium_neglectum	Monoraphidium neglectum	78	19221.0	0.7697597045966017	0.1189844440976015	3.0563352788144456	0.7015238796981473	21.249540653150184	69711829	9.863758710307131	4.356708826689592	-0.8785826883283607	1.2069548680286508	Monoraphidium_neglectum	Viridiplantae
Pichia_membranifaciens_NRRL_Y-2026	Pichia_membranifaciens	Pichia membranifaciens	9	398.0	0.4193188163037409	0.2336683417085427	1.8939603668171323	0.8619785097767539	6.645635788475969	11582150	5.986452005284438	2.19722457733622	0.0870844174099565	-0.3255703403712836	Pichia_membranifaciens	Fungi
Monomorium_pharaonis	Monomorium_pharaonis	Monomorium pharaonis	1444	270464.0	0.5027874893237746	0.010936760530052	6.8162574198948	0.9369204082862892	912.56326986818	257976923	12.507894281535672	7.275172319452771	-0.0391130733618805	0.0111500728122482	Monomorium_pharaonis	Insecta
Trematomus_bernacchii	Trematomus_bernacchii	Trematomus bernacchii	2576	1293063.0	0.579775214737247	0.0146868327374613	7.219945959041244	0.9192707300424828	1366.4152163246051	867125071	14.072524380464936	7.853993087224244	-0.2119131286510613	0.3218506965075983	Trematomus_bernacchii	Fish
Guillardia_theta_CCMP2712	Guillardia_theta	Guillardia theta	116	12845.0	0.6523033247875868	0.0970027247956403	3.826662278887098	0.805004664904963	45.90905061975449	87145349	9.460709909543985	4.7535901911063645	-0.5058569509541524	0.6291791990737927	Guillardia_theta	Protists
Schizophyllum_commune_H4-8	Schizophyllum_commune	Schizophyllum commune	183	3743.0	0.3352677274445997	0.0229762222815923	5.016893194664975	0.96303033494553	150.94162832056068	38482026	8.22764270790443	5.209486152841421	0.2227148440649538	-0.6844549628831568	Schizophyllum_commune	Fungi
Aspergillus_aculeatus_ATCC_16872	Aspergillus_aculeatus	Aspergillus aculeatus	27	1232.0	0.4503367003367003	0.1298701298701298	2.9474223209127937	0.8942864713101132	19.05676813044284	35424414	7.116394144093465	3.295836866004329	0.0558438944540617	-0.1993103823804246	Aspergillus_aculeatus	Fungi
Apaloderma_vittatum	Apaloderma_vittatum	Apaloderma vittatum	334	311726.0	0.7108583497690913	0.0650282619993199	4.712996992467876	0.8110278167685085	111.38548162432774	1070836417	12.64987987581537	5.811140992976701	-0.677542123678367	0.8995564759478122	Apaloderma_vittatum	Aves
Equus_asinus	Equus_asinus	Equus asinus	906	2936344.0	0.7300223060041825	0.0485637922532237	5.630324583918738	0.8268897168682607	278.7525815559583	2391051217	14.892675828065652	6.80903930604298	-0.7560348896750524	0.9947357490904436	Equus_asinus	Mammalia
Prosopis_alba	Prosopis_alba	Prosopis alba	1536	928374.0	0.6337279923240347	0.0213470002391277	6.527798351911621	0.889717116105458	683.8908657609973	707161903	13.741189947820082	7.336936913707618	-0.3856696991409043	0.5482435804428605	Prosopis_alba	Viridiplantae
Trichoderma_virens_Gv29-8	Trichoderma_virens	Trichoderma virens	34	1700.0	0.4197923875432526	0.1088235294117647	3.2261462433815864	0.9148656868352244	25.182422804345308	39022666	7.438383530044307	3.5263605246161616	0.1126567179741937	-0.323625718312297	Trichoderma_virens	Fungi
Trichoderma_gamsii	Trichoderma_gamsii	Trichoderma gamsii	35	1719.0	0.4732319454832543	0.1442699243746364	3.1638801469909	0.8898932234683882	23.66223096968165	37908251	7.449498005382849	3.555348061489413	0.0124334375112411	-0.1071746881017014	Trichoderma_gamsii	Fungi
Globicephala_melas	Globicephala_melas	Globicephala melas	776	2782791.0	0.7306987511836694	0.0487122460867524	5.503448055597123	0.827069719082061	245.5370999059879	2333870982	14.838964938873742	6.654152520183219	-0.7282527426454628	0.9981706326522252	Globicephala_melas	Mammalia
Exophiala_xenobiotica	Exophiala_xenobiotica	Exophiala xenobiotica	11	313.0	0.2997386000580889	0.2140575079872204	2.2519583834311367	0.9391395900301668	9.506334666895944	31405760	5.746203190540153	2.3978952727983707	0.2381852703525608	-0.848542932139663	Exophiala_xenobiotica	Fungi
Photinus_pyralis	Photinus_pyralis	Photinus pyralis	4240	1052569.0	0.5790165956851984	0.0061744170690947	7.703294095188587	0.9222940972270188	2215.634495010593	471511253	13.866744400584604	8.352318548226004	-0.225202833544424	0.3187377266053658	Photinus_pyralis	Insecta
Microcaecilia_unicolor	Microcaecilia_unicolor	Microcaecilia unicolor	3252	12345074.0	0.6753392325342081	0.0134089921210678	7.164965602756446	0.8859828163945271	1293.317113492401	4685939420	16.328767675073138	8.087025470667701	-0.5000810607872523	0.7324342865593979	Microcaecilia_unicolor	Herptiles
Parastagonospora_nodorum_SN15	Parastagonospora_nodorum	Parastagonospora nodorum	60	2617.0	0.4562412431537384	0.0787160871226595	3.740549057466458	0.9135892205995412	42.121110727497765	37213987	7.869783902530146	4.0943445622221	0.063272927566377	-0.1754839751932511	Parastagonospora_nodorum	Fungi
Octopus_bimaculoides	Octopus_bimaculoides	Octopus bimaculoides	2979	7608666.0	0.7474897915706417	0.0243892950485669	6.587819477278987	0.8235450731668501	726.1956561015451	2338188782	15.844798418808187	7.999342952713282	-0.988204664055325	1.0852689710885348	Octopus_bimaculoides	OtherInvertebrates
Beta_vulgaris_subsp._vulgaris	Beta_vulgaris	Beta vulgaris	2627	844865.0	0.5636617293846639	0.009409787362478	7.269079092854295	0.9232220500743424	1435.2281324199396	566550431	13.646932130262185	7.87359778968554	-0.1815468750207598	0.2560365084010059	Beta_vulgaris	Viridiplantae
Lepisosteus_oculatus	Lepisosteus_oculatus	Lepisosteus oculatus	1412	938999.0	0.639845868866559	0.0273472069725313	6.3519775946673045	0.8758011401085334	573.6259877557425	945878036	13.752569693227109	7.252762418053187	-0.4774685487616308	0.5746952355926983	Lepisosteus_oculatus	Fish
Volvox_carteri_f._nagariensis	Volvox_carteri	Volvox carteri	542	70682.0	0.5961479046894824	0.0296539430123652	5.566973170970128	0.884311031447604	261.640957048719	137684403	11.165946222581114	6.295266001439646	-0.3057238034722429	0.3894400882954905	Volvox_carteri	Viridiplantae
Seriola_lalandi_dorsalis	Seriola_lalandi	Seriola lalandi	1895	952724.0	0.6154218119235034	0.0256191719742548	6.7018045354764	0.8880121265980643	813.8731638344518	732509836	13.767080528938395	7.546974117516527	-0.4216312159138127	0.4701607874726602	Seriola_lalandi	Fish
Prunus_dulcis	Prunus_dulcis	Prunus dulcis	1479	230946.0	0.5217605815635554	0.0106128705411654	6.803538632684647	0.9321037699457464	901.0300714455705	227599157	12.34993919594258	7.2991214627108	-0.0732203422639665	0.0870973441739848	Prunus_dulcis	Viridiplantae
Rousettus_aegyptiacus	Rousettus_aegyptiacus	Rousettus aegyptiacus	747	1625134.0	0.662617680811769	0.0339885818646339	5.704365171006272	0.8621990581085481	300.1748598451706	1910250568	14.301100831884671	6.616065185132817	-0.4864601305973979	0.6749814078782761	Rousettus_aegyptiacus	Mammalia
Drosophila_biarmipes	Drosophila_biarmipes	Drosophila biarmipes	949	139290.0	0.5444413604111957	0.0207983344102232	6.25825754311103	0.9128934140849512	522.3080474873988	169378599	11.844313369682077	6.855408798609928	-0.1741992859154306	0.1782357970332428	Drosophila_biarmipes	Insecta
Macaca_mulatta	Macaca_mulatta	Macaca mulatta	938	4209646.0	0.7773557750456612	0.0428751016118695	5.396938252699567	0.7885937231653608	220.72956241346083	2971331530	15.25288911661249	6.843749949006225	-1.0264708039345445	1.2503230348568273	Macaca_mulatta	Mammalia
Loa_loa	Loa_loa	Loa loa	245	21008.0	0.4941868598162799	0.0494573495811119	5.043300604533639	0.9167540245369172	154.98070178168928	91365832	9.952658596542577	5.501258210544727	-0.0398763505847714	-0.0232536085057992	Loa_loa	Nematoda
Plasmodium_berghei_ANKA	Plasmodium_berghei	Plasmodium berghei	15	1161.0	0.4463967843812805	0.2041343669250646	2.374068640192444	0.8766708383862931	10.74100478593862	18780606	7.057036981697891	2.70805020110221	0.0521100670844667	-0.2152400052522119	Plasmodium_berghei	Protists
Epinephelus_lanceolatus	Epinephelus_lanceolatus	Epinephelus lanceolatus	3534	2313648.0	0.5826887338332858	0.0049086982980989	7.530635905672326	0.9217215159631162	1864.2906396918256	1087415941	14.654336057619336	8.170185652879642	-0.218336744585331	0.3338207545452195	Epinephelus_lanceolatus	Fish
Vitis_riparia	Vitis_riparia	Vitis riparia	1854	588122.0	0.573400963886486	0.0099962252729875	6.917139638317133	0.9192089078512778	1009.4285304996312	500266779	13.284689688352342	7.5251007461258	-0.1855577979633489	0.2957406878770454	Vitis_riparia	Viridiplantae
Kluyveromyces_marxianus_DMKU3-1042	Kluyveromyces_marxianus	Kluyveromyces marxianus	11	260.0	0.2916083916083916	0.2230769230769231	2.25438309775946	0.940150774445028	9.529412780382012	10966467	5.560681631015528	2.3978952727983707	0.240609984680884	-0.887585282449882	Kluyveromyces_marxianus	Fungi
Lonchura_striata_domestica	Lonchura_striata	Lonchura striata	390	243781.0	0.6719346041881432	0.0723313137611216	4.960857215776137	0.831501039564573	142.7160819536916	1060269806	12.404025560260648	5.966146739123692	-0.5814164395390451	0.7169480546052336	Lonchura_striata	Aves
Glycine_soja	Glycine_soja	Glycine soja	1619	1036548.0	0.5962351140605789	0.0168848910036004	6.685482559221921	0.9047194937523604	800.6969686703045	1013211804	13.851406519481802	7.389563953677635	-0.2821407172766541	0.3898023328977423	Glycine_soja	Viridiplantae
Sarcophilus_harrisii	Sarcophilus_harrisii	Sarcophilus harrisii	1092	6690717.0	0.7413857740530129	0.0376950631748435	5.758112121627638	0.8230852765766347	316.74977904363607	3086674442	15.716231601249486	6.9957661563048505	-0.8163566634216277	1.0531836263607703	Sarcophilus_harrisii	Mammalia
Homo_sapiens	Homo_sapiens	Homo sapiens	918	4602852.0	0.7807424178670681	0.0615863816607616	5.312779345094781	0.7787489925751877	202.913411780808	3272089205	15.342186669338728	6.822197390620491	-1.085810465467258	1.2699980719820356	Homo_sapiens	Mammalia
Monopterus_albus	Monopterus_albus	Monopterus albus	2311	858519.0	0.5756256100915081	0.0100277338067066	7.116771756164046	0.9188342805049716	1232.4653059179925	684144148	13.662964090699694	7.745435610274381	-0.2051308320366534	0.3048414061973356	Monopterus_albus	Fish
Brugia_malayi	Brugia_malayi	Brugia malayi	176	94834.0	0.8982263505417121	0.3954278001560621	2.457639090656619	0.4753208970407972	11.677210136080385	93659149	11.45988327373268	5.170483995038151	-2.291545637193139	2.177670872852913	Brugia_malayi	Nematoda
Terrapene_carolina_triunguis	Terrapene_carolina	Terrapene carolina	2417	4594025.0	0.6339415468686226	0.009154064246494	7.002577182032819	0.8988861815045615	1099.4630266774564	2571267249	15.340267104097087	7.790282380703483	-0.3658440524203916	0.5491637241600563	Terrapene_carolina	Herptiles
Acipenser_ruthenus	Acipenser_ruthenus	Acipenser ruthenus	3427	3500782.0	0.5831293504097733	0.0099969092619877	7.466301513140454	0.917299105887548	1748.1292814854253	1830501248	15.068496930074623	8.139440521874608	-0.2500867695874973	0.3356330512337103	Acipenser_ruthenus	Fish
Notothenia_coriiceps	Notothenia_coriiceps	Notothenia coriiceps	2419	877100.0	0.566507294204769	0.0106293467107513	7.166187964999303	0.9197904297507692	1294.8989821112468	636613682	13.684376289939474	7.791109510610028	-0.2022331886698598	0.2676149865278096	Notothenia_coriiceps	Fish
Hevea_brasiliensis	Hevea_brasiliensis	Hevea brasiliensis	1144	1330026.0	0.6860767333545685	0.0242070455765526	6.043290000255053	0.8581432013278261	421.2767580552057	1373527118	14.10070904887904	7.042286171939743	-0.5790980005676767	0.7818408953689804	Hevea_brasiliensis	Viridiplantae
Drosophila_ananassae	Drosophila_ananassae	Drosophila ananassae	1043	196229.0	0.6483260671915271	0.0212608737750281	6.103446763814672	0.8782119175170782	447.3971879918538	217108776	12.18703762354964	6.949856455000773	-0.4264238558408744	0.61168934086175	Drosophila_ananassae	Insecta
Moniliophthora_perniciosa_FA553	Moniliophthora_perniciosa	Moniliophthora perniciosa	81	2013.0	0.3692664348402053	0.0566318926974664	4.159742212946749	0.9465901337199144	64.05500791965511	26663261	7.607381425639791	4.394449154672439	0.1812803269368941	-0.5353651020244397	Moniliophthora_perniciosa	Fungi
Dendronephthya_gigantea	Dendronephthya_gigantea	Dendronephthya gigantea	2118	382078.0	0.5351332233942947	0.0114845659786745	7.128309881528258	0.9308041393621648	1246.7679995868818	286150628	12.853380055226756	7.658227526161352	-0.1079203386076184	0.140764868972391	Dendronephthya_gigantea	OtherInvertebrates
Strigops_habroptila	Strigops_habroptila	Strigops habroptila	298	272666.0	0.7170587837705121	0.0680136137252169	4.564429335976293	0.8011856127669255	96.00779018887306	1148597545	12.51600288192601	5.697093486505405	-0.7113700831358898	0.9299186634083052	Strigops_habroptila	Aves
Rhinolophus_ferrumequinum	Rhinolophus_ferrumequinum	Rhinolophus ferrumequinum	781	2092371.0	0.6904533118436921	0.0252001198640202	5.678872936479528	0.8526099936904418	292.6194432996152	2075768562	14.553808430699888	6.660575149839686	-0.5611103445973527	0.8022394245544747	Rhinolophus_ferrumequinum	Mammalia
Trichoderma_reesei_QM6a	Trichoderma_reesei	Trichoderma reesei	32	862.0	0.3408497679814385	0.0986078886310904	3.273346426697018	0.9444881313814792	26.39953580086245	33395713	6.759255270663693	3.4657359027997265	0.2197190846104604	-0.6595096610977277	Trichoderma_reesei	Fungi
Perca_flavescens	Perca_flavescens	Perca flavescens	3702	1805973.0	0.5649115611043474	0.0050443722026852	7.612589633738029	0.9264858013356448	2023.511472108157	877439799	14.4066100626812	8.216628493133443	-0.1819607254363582	0.2611198716450905	Perca_flavescens	Fish
Papilio_xuthus	Papilio_xuthus	Papilio xuthus	674	324085.0	0.7561187262252929	0.1769474057731768	4.910789942724116	0.7539715101569262	135.7466041082683	243890167	12.688761106046869	6.513230110912307	-1.182713956016756	1.1315168851379795	Papilio_xuthus	Insecta
Coniophora_puteana_RWD-64-598_SS2	Coniophora_puteana	Coniophora puteana	240	5298.0	0.3259217314709953	0.0173650434126085	5.301408298335783	0.96729749441386	200.61914272858627	42968544	8.575084669832014	5.480638923341991	0.2388269279662438	-0.7266889645554242	Coniophora_puteana	Fungi
Castor_canadensis	Castor_canadensis	Castor canadensis	903	3814800.0	0.7927532965679743	0.0499947572611932	5.292459531570993	0.7776484407102049	198.83185773721704	2518306565	15.154398796686896	6.805722553416985	-1.0923982234697878	1.3416021841550565	Castor_canadensis	Mammalia
Aspergillus_thermomutatus	Aspergillus_fischeri	Aspergillus thermomutatus	68	1334.0	0.3396684010935709	0.0554722638680659	4.024908345001233	0.9538810274155544	55.97517814163976	30945974	7.195937226475569	4.219507705176107	0.2218333600557724	-0.6647722806306843	Aspergillus_fischeri	Fungi
Thamnophis_sirtalis	Thamnophis_sirtalis	Thamnophis sirtalis	2197	2472022.0	0.676380647377674	0.024977528517141	6.743532397398975	0.8763697910554296	848.5528739942472	1424897867	14.720546997196491	7.69484807238461	-0.5326328592881113	0.7371880178610488	Thamnophis_sirtalis	Herptiles
Tremella_mesenterica_DSM_1558	Tremella_mesenterica	Tremella mesenterica	151	7659.0	0.620870222367487	0.1023632327980154	4.17767514762846	0.8326573927517938	65.21406376754263	28639919	8.943636705909594	5.017279836814924	-0.4187375568765699	0.4932435107352588	Tremella_mesenterica	Fungi
Oreochromis_niloticus	Oreochromis_niloticus	Oreochromis niloticus	1766	1275032.0	0.6095708711082681	0.0102091555349199	6.76505986610774	0.9048464999551814	867.018111235846	1005681550	14.058481834298927	7.476472381163905	-0.2903831639154166	0.4455087549203	Oreochromis_niloticus	Fish
Phocoena_sinus	Phocoena_sinus	Phocoena sinus	820	2816369.0	0.7529436587564672	0.0427326816905029	5.417684225263812	0.80748822091073	225.35664254315216	2371524154	14.8509590246073	6.709304340258298	-0.8672374141582715	1.1143739898148275	Phocoena_sinus	Mammalia
Clupea_harengus	Clupea_harengus	Clupea harengus	2121	1013028.0	0.6292047832614166	0.0261897992947875	6.773998148975691	0.8843751842164914	874.8025020829871	725686888	13.828454423520098	7.659642954564682	-0.4646306856423274	0.5288068395206783	Clupea_harengus	Fish
Pogonomyrmex_barbatus	Pogonomyrmex_barbatus	Pogonomyrmex barbatus	801	110933.0	0.4844825356169535	0.0155048542814131	6.250493388588244	0.9348823491952796	518.2684693454945	235645958	11.616681694448872	6.68586094706836	-0.0175341307895564	-0.0620897969318603	Pogonomyrmex_barbatus	Insecta
Rhinopithecus_roxellana	Rhinopithecus_roxellana	Rhinopithecus roxellana	930	4356796.0	0.8024320288954179	0.071050606913888	5.17908106415289	0.7577090272952108	177.51960688746377	3038477066	15.28724748279618	6.835184586147301	-1.2373387992184224	1.401564469597124	Rhinopithecus_roxellana	Mammalia
Papaver_somniferum	Papaver_somniferum	Papaver somniferum	2423	3349085.0	0.6207133337102686	0.0189833939717863	6.959820280888659	0.8931134468409497	1053.4442161703469	2715377404	15.024197732164916	7.792761720816526	-0.4094889236966024	0.4925770603102805	Papaver_somniferum	Viridiplantae
Acanthamoeba_castellanii_str._Neff	Acanthamoeba_castellanii	Acanthamoeba castellanii	62	2143.0	0.375498622672467	0.0695286980867942	3.880097701982963	0.9401432907158828	48.4289464443096	42019824	7.669961995473577	4.127134385045092	0.1762768175999398	-0.5086987318369591	Acanthamoeba_castellanii	Protists
Xenopus_laevis	Xenopus_laevis	Xenopus laevis	2429	5822542.0	0.7013720538643679	0.0163512775004456	6.752537336921245	0.8662391061234638	856.2285489326977	2718433805	15.577247494110924	7.795234929002173	-0.6219169650247531	0.8538400222810667	Xenopus_laevis	Herptiles
Larimichthys_crocea	Larimichthys_crocea	Larimichthys crocea	1960	778095.0	0.5871332411668425	0.0122080208714874	6.890532438656083	0.9089573078836226	982.9246249842364	657939657	13.56460390367511	7.580699752224563	-0.2668850802487048	0.3521268576548207	Larimichthys_crocea	Fish
Spinacia_oleracea	Spinacia_oleracea	Spinacia oleracea	2078	1094863.0	0.6098830910375076	0.0149370286510732	6.865944416645462	0.898782505351203	959.0511561141471	869946296	13.906139799250058	7.639161171659173	-0.3509922027842513	0.4468208239893382	Spinacia_oleracea	Viridiplantae
Ostreococcus_tauri	Ostreococcus_tauri	Ostreococcus tauri	37	766.0	0.3169853927034083	0.0796344647519582	3.44440515934721	0.953886308876216	31.32464473156569	13032761	6.641182169740591	3.610917912644224	0.243326264481547	-0.7676605532907551	Ostreococcus_tauri	Viridiplantae
Phialophora_attinorum	Phialophora_attinorum	Phialophora attinorum	30	1333.0	0.4018754688672168	0.0937734433608402	3.139105299896445	0.9229412314678348	23.083205071081224	30363635	7.195187320178709	3.4011973816621555	0.1617991515256482	-0.3976567166215351	Phialophora_attinorum	Fungi
Aphanomyces_astaci	Aphanomyces_astaci	Aphanomyces astaci	1260	63310.0	0.516137574494864	0.0214658031906491	6.543453201261434	0.9165954767488128	694.6813152962143	75844385	11.055798573538173	7.138866999945524	-0.1731046209003564	0.0645727256962958	Aphanomyces_astaci	Protists
Prunus_mume	Prunus_mume	Prunus mume	1770	275109.0	0.521877947791541	0.0287122558694917	6.924812775048297	0.9259337222887136	1017.2038058612578	234030239	12.524922661753756	7.478734825567875	-0.1319699791181809	0.0875677048058469	Prunus_mume	Viridiplantae
Folsomia_candida	Folsomia_candida	Folsomia candida	912	179176.0	0.5832728346489074	0.0287538509621824	6.095204294105804	0.8942966915773569	443.72468625609343	221702752	12.096123841982308	6.815639990074331	-0.2954564913887907	0.3362233329097231	Folsomia_candida	Insecta
Aspergillus_caelatus	Aspergillus_caelatus	Aspergillus caelatus	66	1813.0	0.3200203914489629	0.0546056260341974	4.009848766988046	0.9570833431130386	55.13853116674061	40016351	7.502738210754851	4.189654742026425	0.2345984320093306	-0.7536780932540358	Aspergillus_caelatus	Fungi
Drosophila_serrata	Drosophila_serrata	Drosophila serrata	585	112565.0	0.6452388648382075	0.0775374228223692	5.35762514718255	0.8408586831148805	212.22035541300625	198035861	11.631286111555074	6.371611847231857	-0.5908013605624811	0.5981758770166631	Drosophila_serrata	Insecta
Musa_acuminata_subsp._malaccensis	Musa_acuminata	Musa acuminata	1042	350251.0	0.6488204365379407	0.0367821933413466	6.080167681657621	0.8749831069790254	437.1024826425393	472231289	12.766405319298675	6.948897222313312	-0.4477468841674508	0.6138583318146422	Musa_acuminata	Viridiplantae
Phalaenopsis_equestris	Phalaenopsis_equestris	Phalaenopsis equestris	1949	1618906.0	0.6481734594313133	0.0133448143375835	6.724409365818532	0.8877024050156083	832.480140086865	1064200343	14.297261170443004	7.575071699507561	-0.4269760153970034	0.6110200731732169	Phalaenopsis_equestris	Viridiplantae
Populus_euphratica	Populus_euphratica	Populus euphratica	1321	535810.0	0.5966337932533142	0.0229316362143297	6.466906919151191	0.8999133116602585	643.4902781494469	496032534	13.19153489959896	7.186144304522325	-0.2974122626782991	0.391458662610717	Populus_euphratica	Viridiplantae
Bathycoccus_prasinos	Bathycoccus_prasinos	Bathycoccus prasinos	18	1365.0	0.5533170533170533	0.3135531135531135	2.3213678752115627	0.8031381668706981	10.18960288282319	15074320	7.21890970761906	2.8903717578961645	-0.1800350815404821	0.2140821191231988	Bathycoccus_prasinos	Viridiplantae
Bombus_vosnesenskii	Bombus_vosnesenskii	Bombus vosnesenskii	983	207025.0	0.5793655923185397	0.0206206979833353	6.223291258545556	0.9031554613001532	504.3604840549663	275577952	12.2405948379019	6.890609120147166	-0.2492826394103495	0.3201696324426111	Bombus_vosnesenskii	Insecta
Plasmodium_fragile	Plasmodium_fragile	Plasmodium fragile	132	6914.0	0.527403774511093	0.0987850737633786	4.348646333507464	0.8906046983785961	77.37365388035629	25914542	8.84130362048157	4.882801922586371	-0.1082160776938216	0.1097250526936339	Plasmodium_fragile	Protists
Aspergillus_welwitschiae	Aspergillus_niger	Aspergillus welwitschiae	58	1712.0	0.3418667418627135	0.0613317757009345	3.863376259524349	0.9514666871298972	47.625877550025024	37511876	7.445417556701687	4.060443010546419	0.2150081403133779	-0.6549864133308914	Aspergillus_niger	Fungi
Bactrocera_dorsalis	Bactrocera_dorsalis	Bactrocera dorsalis	1370	478529.0	0.6312723131913094	0.017509910580132	6.451200129608579	0.8932005761936416	633.4620733936657	414984608	13.07847209409928	7.222566018822171	-0.3486620045178563	0.5376789321207629	Bactrocera_dorsalis	Insecta
Apis_cerana	Apis_cerana	Apis cerana	152	33238.0	0.4836145850817548	0.0475359528250797	4.61241634572524	0.9180983358553828	100.72724766798044	228331812	10.411449078687468	5.0238805208462765	0.0144390873602757	-0.065565137128298	Apis_cerana	Insecta
Fusarium_pseudograminearum_CS3096	Gibberella_coronicola	Fusarium pseudograminearum	45	3159.0	0.5076571348176286	0.1168091168091168	3.354914843100241	0.8813271079629297	28.64316492372369	36973259	8.058010800802085	3.80666248977032	-0.0386637800179907	0.030630934012493	Gibberella_coronicola	Fungi
Neodiprion_lecontei	Neodiprion_lecontei	Neodiprion lecontei	1148	187401.0	0.5037125246729577	0.0177853906862823	6.5675450166266565	0.9321250744989336	711.6206799906566	239677193	12.141005984951518	7.045776576879511	-0.0566898206655812	0.014850371602893	Neodiprion_lecontei	Insecta
Acromyrmex_echinatior	Acromyrmex_echinatior	Acromyrmex echinatior	1852	432030.0	0.5659633317800654	0.0208110547878619	6.8810450284146345	0.9145435198400648	973.643313254772	295944863	12.976250309259536	7.524021415206125	-0.2181885262294658	0.2654002717462447	Acromyrmex_echinatior	Insecta
Trypanosoma_theileri	Trypanosoma_theileri	Trypanosoma theileri	116	9155.0	0.6099709975705757	0.1933369743309667	3.9176029760429216	0.8241356150920379	50.279778382382	29822211	9.122055457108612	4.7535901911063645	-0.4149162537983288	0.4471903095084004	Trypanosoma_theileri	Protists
Agrilus_planipennis	Agrilus_planipennis	Agrilus planipennis	2400	589703.0	0.6143940798729756	0.0164879608887863	6.981651400732725	0.8970127785194273	1076.6949544998529	353072773	13.287374299308198	7.783224016336037	-0.3789214333596922	0.4658206305185776	Agrilus_planipennis	Insecta
Fragaria_vesca_subsp._vesca	Fragaria_vesca	Fragaria vesca	1284	163251.0	0.4566847982554471	0.0070811204831823	6.789907730228554	0.9486111557446164	888.831545763312	214373013	12.003044172694189	7.157735484249907	0.0556709479251988	-0.1736961999787	Fragaria_vesca	Viridiplantae
Drosophila_mauritiana	Drosophila_mauritiana	Drosophila mauritiana	501	50440.0	0.57503589173754	0.0492268041237113	5.550036572970817	0.8927759749813127	257.2469640194402	152313266	10.828539790078857	6.2166061010848646	-0.2462815990439084	0.3024277450513255	Drosophila_mauritiana	Insecta
Labrus_bergylta	Labrus_bergylta	Labrus bergylta	2137	1140964.0	0.5935121126883228	0.0153826062873149	6.974596059379081	0.909671592410448	1069.1252389260883	805480521	13.947384077075643	7.667158255319148	-0.2698187771577487	0.378503491719203	Labrus_bergylta	Fish
Leptosomus_discolor	Leptosomus_discolor	Leptosomus discolor	294	217813.0	0.6413692535546078	0.080821622217223	4.784385431556631	0.8417908479178263	119.6278210041147	1136244952	12.291392175486711	5.683579767338681	-0.4767337242229645	0.5813120519276253	Leptosomus_discolor	Aves
Haliaeetus_leucocephalus	Haliaeetus_leucocephalus	Haliaeetus leucocephalus	336	216263.0	0.5988733432595189	0.0349713080832134	5.136466691953416	0.882992700449944	170.11364129998515	1178409481	12.284250538594192	5.817111159963204	-0.2582371201486095	0.4007728991218761	Haliaeetus_leucocephalus	Aves
Ichthyophthirius_multifiliis	Ichthyophthirius_multifiliis	Ichthyophthirius multifiliis	16	1130.0	0.413716814159292	0.2725663716814159	2.448536561322227	0.8831228886137231	11.571400287479316	48799969	7.029972911706386	2.772588722239781	0.0625359394528399	-0.3486212091316358	Ichthyophthirius_multifiliis	Protists
Phytophthora_infestans_T30-4	Phytophthora_infestans	Phytophthora infestans	1136	134676.0	0.5346930703589502	0.0185927707980635	6.411418139379618	0.9113252818854384	608.756370591625	228543505	11.810627172804256	7.035268599281097	-0.2038356903865903	0.138995630418109	Phytophthora_infestans	Protists
Laccaria_bicolor_S238N-H82	Laccaria_bicolor	Laccaria bicolor	706	37505.0	0.5195038772922818	0.0263964804692707	5.999011162549055	0.9145370491031388	403.03006516418185	64877444	10.532229536403737	6.559615237493242	-0.1381693766266014	0.0780551149281475	Laccaria_bicolor	Fungi
Cryptotermes_secundus	Cryptotermes_secundus	Cryptotermes secundus	2453	2925234.0	0.7407553887164666	0.0198883234640374	6.487857933505389	0.8312366692965109	657.1142721051815	1018932804	14.888885035448263	7.8050670442584895	-0.8944385158163435	1.0498984000014795	Cryptotermes_secundus	Insecta
Echinops_telfairi	Echinops_telfairi	Echinops telfairi	913	5151230.0	0.7783897740443105	0.0499678717510186	5.460289728194602	0.8010123648384665	235.16554858583265	2947119619	15.454746079074848	6.816735880594968	-0.9345690385323496	1.256307293820042	Echinops_telfairi	Mammalia
Cryptococcus_gattii_WM276	Cryptococcus_gattii	Cryptococcus gattii	30	1018.0	0.3754420432220039	0.0844793713163064	3.176353242410858	0.9338926519044252	23.95922057383784	18374760	6.925595197110468	3.4011973816621555	0.1990470940400612	-0.5089400166705296	Cryptococcus_gattii	Fungi
Colletotrichum_higginsianum_IMI_349063	Colletotrichum_higginsianum	Colletotrichum higginsianum	77	3801.0	0.4387157173266092	0.1128650355169692	3.963255506216447	0.9123925041110978	52.62837938150756	50716103	8.24301946898925	4.343805421853684	0.029054124528423	-0.2463758853253929	Colletotrichum_higginsianum	Fungi
Moniliophthora_roreri_MCA_2997	Moniliophthora_roreri	Moniliophthora roreri	297	13595.0	0.3685307160114074	0.0233909525560867	5.443863909738258	0.9561152117849744	231.33431370284308	52204869	9.51745735706657	5.6937321388027	0.1687354094397326	-0.5385252385179143	Moniliophthora_roreri	Fungi
Aspergillus_fumigatus_Af293	Aspergillus_fumigatus	Aspergillus fumigatus	32	865.0	0.366871387283237	0.0947976878612716	3.245083786177142	0.9363332571173888	25.663860246889847	29384958	6.762729506931879	3.4657359027997265	0.1914564440905848	-0.5456622378883059	Aspergillus_fumigatus	Fungi
Sipha_flava	Sipha_flava	Sipha flava	2402	398412.0	0.4273485199188321	0.0058959067497966	7.459607109451673	0.9583186642803078	1736.4656823541966	353179758	12.895241924720896	7.784057002639929	0.09769438446303	-0.2926774082451762	Sipha_flava	Insecta
Phyllostomus_discolor	Phyllostomus_discolor	Phyllostomus discolor	841	2363725.0	0.7224150699580633	0.0404827126675057	5.5757089650920095	0.8279208668628331	263.9366111650034	2117764065	14.67574932248428	6.734591659972948	-0.7367064623741832	0.9564729222793308	Phyllostomus_discolor	Mammalia
Momordica_charantia	Momordica_charantia	Momordica charantia	1758	399561.0	0.5766140042336966	0.0114926131429243	6.839564951767045	0.9153676559347692	934.0826753035687	285613949	12.898121723395985	7.471932078245122	-0.2096032011793962	0.3088887900199777	Momordica_charantia	Viridiplantae
Meyerozyma_guilliermondii_ATCC_6260	Meyerozyma_guilliermondii	Meyerozyma guilliermondii	3	85.0	0.2901960784313726	0.6	0.9440094287887392	0.8592744123891045	2.570266085569406	10609954	4.442651256490317	1.0986122886681098	0.0855781303112159	-0.8944319380616559	Meyerozyma_guilliermondii	Fungi
Drosophila_ficusphila	Drosophila_ficusphila	Drosophila ficusphila	648	63639.0	0.530427925922434	0.0421596819560332	5.826165857341956	0.8999481348402623	339.0561938938897	152439475	11.06098176894046	6.473890696352274	-0.2244878394118181	0.1218622888902022	Drosophila_ficusphila	Insecta
Drosophila_melanogaster	Drosophila_melanogaster	Drosophila melanogaster	589	50448.0	0.5655512011359543	0.0279099270535997	5.762140562028792	0.9033796733115164	318.0283602656144	143726002	10.82869838178484	6.3784261836515865	-0.193645529468422	0.2637227342583451	Drosophila_melanogaster	Insecta
Xiphophorus_hellerii	Xiphophorus_hellerii	Xiphophorus hellerii	1910	1055042.0	0.6309024882769114	0.0158903626585481	6.7603038563339775	0.8948286506631696	862.9043549117218	732906125	13.86909113452643	7.554858521040676	-0.3708201618772717	0.536090446838252	Xiphophorus_hellerii	Fish
Caenorhabditis_elegans	Caenorhabditis_elegans	Caenorhabditis elegans	506	90918.0	0.6093119396038319	0.0435557315383092	5.495172136460455	0.8825407169872647	243.51344009475923	100272607	11.417713280364218	6.226536669287466	-0.3092648952072832	0.4444209105945651	Caenorhabditis_elegans	Nematoda
Hyposmocoma_kahamanoa	Hyposmocoma_kahamanoa	Hyposmocoma kahamanoa	3674	2360577.0	0.6955752717645453	0.0263011966989426	7.060837230731556	0.8601298620362343	1165.420483276724	731440758	14.674416638644034	8.20903626577507	-0.7265837737921181	0.8263153736651596	Hyposmocoma_kahamanoa	Insecta
Acanthisitta_chloris	Acanthisitta_chloris	Acanthisitta chloris	327	320358.0	0.732876291132476	0.0893874977369068	4.497658658850872	0.7768030394160523	89.80661702591604	1035876403	12.67719439944148	5.7899601708972535	-0.8756961940823134	1.0092650368307874	Acanthisitta_chloris	Aves
Monodelphis_domestica	Monodelphis_domestica	Monodelphis domestica	1382	8339689.0	0.7627272562876073	0.0327315562966436	5.904194975411523	0.8164791373759768	366.5720074949369	3598443077	15.936536483471768	7.231287004327616	-0.9042133391806207	1.167690208304776	Monodelphis_domestica	Mammalia
Theileria_annulata	Theileria_annulata	Theileria annulata	24	1714.0	0.5353947880202256	0.2637106184364061	2.633398375005924	0.8286198143842042	13.920998379588644	8358125	7.446585099157725	3.1780538303479458	-0.1528127272476758	0.1418163578167976	Theileria_annulata	Protists
Hydra_vulgaris	Hydra_vulgaris	Hydra vulgaris	4806	1785757.0	0.5186217843130698	0.0063015292674199	7.943209883658755	0.9369622009012848	2816.386287020584	852170992	14.395352972931136	8.477620416296414	-0.1122402659375634	0.0745216059006624	Hydra_vulgaris	OtherInvertebrates
Acinonyx_jubatus	Acinonyx_jubatus	Acinonyx jubatus	702	3318184.0	0.8025083751059164	0.0678506677146294	4.969449592590042	0.7582392566786709	143.94763571722692	2384851327	15.01492820328838	6.553933404025811	-1.1605858394558624	1.4020461133763114	Acinonyx_jubatus	Mammalia
Melopsittacus_undulatus	Melopsittacus_undulatus	Melopsittacus undulatus	333	356882.0	0.7246093892324299	0.0491254812515061	4.713399559582276	0.8115158276012175	111.43033078304384	1171617451	12.78516047391108	5.808142489980444	-0.6711276359118985	0.9674422435516686	Melopsittacus_undulatus	Aves
Vulpes_vulpes	Vulpes_vulpes	Vulpes vulpes	659	3453678.0	0.8206576852328813	0.0903758254243736	4.675592805431217	0.720350016539348	107.2961539856858	2421568072	15.054950308096926	6.490723534502507	-1.3928525748068663	1.5208097213618657	Vulpes_vulpes	Mammalia
Mandrillus_leucophaeus	Mandrillus_leucophaeus	Mandrillus leucophaeus	1020	4140378.0	0.7710033712087233	0.0550616392996001	5.489137916943654	0.7923626177081754	242.04845102000823	3061992840	15.236297645981336	6.927557906278317	-1.015154128227878	1.2139854640579215	Mandrillus_leucophaeus	Mammalia
Suricata_suricatta	Suricata_suricatta	Suricata suricatta	722	2883102.0	0.7864142044405538	0.0523522927735473	5.05989426106939	0.7687442928728352	157.57385375165342	2353578744	14.874377355807384	6.582025138892826	-1.1005528726532576	1.303445026600034	Suricata_suricatta	Mammalia
Caenorhabditis_remanei	Caenorhabditis_remanei	Caenorhabditis remanei	748	135448.0	0.6298243547181277	0.0322928356269564	5.816543355954344	0.8789767489322119	335.8092720062068	145442736	11.816343081808068	6.617402977974478	-0.3792357989524717	0.5314633685045017	Caenorhabditis_remanei	Nematoda
Theileria_parva_strain_Muguga	Theileria_parva	Theileria parva	10	945.0	0.585925925925926	0.5100529100529101	1.6353966782096687	0.710243753069367	5.131493144864706	8347606	6.851184927493743	2.302585092994046	-0.3058550148414163	0.3471484946125549	Theileria_parva	Protists
Eremothecium_sinecaudum	Eremothecium_sinecaudum	Eremothecium sinecaudum	8	191.0	0.2571989528795811	0.1884816753926701	1.9491571908017864	0.9373464710276004	7.022766233678333	8948761	5.25227342804663	2.079441541679836	0.2432360859084814	-1.060578318046242	Eremothecium_sinecaudum	Fungi
Camelus_dromedarius	Camelus_dromedarius	Camelus dromedarius	838	1974417.0	0.7045809497243658	0.0533990539992311	5.643380359130799	0.8384140816270593	282.4157734722051	2169346739	14.495783722866834	6.731018100482083	-0.669138894190783	0.8692083707542193	Camelus_dromedarius	Mammalia
Anoplophora_glabripennis	Anoplophora_glabripennis	Anoplophora glabripennis	4146	1612488.0	0.5552937554418635	0.0033166138290641	7.766663290870273	0.932383816140604	2360.5815587704765	706968555	14.293288885763909	8.329899292995725	-0.1412389939883294	0.2220833232071996	Anoplophora_glabripennis	Insecta
Astatotilapia_calliptera	Astatotilapia_calliptera	Astatotilapia calliptera	2244	1176339.0	0.6023987597406709	0.0087100742218017	7.018501681603826	0.9096018396886526	1117.1115743632492	880445564	13.97791763120637	7.716015266642587	-0.2735002691288857	0.4154700234780726	Astatotilapia_calliptera	Fish
Actinia_tenebrosa	Actinia_tenebrosa	Actinia tenebrosa	1991	426062.0	0.5664206439575138	0.0200369899216545	6.973900817863232	0.9180543261479636	1068.3821970010713	238200427	12.962340154567704	7.596392304064196	-0.2003164062541156	0.2672621509915185	Actinia_tenebrosa	OtherInvertebrates
Aspergillus_uvarum_CBS_121591	Aspergillus_uvarum	Aspergillus uvarum	34	1394.0	0.4778462317495147	0.1800573888091822	3.085177223756679	0.8748899048240382	21.871342620127887	35850703	7.239932591320469	3.5263605246161616	-0.0283123016507138	-0.088673129859144	Aspergillus_uvarum	Fungi
Geospiza_fortis	Geospiza_fortis	Geospiza fortis	428	284222.0	0.6483189197176855	0.0485571138054056	5.146777315576324	0.8494260884692459	171.87669248818253	1065292181	12.557510901923573	6.059123195581797	-0.4904548568697784	0.611657992352482	Geospiza_fortis	Aves
Halyomorpha_halys	Halyomorpha_halys	Halyomorpha halys	2802	2537122.0	0.6577746395018443	0.0155960178501467	6.99118534433697	0.8807139331472134	1087.0091930324056	998240896	14.746540925718474	7.938088726896952	-0.5243156901637054	0.6533929106266766	Halyomorpha_halys	Insecta
Tetrapisispora_blattae_CBS_6284	Tetrapisispora_blattae	Tetrapisispora blattae	36	1602.0	0.3390553474823137	0.0774032459425717	3.40073991491458	0.9489945423254056	29.98627913623148	14048593	7.379008127628304	3.58351893845611	0.2275051421677463	-0.6675067424289721	Tetrapisispora_blattae	Fungi
Prunus_persica	Prunus_persica	Prunus persica	964	186511.0	0.5584125660126483	0.0156559130560664	6.281723838616871	0.914225058186033	534.7096229018599	227411381	12.136245497559926	6.871091294610546	-0.1685049543394488	0.2347220158858413	Prunus_persica	Viridiplantae
Chelonia_mydas	Chelonia_mydas	Chelonia mydas	2246	4129376.0	0.6540177443768546	0.0151717838239966	6.83802831906312	0.8861100807984255	932.6484355485997	2208393880	15.233636863933656	7.716906135298388	-0.456074581503687	0.6367469937473628	Chelonia_mydas	Herptiles
Bombyx_mandarina	Bombyx_mandarina	Bombyx mandarina	1667	1071280.0	0.7654451052885533	0.0389571353894406	6.031692028281294	0.8130300818434222	416.4190263921253	398588931	13.884364753169448	7.418780882750794	-0.9650251378412884	1.182767848526464	Bombyx_mandarina	Insecta
Ceratotherium_simum_simum	Ceratotherium_simum	Ceratotherium simum	983	3192826.0	0.7303656629356499	0.0382839528367659	5.74795947653465	0.8341729121926869	313.55020052959327	2464367180	14.97641697600598	6.890609120147166	-0.724614421421256	0.9964785829343592	Ceratotherium_simum	Mammalia
Lupinus_angustifolius	Lupinus_angustifolius	Lupinus angustifolius	2128	983416.0	0.6024894663245641	0.0087379094909987	6.978966236759028	0.9107428995184514	1073.8077300676498	609203021	13.798787503911004	7.662937850461535	-0.2616594455555958	0.415848748377554	Lupinus_angustifolius	Viridiplantae
Colletotrichum_orchidophilum	Colletotrichum_orchidophilum	Colletotrichum orchidophilum	25	1536.0	0.5769270833333333	0.408203125	2.401193252154052	0.7459726260960597	11.036337660403367	48556462	7.336936913707618	3.218875824868201	-0.4144610719229251	0.3101713424659788	Colletotrichum_orchidophilum	Fungi
Lucilia_cuprina	Lucilia_cuprina	Lucilia cuprina	1761	744095.0	0.6607415777003525	0.0248234432431342	6.563791024704101	0.8782592637849956	708.9542696787898	378290214	13.519923993835832	7.473637108496206	-0.4863224843360054	0.6666006821877188	Lucilia_cuprina	Insecta
Paramormyrops_kingsleyae	Paramormyrops_kingsleyae	Paramormyrops kingsleyae	2051	937009.0	0.6029743523587316	0.0136679583653945	6.898495924948595	0.904592323974767	990.7833817812892	799421083	13.750448166297163	7.62608275807238	-0.3056465392881504	0.4178737801899782	Paramormyrops_kingsleyae	Fish
Python_bivittatus	Python_bivittatus	Python bivittatus	1798	2276559.0	0.6656729887976177	0.0133925806447362	6.5950292617887305	0.8799907494716666	731.45028992097	1435052152	14.638175650398953	7.494430215031565	-0.4763898946972738	0.6886789526940212	Python_bivittatus	Herptiles
Lynx_canadensis	Lynx_canadensis	Lynx canadensis	662	3533093.0	0.7950400956546395	0.0437908087899186	5.030572119568838	0.7744982982213306	153.0205336987512	2408883772	15.077684249232874	6.495265555937008	-1.042796644253304	1.3555781767189967	Lynx_canadensis	Mammalia
Ixodes_scapularis	Ixodes_scapularis	Ixodes scapularis	3527	4954022.0	0.6083101455867793	0.0109254662171463	7.412253909108163	0.9074522232632578	1656.154966064155	2081329876	15.415710329877456	8.168202930236053	-0.3323849903020814	0.4402145208634717	Ixodes_scapularis	OtherArthropoda
Macaca_nemestrina	Macaca_nemestrina	Macaca nemestrina	945	4323107.0	0.7818011478352987	0.0651841372420344	5.378513810312871	0.7850486984709673	216.69997871368085	2948703511	15.279484914673557	6.851184927493743	-1.0515196017887654	1.2761936086416283	Macaca_nemestrina	Mammalia
Oreochromis_aureus	Oreochromis_aureus	Oreochromis aureus	2378	1201710.0	0.5882773831702496	0.0147090396185435	7.070612881925855	0.9095188022746118	1176.869095061493	918953803	13.999256100409246	7.774015077250727	-0.2804070898478068	0.3568487142635232	Oreochromis_aureus	Fish
Crocodylus_porosus	Crocodylus_porosus	Crocodylus porosus	2133	3133979.0	0.6293167684922667	0.0088558347072523	6.922807482160632	0.903137683258974	1015.1660581274264	2049536252	14.957814001173675	7.665284718471351	-0.319597493458696	0.5292868619759268	Crocodylus_porosus	Herptiles
Ailuropoda_melanoleuca	Ailuropoda_melanoleuca	Ailuropoda melanoleuca	728	2812571.0	0.7676603986174927	0.0736870287007865	5.110524855495908	0.7754615180886628	165.75733069286585	2444077458	14.849609569620622	6.590301048196686	-1.058015944576402	1.1951473456336683	Ailuropoda_melanoleuca	Mammalia
Alternaria_arborescens	Alternaria_arborescens	Alternaria arborescens	39	1599.0	0.4819678966020429	0.1313320825515947	3.239885385372598	0.8843539970987961	25.53079537705289	33943449	7.377133712833954	3.6635616461296463	-0.0112997076956347	-0.0721597087384611	Alternaria_arborescens	Fungi
Trichophyton_benhamiae_CBS_112371	Arthroderma_benhamiae	Trichophyton benhamiae	3	74.0	0.1801801801801801	0.4864864864864865	1.0422943457157994	0.9487371991618746	2.8357156685164195	22224160	4.30406509320417	1.0986122886681098	0.183863047238276	-1.5151272329628598	Arthroderma_benhamiae	Fungi
Dissoconium_aciculare_CBS_342.82	Dissoconium_aciculare	Dissoconium aciculare	26	793.0	0.4456785333203996	0.1488020176544766	2.928335667466766	0.8987872622230625	18.69648741537748	26537235	6.675823221634848	3.258096538021482	0.0778988686957884	-0.2181468683967132	Dissoconium_aciculare	Fungi
Harpegnathos_saltator	Harpegnathos_saltator	Harpegnathos saltator	1825	394786.0	0.6033229003068699	0.0438744028410328	6.638661210708489	0.8840544436405272	764.0713773921049	334536844	12.8860991249198	7.509335266016592	-0.4465812401098699	0.4193299442942252	Harpegnathos_saltator	Insecta
Helobdella_robusta	Helobdella_robusta	Helobdella robusta	1016	468909.0	0.7180420905165975	0.0279478534214527	5.83081351070295	0.8421615057465459	340.635677155192	235376169	13.058163998751445	6.923628628138427	-0.6715717347893788	0.9347703865723384	Helobdella_robusta	OtherInvertebrates
Crassostrea_gigas	Magallana_gigas	Crassostrea gigas	2448	981311.0	0.5868799522877836	0.0083021590504946	7.127946821377034	0.9134848754097112	1246.315429968378	647887097	13.79664471175165	7.803026643632217	-0.2523724199527386	0.3510820651793017	Magallana_gigas	OtherInvertebrates
Arachis_duranensis	Arachis_duranensis	Arachis duranensis	2104	1286912.0	0.595720693657056	0.0086151966878854	6.973799037496844	0.9114176213551444	1068.2734622032465	1084261490	14.067756108172135	7.651595573857601	-0.2528866394124689	0.387665930996908	Arachis_duranensis	Viridiplantae
Mus_caroli	Mus_caroli	Mus caroli	956	3648328.0	0.7294213992394191	0.0217384511480327	5.782248981246775	0.842554706796557	324.488138152609	2553128900	15.109779538415196	6.862757913051401	-0.656072579115822	0.9916889841821104	Mus_caroli	Mammalia
Gregarina_niphandrodes	Gregarina_niphandrodes	Gregarina niphandrodes	184	4336.0	0.3332038143751002	0.0251383763837638	5.034099688912349	0.9653234330964128	153.56127743713205	14009070	8.374707543119483	5.214935757608986	0.2363227439639619	-0.6937300725101652	Gregarina_niphandrodes	Protists
Corapipo_altera	Corapipo_altera	Corapipo altera	409	294736.0	0.6514888331046647	0.0474322783779382	5.100827054790766	0.8481989789066194	164.157618516695	1095745976	12.593835319391998	6.013715156042802	-0.4887215418118096	0.6255899837050298	Corapipo_altera	Aves
Aspergillus_terreus_NIH2624	Aspergillus_terreus	Aspergillus terreus	21	556.0	0.2752655018842069	0.106115107913669	2.919638439912672	0.958980759588642	18.534584881999063	29364022	6.320768294250582	3.044522437723423	0.2658528636344965	-0.9680692849825548	Aspergillus_terreus	Fungi
Candida_dubliniensis_CD36	Candida_dubliniensis	Candida dubliniensis	24	358.0	0.2751396648044693	0.1033519553072625	3.053107430406355	0.9606846181306152	21.181060937708025	14618422	5.8805329864007	3.1780538303479458	0.2668963281527552	-0.9687001544279	Candida_dubliniensis	Fungi
Candida_orthopsilosis_Co_90-125	Candida_orthopsilosis	Candida orthopsilosis	5	149.0	0.2630872483221476	0.3221476510067114	1.487151794308605	0.9240193627969464	4.424475738689493	12659401	5.003946305945459	1.6094379124341005	0.1811090135310955	-1.0299837822790137	Candida_orthopsilosis	Fungi
Lingula_anatina	Lingula_anatina	Lingula anatina	1616	410967.0	0.5728158471903516	0.011465640793543	6.759023713003533	0.9149011546432072	861.8004204049255	406308128	12.926268198283996	7.38770923908104	-0.2075401778203796	0.2933490899731092	Lingula_anatina	OtherInvertebrates
Atta_cephalotes	Atta_cephalotes	Atta cephalotes	1659	409283.0	0.5521866503140425	0.0145376182250423	6.827809318415889	0.9209383166061352	923.1662324191756	317671980	12.92216212729102	7.413970290190444	-0.1633321457475656	0.2095096083141039	Atta_cephalotes	Insecta
Candida_tropicalis_MYA-3404	Candida_tropicalis	Candida tropicalis	23	555.0	0.3296513905209557	0.1297297297297297	2.9561556979656234	0.9428037477943864	19.22392693993153	14630139	6.318968113746434	3.1354942159291497	0.230936252401205	-0.7097621860005092	Candida_tropicalis	Fungi
Sporothrix_schenckii_1099-18	Sporothrix_schenckii	Sporothrix schenckii	17	396.0	0.2468805704099821	0.101010101010101	2.732304175414136	0.9643834909736758	15.368257415354863	32375103	5.981414211254481	2.833213344056216	0.2890415413110561	-1.1153191211698357	Sporothrix_schenckii	Fungi
Maylandia_zebra	Maylandia_zebra	Maylandia zebra	2291	1281135.0	0.5933128197207048	0.0092144855928532	7.0657554948324375	0.9132725323261228	1171.1664475042717	957485262	14.063256961742974	7.736743682453495	-0.2472656373378692	0.3776774894191999	Maylandia_zebra	Fish
Chrysochloris_asiatica	Chrysochloris_asiatica	Chrysochloris asiatica	869	11213501.0	0.8513582501292833	0.0417007141658969	5.04649668456425	0.7457131389900292	155.47682491007382	4210110458	16.2326290567267	6.767343125265392	-1.2970060310729288	1.745293967924399	Chrysochloris_asiatica	Mammalia
Nicotiana_tabacum	Nicotiana_tabacum	Nicotiana tabacum	1966	5714539.0	0.6805079386346536	0.0188345901567913	6.580487112705161	0.8677081451168986	720.8903986092369	3643471356	15.558524187040572	7.583756300707112	-0.5792600059199655	0.7561070614562669	Nicotiana_tabacum	Viridiplantae
Olea_europaea_var._sylvestris	Olea_europaea	Olea europaea	2147	2118565.0	0.7246910980251086	0.1763453092069396	5.483954662489076	0.7148173188692633	240.79709814978693	1141145264	14.566249530664448	7.671826797878781	-1.7665950424306027	0.9678517452024076	Olea_europaea	Viridiplantae
Trichechus_manatus_latirostris	Trichechus_manatus	Trichechus manatus	922	5200018.0	0.7857908641362462	0.0455583038366405	5.40573074019175	0.7918691758662946	222.6788814536556	3103808406	15.464172645084126	6.826545223556594	-0.9964108863056662	1.2997378726667237	Trichechus_manatus	Mammalia
Athene_cunicularia	Athene_cunicularia	Athene cunicularia	343	222753.0	0.6207889220445363	0.0588274905388479	5.0288835614417815	0.8614449753984733	152.76236765849126	1157069330	12.31381881325583	5.83773044716594	-0.3854555605464984	0.492898140093318	Athene_cunicularia	Aves
Phaseolus_vulgaris	Phaseolus_vulgaris	Phaseolus vulgaris	1892	589776.0	0.5986745861961396	0.0112551205881555	6.850182670716497	0.9078633308596032	944.0533418220346	521076696	13.287498082775462	7.545389749611823	-0.272364468264759	0.3999455847601449	Phaseolus_vulgaris	Viridiplantae
Equus_przewalskii	Equus_przewalskii	Equus przewalskii	916	3033525.0	0.7544241446090305	0.0520345143026676	5.459206270105985	0.800468206848186	234.91089454845263	2395954271	14.925235867635951	6.82001636467413	-0.939209023188008	1.1223488530845007	Equus_przewalskii	Mammalia
Pyrenophora_teres_f._teres_0-1	Pyrenophora_teres	Pyrenophora teres	221	7494.0	0.318919388904789	0.0170803309314117	5.229264666441907	0.9687119406333644	186.65549899183	33583335	8.921857979353632	5.3981627015177525	0.2576554421533386	-0.7587422993034797	Pyrenophora_teres	Fungi
Carica_papaya	Carica_papaya	Carica papaya	1039	250020.0	0.6012332179931862	0.0302015838732901	6.194362935123519	0.891786705736716	489.9791970108437	370418818	12.429296193644554	6.946013991099227	-0.3308906692372	0.4106061694178781	Carica_papaya	Viridiplantae
Miniopterus_natalensis	Miniopterus_natalensis	Miniopterus natalensis	857	2199542.0	0.7397250474803683	0.0365430621465741	5.496870699583128	0.8139366594968931	243.9274145252998	1803099001	14.60375971483752	6.75343791859778	-0.8348051386460833	1.0445399777577309	Miniopterus_natalensis	Mammalia
Neurospora_tetrasperma_FGSC_2508	Neurospora_tetrasperma	Neurospora tetrasperma	138	4087.0	0.3226437307404531	0.0291167115243454	4.747778498909448	0.9635750059331416	115.32779891008006	39146333	8.315566483564277	4.927253685157205	0.2314921965655498	-0.7416486678867013	Neurospora_tetrasperma	Fungi
Grammomys_surdaster	Grammomys_surdaster	Grammomys surdaster	1022	3564107.0	0.7408517628712442	0.0276473181080141	5.759503385793442	0.8311551261544505	317.19076835592745	2412664998	15.086424089568862	6.92951677076365	-0.7513175537164036	1.050400313077535	Grammomys_surdaster	Mammalia
Tetranychus_urticae	Tetranychus_urticae	Tetranychus urticae	355	26077.0	0.4635401009037698	0.0264217509682862	5.464225117571677	0.9305373825036676	236.0928400172467	90828597	10.168808978749206	5.872117789475416	0.0135329770510548	-0.1460989150281689	Tetranychus_urticae	OtherArthropoda
Anas_platyrhynchos	Anas_platyrhynchos	Anas platyrhynchos	376	279017.0	0.6494599982049443	0.0457678205987448	5.055304998680421	0.8525556959230309	156.85236281305632	1126176092	12.539027990846872	5.929589143389895	-0.4506198442826212	0.6166664178491306	Anas_platyrhynchos	Aves
Micromonas_pusilla_CCMP1545	Micromonas_pusilla	Micromonas pusilla	39	13119.0	0.857104884088648	0.393703788398506	1.846653248509785	0.5040595537571133	6.3385703647962055	22000071	9.48181684008103	3.6635616461296463	-1.4045318445584476	1.7914493902922417	Micromonas_pusilla	Viridiplantae
Plasmopara_halstedii	Plasmopara_halstedii	Plasmopara halstedii	629	74340.0	0.7135158659585379	0.0524482109227871	5.21894014232643	0.8098748977063294	184.7382839880314	75321785	11.216404443851244	6.444131256700441	-0.8015923755929437	0.9125215174145798	Plasmopara_halstedii	Protists
Fonsecaea_multimorphosa_CBS_102226	Fonsecaea_multimorphosa	Fonsecaea multimorphosa	20	538.0	0.2994423791821561	0.1431226765799256	2.8334201845077898	0.9458188936043868	17.003516651357092	33447075	6.2878585601617845	2.995732273553991	0.2394245977354323	-0.8499546100901612	Fonsecaea_multimorphosa	Fungi
Plasmodium_inui_San_Antonio_1	Plasmodium_inui	Plasmodium inui	34	1926.0	0.5089487508398999	0.1547248182762201	3.068732237478184	0.8702264604133777	21.51460996213714	27405027	7.563200592358071	3.5263605246161616	-0.0447572879292086	0.035798826052902	Plasmodium_inui	Protists
Strongylocentrotus_purpuratus	Strongylocentrotus_purpuratus	Strongylocentrotus purpuratus	2955	1705708.0	0.5942805741726187	0.0082065629052569	7.307971411524161	0.9144962074394122	1492.1471643519449	921855793	14.3494908317745	7.991253929840199	-0.261607510079143	0.3816897036212994	Strongylocentrotus_purpuratus	OtherInvertebrates
Galleria_mellonella	Galleria_mellonella	Galleria mellonella	1867	1406761.0	0.7703293871855978	0.024883402368988	6.193782217887285	0.8223194019839043	489.69474024820977	401914826	14.15680045670693	7.532088143541722	-0.9169230790341096	1.2101720346800078	Galleria_mellonella	Insecta
Acyrthosiphon_pisum	Acyrthosiphon_pisum	Acyrthosiphon pisum	1947	752684.0	0.6289022955567873	0.0452141934729581	6.441335841499623	0.8504485828815176	627.2441391621329	541137574	13.531400763987872	7.574045005372199	-0.7123110498193475	0.5275105294267897	Acyrthosiphon_pisum	Insecta
Columba_livia	Columba_livia	Columba livia	330	259165.0	0.6694694558105898	0.0587270657689117	4.891951657243092	0.8435719083536831	133.21330722970146	1107989085	12.465220203478571	5.799092654460526	-0.4864321988300206	0.7057864685578129	Columba_livia	Aves
Fonsecaea_nubica	Fonsecaea_nubica	Fonsecaea nubica	31	642.0	0.2342478142900211	0.0591900311526479	3.3454732774096057	0.9742241534971556	28.374001263205173	33787447	6.464588303689961	3.4339872044851463	0.3084149134458882	-1.184479009644935	Fonsecaea_nubica	Fungi
Leishmania_mexicana_MHOM_GT_2001_U1103	Leishmania_mexicana	Leishmania mexicana	154	5817.0	0.5146123431321987	0.0486505071342616	4.573787786394151	0.9080466201334638	96.91049168844518	32108741	8.668539943910762	5.0369526024136295	-0.0421627698744879	0.0584660212525153	Leishmania_mexicana	Protists
Debaryomyces_hansenii_CBS767	Debaryomyces_hansenii	Debaryomyces hansenii	17	330.0	0.3233511586452763	0.1666666666666666	2.653191566897112	0.9364602113226768	14.19928437054973	12181948	5.799092654460526	2.833213344056216	0.2099289327940323	-0.7384135290547365	Debaryomyces_hansenii	Fungi
Coffea_arabica	Coffea_arabica	Coffea arabica	2107	1326639.0	0.5734579326266734	0.0109110315617134	7.044935613310799	0.9205431623576292	1147.0349796534688	1094446607	14.0981592341037	7.653020413804189	-0.1850730540325971	0.2959735858738805	Coffea_arabica	Viridiplantae
Latimeria_chalumnae	Latimeria_chalumnae	Latimeria chalumnae	3034	6451588.0	0.7184437405428714	0.0146598015868341	6.828868969787784	0.8517308570578587	924.1449852606584	2860591921	15.679836860019714	8.017637159908478	-0.766374697836846	0.9367551176040544	Latimeria_chalumnae	Fish
Cynoglossus_semilaevis	Cynoglossus_semilaevis	Cynoglossus semilaevis	993	368288.0	0.5984900155200575	0.0173695586063081	6.2164392745602814	0.900837835470054	500.916426882484	470199494	12.816620519768218	6.900730664045173	-0.2645994482933798	0.3991774413300275	Cynoglossus_semilaevis	Fish
Trichogramma_pretiosum	Trichogramma_pretiosum	Trichogramma pretiosum	703	106684.0	0.50632799019377	0.0223276217614637	6.056559559359776	0.923909965440018	426.9041689532287	187641947	11.577626472906104	6.555356891810665	-0.077052734673864	0.025313312342955	Trichogramma_pretiosum	Insecta
Periophthalmus_magnuspinnatus	Periophthalmus_magnuspinnatus	Periophthalmus magnuspinnatus	2102	1805188.0	0.7064714332069737	0.0180108664582303	6.590656005234946	0.8614510791769995	728.2584545912777	752621858	14.406175299450004	7.650644551436897	-0.6374873317261534	0.8783078010394328	Periophthalmus_magnuspinnatus	Fish
Lachancea_lanzarotensis	Lachancea_lanzarotensis	Lachancea lanzarotensis	7	681.0	0.5034612964128382	0.4787077826725404	1.4985224543985085	0.7700882053192438	4.47507206003599	11092131	6.523562306149512	1.9459101490553128	-0.0888913089876186	0.0138454068220529	Lachancea_lanzarotensis	Fungi
Phycomyces_blakesleeanus_NRRL_1555_-_	Phycomyces_blakesleeanus	Phycomyces blakesleeanus	303	21389.0	0.4733703067814846	0.0255738931226331	5.3043339702795045	0.9283482708825466	201.2069479692119	53939167	9.970632050165458	5.713732805509369	0.0117376313796437	-0.1066196603437491	Phycomyces_blakesleeanus	Fungi
Ctenocephalides_felis	Ctenocephalides_felis	Ctenocephalides felis	1884	1738509.0	0.7160601585926659	0.0149484414518417	6.43013468941746	0.8526726820166419	620.2574845061091	775452550	14.36853840729327	7.541152455136308	-0.690343907086163	0.9250017941195594	Ctenocephalides_felis	Insecta
Schizosaccharomyces_pombe	Schizosaccharomyces_pombe	Schizosaccharomyces pombe	13	428.0	0.4281092739036664	0.308411214953271	2.2300062246917385	0.8694153037386739	9.29992396846331	12591251	6.059123195581797	2.5649493574615367	0.0490682157306969	-0.289569458982487	Schizosaccharomyces_pombe	Fungi
Rhodotorula_toruloides_NP11	Rhodotorula_toruloides	Rhodotorula toruloides	14	280.0	0.375	0.2357142857142857	2.397722042429958	0.908552465125688	10.998094630986117	20223942	5.634789603169249	2.6390573296152584	0.1545288796010675	-0.5108256237659907	Rhodotorula_toruloides	Fungi
Schistosoma_haematobium	Schistosoma_haematobium	Schistosoma haematobium	1177	754667.0	0.7162393441230369	0.0201135070170022	5.985799821762497	0.8465610778981222	397.7405155831957	375894156	13.534031871333116	7.0707241072602764	-0.6611275073731777	0.9258832687612496	Schistosoma_haematobium	OtherInvertebrates
Zootermopsis_nevadensis	Zootermopsis_nevadensis	Zootermopsis nevadensis	1715	982711.0	0.736411205756143	0.0451567144358819	6.100385842738712	0.8191550866276295	446.02983425832326	485009472	13.798070357938018	7.44716835960004	-0.9215200898311986	1.0273983749162408	Zootermopsis_nevadensis	Insecta
Varroa_destructor	Varroa_destructor	Varroa destructor	260	85571.0	0.6063552713311393	0.0428883617113274	4.869009275952522	0.8756137464865638	130.1918687662985	368942295	11.357101719682486	5.560681631015528	-0.2734253016236883	0.4320172719779281	Varroa_destructor	OtherArthropoda
Capra_hircus	Capra_hircus_-species_in_domain_Eukaryota	Capra hircus	790	4919629.0	0.7934547001744556	0.025664333631662	5.268301434861222	0.7896096254208707	194.08601456747093	2922813246	15.408743679121212	6.672032945461067	-0.9821751917852168	1.3458766917515024	Capra_hircus	Mammalia
Drosophila_kikkawai	Drosophila_kikkawai_-species_in_domain_Eukaryota	Drosophila kikkawai	849	94641.0	0.5530905339648836	0.0508764700288458	6.020022910802892	0.8926408776218843	411.5880254307675	164292578	11.457846064953165	6.744059186311348	-0.3010461136029576	0.2131656650788138	Drosophila_kikkawai	Insecta
Phaeoacremonium_minimum_UCRPA7	Phaeoacremonium_aleophilum	Phaeoacremonium minimum	46	2453.0	0.4180772434818057	0.0998777007745617	3.532625003657893	0.922683698425595	34.21366082556449	47465449	7.8050670442584895	3.828641396489095	0.1090691975855211	-0.3306715096928387	Phaeoacremonium_aleophilum	Fungi
Cryptococcus_neoformans_var._neoformans_JEC21	Cryptococcus_neoformans	Cryptococcus neoformans	42	1542.0	0.4200172935581496	0.1044098573281452	3.4429813331093526	0.9211572141816644	31.28007561737194	19051922	7.340835554123275	3.737669618283368	0.1176880386422896	-0.3227024010481839	Cryptococcus_neoformans	Fungi
Fusarium_verticillioides_7600	Gibberella_fujikuroi	Fusarium verticillioides	17	1836.0	0.5250544662309368	0.2674291938997821	2.3572479455036204	0.8320050978331296	10.56184464699633	41844914	7.515344571180436	2.833213344056216	-0.0860146885994592	0.1003018707015657	Gibberella_fujikuroi	Fungi
Trichinella_spiralis	Trichinella_spiralis	Trichinella spiralis	179	22379.0	0.5442527549146359	0.0339604093123017	4.676455545197018	0.9015052514373516	107.3887625872642	63525422	10.015878298115156	5.187385805840755	-0.0930192400938736	0.1774753932099349	Trichinella_spiralis	Nematoda
Cucurbita_moschata	Cucurbita_moschata	Cucurbita moschata	1241	342032.0	0.6436502758109782	0.0396717266220704	6.1995919835385	0.8702802852504173	492.54803238332187	269943085	12.742659578919062	7.123672785204607	-0.5022776110858196	0.5912429086577687	Cucurbita_moschata	Viridiplantae
Penicillium_rubens_Wisconsin_54-1255	Penicillium_rubens	Penicillium rubens	91	2708.0	0.2871995065495804	0.0288035450516986	4.38134124353029	0.9712874535774292	79.94518749466127	32223735	7.903965634032166	4.51085950651685	0.2879766258376826	-0.9090244493964064	Penicillium_rubens	Fungi
Aedes_albopictus	Aedes_albopictus	Aedes albopictus	3483	6161652.0	0.6125942669611314	0.0174680426612862	7.382574118343415	0.905209858051204	1607.72291499195	2538387871	15.633855481373567	8.155649270366002	-0.35110375700246	0.4582302861979036	Aedes_albopictus	Insecta
Physeter_catodon	Physeter_catodon	Physeter catodon	876	3075062.0	0.7191706449879086	0.0353485555738388	5.681111162680796	0.8384950844620171	293.2751253132119	2512149402	14.938835621621118	6.775366090936392	-0.6686373500652598	0.9403514587939296	Physeter_catodon	Mammalia
Zasmidium_cellare_ATCC_36951	Zasmidium_cellare	Zasmidium cellare	42	1104.0	0.4902518978605935	0.1684782608695652	3.2134069047169422	0.8597354054510551	24.863650179201223	38247703	7.00669522683704	3.737669618283368	-0.1118863897501207	-0.0389973500485533	Zasmidium_cellare	Fungi
Chelonoidis_abingdonii	Chelonoidis_abingdonii	Chelonoidis abingdonii	2370	3889424.0	0.6371442971183151	0.0111332680623146	6.983112023081069	0.8986527904286234	1078.2687482921406	2300739315	15.173771632651455	7.770645234129176	-0.3661536933724756	0.5629909134943165	Chelonoidis_abingdonii	Herptiles
Gossypium_raimondii	Gossypium_raimondii	Gossypium raimondii	2227	1147950.0	0.6152609521829125	0.0242371183413911	6.974073742539579	0.9047356249665064	1068.56696262151	761565430	13.953488300906177	7.708410667257367	-0.3114316470706235	0.4694811837027101	Gossypium_raimondii	Viridiplantae
Stylophora_pistillata	Stylophora_pistillata	Stylophora pistillata	2945	535385.0	0.5985407229518107	0.0185287223213201	7.159682591172896	0.8963200306176181	1286.5025208363056	400103141	13.190741393239612	7.987864096085687	-0.4051964234900582	0.3993884631592982	Stylophora_pistillata	OtherInvertebrates
Erpetoichthys_calabaricus	Erpetoichthys_calabaricus	Erpetoichthys calabaricus	2944	7672062.0	0.6411017625754385	0.0079040028612907	7.187993089482024	0.8999024801258724	1323.444503916522	3811038701	15.85309597684748	7.987524479848767	-0.376525083474359	0.5801493131955627	Erpetoichthys_calabaricus	Fish
Stomoxys_calcitrans	Stomoxys_calcitrans	Stomoxys calcitrans	1750	2730459.0	0.7893060359867281	0.0267043013647156	5.976457883521289	0.8003429627327062	394.0421500984488	971188624	14.819980284896696	7.467371066917559	-1.067202902648126	1.320747450853836	Stomoxys_calcitrans	Insecta
Nilaparvata_lugens	Nilaparvata_lugens	Nilaparvata lugens	3142	2402643.0	0.6532309491446043	0.0110748871138991	7.152450805596891	0.8882146938016492	1277.2323707329133	1140803929	14.692079939387206	8.052614818815567	-0.4783733021881478	0.6332717419138498	Nilaparvata_lugens	Insecta
Westerdykella_ornata	Westerdykella_ornata	Westerdykella ornata	36	1013.0	0.4442524953383788	0.1016781836130306	3.2560478662897205	0.908617457367904	25.946789059459825	26979746	6.920671504248683	3.58351893845611	0.082813093542887	-0.2239209788088952	Westerdykella_ornata	Fungi
Phytophthora_parasitica_INRA-310	Phytophthora_parasitica	Phytophthora parasitica	510	18310.0	0.3781325965667534	0.0116329874385581	5.990107667266213	0.9608137690633132	399.4576161213844	82389172	9.815202637668555	6.234410725718371	0.176719676979637	-0.4974819735763211	Phytophthora_parasitica	Protists
Phanerochaete_carnosa_HHB-10118-sp	Phanerochaete_carnosa	Phanerochaete carnosa	300	10732.0	0.4141974158280532	0.0364330972791651	5.376976540977806	0.9427036470744627	216.367108402709	46293325	9.280985211545516	5.703782474656201	0.0911762797695985	-0.3466401357444421	Phanerochaete_carnosa	Fungi
Anser_cygnoides_domesticus	Anser_cygnoides	Anser cygnoides	247	202112.0	0.6496498594277627	0.0765120329322355	4.664777877847547	0.8466961471629761	106.1420061124874	1119151626	12.21657727817526	5.5093883366279774	-0.423896594034808	0.6175004838970358	Anser_cygnoides	Aves
Colius_striatus	Colius_striatus	Colius striatus	262	308409.0	0.7534672716628229	0.1016961243024684	4.3009226382397445	0.772388029392707	73.76782332606582	1075931597	12.639182103124876	5.568344503761097	-0.8513157020302167	1.1171908252091487	Colius_striatus	Aves
Capsella_rubella	Capsella_rubella	Capsella rubella	660	61234.0	0.4724640004909136	0.0198255870921383	6.057904727763097	0.9330993434785816	427.4788133626511	133063876	11.022457869792117	6.492239835020471	-0.0104488636679844	-0.1102555539424433	Capsella_rubella	Viridiplantae
Populus_alba	Populus_alba	Populus alba	1616	508791.0	0.6117098493592585	0.0517972998736219	6.587463021001786	0.8916787068654589	725.9368452315716	416960588	13.139792602172358	7.38770923908104	-0.3791008698221265	0.4545051966543726	Populus_alba	Viridiplantae
Saccharomyces_paradoxus	Saccharomyces_paradoxus	Saccharomyces paradoxus	23	998.0	0.4219743835497081	0.2074148296593186	2.8109584963579994	0.8964961510940056	16.625846397237137	12092683	6.905753276311464	3.1354942159291497	0.0857390507935811	-0.3146735771037686	Saccharomyces_paradoxus	Fungi
Schizosaccharomyces_cryophilus_OY26	Schizosaccharomyces_cryophilus	Schizosaccharomyces cryophilus	17	476.0	0.3648047454275828	0.1743697478991596	2.611485323541104	0.9217397373267798	13.619264850645653	11554764	6.16541785423142	2.833213344056216	0.1682226894380245	-0.5545701727288478	Schizosaccharomyces_cryophilus	Fungi
Thalassiosira_pseudonana_CCMP1335	Thalassiosira_pseudonana	Thalassiosira pseudonana	92	2726.0	0.4216003700277521	0.0726338958180484	4.168363210002322	0.9218394754587648	64.60961314440567	32437365	7.910590612256477	4.5217885770490405	0.0635318970714742	-0.316207156198956	Thalassiosira_pseudonana	Protists
Dictyostelium_discoideum_AX4	Dictyostelium_discoideum	Dictyostelium discoideum	57	7049.0	0.6443815596588293	0.1390268123138033	3.2850487249086324	0.8125172072497853	26.710285739412825	34204973	8.860641041773876	4.04305126783455	-0.3365439978334881	0.5944326753246779	Dictyostelium_discoideum	Protists
Sordaria_macrospora_k-hell	Sordaria_macrospora	Sordaria macrospora	99	3110.0	0.413361914969632	0.0617363344051446	4.273154283516699	0.9299331514479516	71.74759131235389	38391383	8.04237800517328	4.59511985013459	0.0878503366335685	-0.3500845628186971	Sordaria_macrospora	Fungi
Vitis_vinifera	Vitis_vinifera	Vitis vinifera	1647	540472.0	0.5872769999962164	0.011447401530514	6.7540452988186725	0.9118818791316136	857.5206829595635	486196837	13.200198110834242	7.40671073017764	-0.23072431246326	0.3527199337174672	Vitis_vinifera	Viridiplantae
Nestor_notabilis	Nestor_notabilis	Nestor notabilis	296	278643.0	0.7131712587578157	0.1036559325014445	4.55520283505252	0.8005123176517533	95.12604817584734	1053559886	12.537686671562458	5.69035945432406	-0.7132366432619959	0.9108362689427992	Nestor_notabilis	Aves
Talaromyces_marneffei_ATCC_18224	Talaromyces_marneffei	Talaromyces marneffei	71	1998.0	0.4039955448406153	0.079079079079079	3.969020214925489	0.9311091448134612	52.9326428108885	28643865	7.599901959208498	4.262679877041316	0.1247617016966526	-0.3888442918589442	Talaromyces_marneffei	Fungi
Nelumbo_nucifera	Nelumbo_nucifera	Nelumbo nucifera	2574	1333047.0	0.6034723290742771	0.0054034103823796	7.181875499163223	0.9145138939498292	1315.3729271051254	804647751	14.102977857353972	7.853216388156072	-0.248863506705919	0.4199543621407758	Nelumbo_nucifera	Viridiplantae
Vittaforma_corneae_ATCC_50505	Vittaforma_corneae	Vittaforma corneae	4	91.0	0.0631868131868131	0.2967032967032967	1.3795014953986189	0.9950999831552484	3.972920614556462	3213516	4.51085950651685	1.3862943611198906	0.287470474909715	-2.6963882613543686	Vittaforma_corneae	Fungi
Vanessa_tameamea	Vanessa_tameamea	Vanessa tameamea	1321	682530.0	0.7172780996402561	0.0727191478762838	6.006085027692773	0.8357868661102551	405.8911530382864	357124929	13.433561761119169	7.186144304522325	-0.7582341541367166	0.93099990075491	Vanessa_tameamea	Insecta
Saimiri_boliviensis_boliviensis	Saimiri_boliviensis	Saimiri boliviensis	927	3667480.0	0.7761468003408105	0.0775118064720189	5.32549504559929	0.7794981324874105	205.5100721435708	2608588537	15.115015335678338	6.831953565565855	-1.084810922015917	1.2433511996393265	Saimiri_boliviensis	Mammalia
Sphaeroforma_arctica_JP610	Sphaeroforma_arctica	Sphaeroforma arctica	306	65935.0	0.7342974934216754	0.1438234625009479	4.224273250175571	0.7380467268206815	68.32483044225573	121631465	11.0964246872418	5.723585101952381	-1.0796743015171373	1.0165369643023292	Sphaeroforma_arctica	OtherInvertebrates
Cutaneotrichosporon_oleaginosum	Trichosporon_oleaginosum	Cutaneotrichosporon oleaginosum	5	106.0	0.1094339622641509	0.2452830188679245	1.5895449031421556	0.9876397783733958	4.9015177553361005	19835558	4.663439094112067	1.6094379124341005	0.2835021223646461	-2.0965359750391364	Trichosporon_oleaginosum	Fungi
Vanderwaltozyma_polyspora_DSM_70294	Vanderwaltozyma_polyspora	Vanderwaltozyma polyspora	29	1112.0	0.4142892582485735	0.1537769784172661	3.0695087631232143	0.911564922745604	21.531323096764563	14674591	7.013915474810528	3.367295829986474	0.1043390365874112	-0.3462616316747123	Vanderwaltozyma_polyspora	Fungi
Pan_troglodytes	Pan_troglodytes	Pan troglodytes	932	4252063.0	0.7897441618944758	0.0450745908515466	5.258537963020531	0.7690919991090621	192.20028185849665	3050398082	15.262914834891124	6.837332814685591	-1.15491926815882	1.3233839813949666	Pan_troglodytes	Mammalia
Trichoderma_asperellum_CBS_433.97	Trichoderma_asperellum	Trichoderma asperellum	36	1751.0	0.3854146836728219	0.1033695031410622	3.338065429285219	0.931504894103716	28.164587581193576	37464610	7.467942332285852	3.58351893845611	0.1648306565383857	-0.4666279029008923	Trichoderma_asperellum	Fungi
Elaeis_guineensis	Elaeis_guineensis	Elaeis guineensis	1684	1224494.0	0.6052048812352125	0.0086860368446068	6.73786778339878	0.9069772265520384	843.759737953853	1535178229	14.018038255403187	7.428927194802272	-0.2691808062745053	0.4272001037075401	Elaeis_guineensis	Viridiplantae
Fonsecaea_pedrosoi_CBS_271.37	Fonsecaea_pedrosoi	Fonsecaea pedrosoi	27	594.0	0.3125077939892755	0.1531986531986532	3.1038271439217007	0.9417417396888914	22.283068810386148	34688880	6.386879319362645	3.295836866004329	0.2122487174629688	-0.7884210831336699	Fonsecaea_pedrosoi	Fungi
Lindgomyces_ingoldianus	Lindgomyces_ingoldianus	Lindgomyces ingoldianus	190	37813.0	0.6955748997490421	0.1001242958770793	4.240198478243788	0.8081149276103601	69.42162915449673	69030646	10.540408237826268	5.247024072160486	-0.5843164186825387	0.8263136168064803	Lindgomyces_ingoldianus	Fungi
Tuber_melanosporum	Tuber_melanosporum	Tuber melanosporum	853	91675.0	0.5482490742342191	0.0185546768475593	6.141423857662098	0.9100078043148966	464.71478771940366	124945702	11.426004992939529	6.748759547491679	-0.1848217195691086	0.1935987199552198	Tuber_melanosporum	Fungi
Brachypodium_distachyon	Brachypodium_distachyon	Brachypodium distachyon	1047	204843.0	0.5765054692502616	0.0627797874469715	6.139754161239825	0.8829498112154254	463.9395025265447	271298618	12.229999111046276	6.953684210870537	-0.3947747790220708	0.3084442270507041	Brachypodium_distachyon	Viridiplantae
Aethina_tumida	Aethina_tumida	Aethina tumida	727	186600.0	0.5770775375170833	0.0141103965702036	5.992352429825419	0.9094580809571546	400.3553108007925	234344249	12.13672256739538	6.588926477533519	-0.1755057919356195	0.3107877795042212	Aethina_tumida	Insecta
Fomitiporia_mediterranea_MF3_22	Fomitiporia_mediterranea	Fomitiporia mediterranea	197	20484.0	0.648362421283121	0.1115504784221831	4.432885355633144	0.839052511172428	84.17393860926882	63354419	9.92739937258244	5.2832037287379885	-0.4297554317465364	0.6118487928384596	Fomitiporia_mediterranea	Fungi
Aspergillus_mulundensis	Aspergillus_mulundensis	Aspergillus mulundensis	92	7080.0	0.6220492507983296	0.1001412429378531	3.768331531049769	0.8333718984953107	43.30774689151279	45341896	8.865029186687766	4.5217885770490405	-0.3364997818810789	0.4982553769388708	Aspergillus_mulundensis	Fungi
Bubalus_bubalis	Bubalus_bubalis	Bubalus bubalis	798	5204292.0	0.7898107151685888	0.0278873668118545	5.314738240723092	0.7953684324662778	203.3112875473912	2655780776	15.464994227724477	6.682108597449809	-0.9441167986948172	1.3237848346198984	Bubalus_bubalis	Mammalia
Syzygium_oleosum	Syzygium_oleosum	Syzygium oleosum	2120	510152.0	0.6032116010855219	0.016302984208628	6.904249626767017	0.9014355855666036	996.5004854093862	431290611	13.14246399951133	7.659171367666058	-0.3313895864997898	0.4188649107009768	Syzygium_oleosum	Viridiplantae
Piliocolobus_tephrosceles	Piliocolobus_tephrosceles	Piliocolobus tephrosceles	935	4352200.0	0.7921988348384627	0.067672901061532	5.208945768301053	0.7614809351852627	182.9011363437142	3037997551	15.286192022344329	6.840546529288687	-1.2130393495993017	1.3382307286155513	Piliocolobus_tephrosceles	Mammalia
Drosophila_willistoni	Drosophila_willistoni	Drosophila willistoni	1519	221877.0	0.5796469687285267	0.0148235283512937	6.621450018218448	0.9038525808755212	751.0333199463273	235516348	12.309878453255696	7.325807502595773	-0.2817688119125741	0.3213243347579696	Drosophila_willistoni	Insecta
Elephantulus_edwardii	Elephantulus_edwardii	Elephantulus edwardii	761	8554780.0	0.8201268483265424	0.062584543378088	5.094431722269007	0.7678542954046401	163.11112586137435	3843982861	15.962000749022188	6.634633357861686	-1.1208876739120983	1.5172071318376057	Elephantulus_edwardii	Mammalia
Merops_nubicus	Merops_nubicus	Merops nubicus	332	277493.0	0.7078444375390518	0.0645529797148036	4.6932785780006245	0.8084701911550235	109.21064912334288	1062961556	12.53355098662524	5.805134968916488	-0.6939090350727515	0.8849379399991891	Merops_nubicus	Aves
Nannospalax_galili	Nannospalax_galili_-species_in_domain_Eukaryota	Nannospalax galili	1010	6189656.0	0.8143873949929648	0.0467122890189697	5.315975860866115	0.7684593940089157	203.5630654627361	3061424619	15.63839006961086	6.917705609835305	-1.179021377923949	1.478774435060998	Nannospalax_galili	Mammalia
Calypte_anna	Calypte_anna	Calypte anna	377	289615.0	0.6873731526226783	0.0647583861333149	4.902590329633101	0.8264308326308649	134.63808539922724	1059687259	12.576307733732463	5.932245187448011	-0.6100693950326441	0.787867008817374	Calypte_anna	Aves
Sinocyclocheilus_rhinocerous	Sinocyclocheilus_rhinocerous	Sinocyclocheilus rhinocerous	3977	3921682.0	0.5785598551018759	0.011847722482343	7.609337438762456	0.918083684794307	2016.9413077841805	1655786410	15.1820312013701	8.28828304520769	-0.2580382756910957	0.3168642449459859	Sinocyclocheilus_rhinocerous	Fish
Dictyostelium_purpureum	Dictyostelium_purpureum	Dictyostelium purpureum	147	8694.0	0.4941996122120345	0.0646422820335863	4.547715347911928	0.9112868010601508	94.4164529710158	32967225	9.070388411548738	4.990432586778736	-0.0285305950309302	-0.0232025920419821	Dictyostelium_purpureum	Protists
Pseudocercospora_fijiensis_CIRAD86	Mycosphaerella_fijiensis	Pseudocercospora fijiensis	471	27219.0	0.4956479054962622	0.0340203534295896	5.69328059932281	0.9250059891482566	296.8659230472695	74141167	10.21167053783774	6.154858094016418	-0.0407912359486068	-0.0174088176713746	Mycosphaerella_fijiensis	Fungi
Aspergillus_niger_CBS_101883	Aspergillus_niger	Aspergillus niger	35	860.0	0.3089700996677741	0.1104651162790697	3.384882519954816	0.9520537684113024	29.51452514472265	35853610	6.756932389247553	3.555348061489413	0.2334358104751572	-0.8049385865480618	Aspergillus_niger	Fungi
Talaromyces_atroroseus	Talaromyces_atroroseus	Talaromyces atroroseus	17	1824.0	0.6000386996904025	0.3388157894736842	2.178344568503571	0.7688600553408761	8.83167391947237	30858562	7.508787170634276	2.833213344056216	-0.2649180655995087	0.4056263594186806	Talaromyces_atroroseus	Fungi
Colletotrichum_graminicola_M1.001	Colletotrichum_graminicola	Colletotrichum graminicola	191	10448.0	0.5167340827273238	0.0468032159264931	4.74724945529342	0.9038465952559837	115.26680161085466	51644307	9.254165851516213	5.25227342804663	-0.08092930097553	0.066961339917849	Colletotrichum_graminicola	Fungi
Nymphaea_colorata	Nymphaea_colorata	Nymphaea colorata	2034	498290.0	0.5671493755447958	0.0075257380240422	7.033835002301698	0.9233469409956392	1134.372600627535	409013923	13.118937515836135	7.617759576608505	-0.1642455026171534	0.2702300276434626	Nymphaea_colorata	Viridiplantae
Fusarium_oxysporum_NRRL_32931	Fusarium_oxysporum	Fusarium oxysporum	75	4600.0	0.4676811594202898	0.1282608695652174	3.883786417347235	0.8995476803214997	48.60791692578468	47906303	8.433811582477187	4.31748811353631	-0.020623806074131	-0.1294558537677055	Fusarium_oxysporum	Fungi
Amborella_trichopoda	Amborella_trichopoda	Amborella trichopoda	2294	1208655.0	0.6488506179116282	0.0175120278325907	6.82814407442894	0.8824112078523835	923.4753195980336	706332640	14.005018729072583	7.738052297689316	-0.4880044984188991	0.613990794577439	Amborella_trichopoda	Viridiplantae
Zea_mays	Zea_mays	Zea mays	1432	1568217.0	0.6198871177021117	0.016700494893245	6.520748537360937	0.897330874330706	679.0865167671468	2134373047	14.265449863174226	7.266827347520591	-0.324544496339473	0.4890691259544142	Zea_mays	Viridiplantae
Eutypa_lata_UCREL1	Eutypa_lata	Eutypa lata	95	4835.0	0.3647439177053285	0.0417786970010341	4.337096847303068	0.9523965953718871	76.48516858290354	54005819	8.483636407887394	4.553876891600541	0.2008923410778731	-0.5548326847802514	Eutypa_lata	Fungi
Neomonachus_schauinslandi	Neomonachus_schauinslandi	Neomonachus schauinslandi	751	3256816.0	0.7707082725241303	0.0700856296456416	5.197474419501283	0.7849503100775174	180.81500187736768	2400934290	14.996260588956677	6.621405651764134	-1.0035697531076142	1.2123148145898204	Neomonachus_schauinslandi	Mammalia
Ictalurus_punctatus	Ictalurus_punctatus	Ictalurus punctatus	2061	1372445.0	0.6237321261294303	0.0256367286120755	6.828907437156374	0.8948965065824777	924.1805353701922	783274721	14.13210437870314	7.630946580890459	-0.37831831014842	0.5054196709126483	Ictalurus_punctatus	Fish
Heterobasidion_irregulare_TC_32-1	Heterobasidion_irregulare	Heterobasidion irregulare	107	4403.0	0.5178160175411413	0.0679082443788326	4.1661166698610375	0.8915620103899615	64.4646279734448	33649967	8.390041405755754	4.672828834461906	-0.0872894931545831	0.0712942531112118	Heterobasidion_irregulare	Fungi
Drosophila_suzukii	Drosophila_suzukii	Drosophila suzukii	1377	199575.0	0.541324817779539	0.0313416009019165	6.58519138222218	0.9111094193150988	724.2896505663794	232923092	12.203945384514	7.227662498728654	-0.2220562635849745	0.1656772056864945	Drosophila_suzukii	Insecta
Encephalitozoon_cuniculi_GB-M1	Encephalitozoon_cuniculi	Encephalitozoon cuniculi	2	33.0	0.0454545454545454	0.5454545454545454	0.6890092384766586	0.9940302114769566	1.9917412148051288	2497519	3.49650756146648	0.6931471805599453	0.186057601537657	-3.0445224377234243	Encephalitozoon_cuniculi	Fungi
Thalassophryne_amazonica	Thalassophryne_amazonica	Thalassophryne amazonica	3288	5255430.0	0.6273678562549694	0.0055715707373135	7.341879062156392	0.9066247902377812	1543.6099292280198	2446592878	15.474772385777143	8.098034756176071	-0.3346428633749712	0.5209413379676477	Thalassophryne_amazonica	Fish
Manduca_sexta	Manduca_sexta	Manduca sexta	1539	732791.0	0.7431986030987728	0.0437341615822246	6.02013789912024	0.8203065354494212	411.63535596642953	419424057	13.504615810607248	7.338888133838879	-0.8968390355591715	1.062660296473865	Manduca_sexta	Insecta
Exophiala_dermatitidis_NIH_UT8656	Exophiala_dermatitidis	Exophiala dermatitidis	39	1066.0	0.4027036128349449	0.0853658536585365	3.404492005166093	0.9292847600265588	30.099001702234176	26376767	6.97166860472579	3.6635616461296463	0.1533069120978605	-0.3942126117629439	Exophiala_dermatitidis	Fungi
Mastomys_coucha	Mastomys_coucha	Mastomys coucha	994	3925151.0	0.743883958138945	0.0294414151200807	5.727690712981408	0.8298911623956322	307.2588994823439	2507184835	15.182915379796222	6.901737206656574	-0.7513022139965768	1.0662544221300123	Mastomys_coucha	Mammalia
Drosophila_yakuba	Drosophila_yakuba	Drosophila yakuba	875	90634.0	0.5915655493523402	0.0358805746187964	5.937439943258009	0.8764753044574188	378.9635185244607	165709965	11.414584697570858	6.774223886357614	-0.4136207101258042	0.3704410582392352	Drosophila_yakuba	Insecta
Aotus_nancymaae	Aotus_nancymaae	Aotus nancymaae	934	4233088.0	0.7892981994744032	0.0651942506274379	5.26554507675858	0.7698754611284473	193.55178061688497	2861684817	15.25844230832548	6.839476438228843	-1.1528082200181684	1.3207003293239192	Aotus_nancymaae	Mammalia
Lodderomyces_elongisporus_NRRL_YB-4239	Lodderomyces_elongisporus	Lodderomyces elongisporus	13	1046.0	0.528018826297985	0.2351816443594646	2.09325695917947	0.8161006973062078	8.111290331070265	15547272	6.952728644624869	2.5649493574615367	-0.0876810497815716	0.1121928403724678	Lodderomyces_elongisporus	Fungi
Plasmodium_malariae	Plasmodium_malariae_-species_in_subkingdom_SAR	Plasmodium malariae	101	26749.0	0.6286604958675238	0.084451755205802	3.904086514480889	0.8459338169467726	49.604745992246784	33618035	10.194252368447811	4.61512051684126	-0.2909987742183069	0.5264746091518345	Plasmodium_malariae	Protists
Microcebus_murinus	Microcebus_murinus	Microcebus murinus	950	2935303.0	0.727892320701331	0.0457220259714244	5.643223205986011	0.8230517749045301	282.3713944325106	2487409138	14.892321242713058	6.856461984594587	-0.7903565893964988	0.9839552584014192	Microcebus_murinus	Mammalia
Saprolegnia_diclina_VS20	Saprolegnia_diclina	Saprolegnia diclina	149	5165.0	0.4647621770174834	0.0433688286544046	4.592699793577899	0.9178155625133436	98.7607040725166	62885792	8.549660381553739	5.003946305945459	0.0098857163363232	-0.1411853495822133	Saprolegnia_diclina	Protists
Cynara_cardunculus_var._scolymus	Cynara_cardunculus	Cynara cardunculus	2392	1252936.0	0.6496193973708266	0.0134085061008702	6.9180429161616	0.8892217319199951	1010.3407368526748	725197765	14.041000155159503	7.779885115070522	-0.4394641435655524	0.6173666491498175	Cynara_cardunculus	Viridiplantae
Thamnophis_elegans	Thamnophis_elegans	Thamnophis elegans	2099	3614745.0	0.6934560364154453	0.0156863070562377	6.664955597062632	0.8713252859371244	784.4286332721952	1672190305	15.100531871667894	7.649216319820633	-0.5613581759145845	0.8163266614080251	Thamnophis_elegans	Herptiles
Trematosphaeria_pertusa	Trematosphaeria_pertusa	Trematosphaeria pertusa	83	5170.0	0.6138053179837337	0.1268858800773694	3.674757694051456	0.8316112800194054	39.43909937094661	47745773	8.550627967502475	4.418840607796598	-0.3225881673756494	0.4633362063071541	Trematosphaeria_pertusa	Fungi
Drosophila_mojavensis	Drosophila_mojavensis	Drosophila mojavensis	497	156417.0	0.7256427187764575	0.1311494274918966	4.917936264600423	0.7921180564232477	136.72016759053358	193826310	11.960280796838576	6.208590026096629	-0.8700437694813337	0.9726265677351232	Drosophila_mojavensis	Insecta
Penicillium_arizonense	Penicillium_arizonense	Penicillium arizonense	111	3970.0	0.4012163296798057	0.0418136020151133	4.436187152252471	0.9419595931280588	84.4523231668908	33729052	8.286521373681236	4.709530201312334	0.1350001885896361	-0.4003996241465563	Penicillium_arizonense	Fungi
Sesamum_indicum	Sesamum_indicum_-species_in_domain_Eukaryota	Sesamum indicum	1488	370114.0	0.581336535020509	0.0123691619338906	6.654173923589207	0.910883296554625	776.0166092207932	275059498	12.82156634527296	7.305188215393037	-0.2305821242775714	0.3282624122862436	Sesamum_indicum	Viridiplantae
Micromonas_commoda	Micromonas_commoda	Micromonas commoda	28	1190.0	0.4499399759903961	0.1159663865546218	2.993402585993444	0.8983249908139803	19.953460481107392	21109336	7.081708586105575	3.332204510175204	0.0559894035310377	-0.2009132196551281	Micromonas_commoda	Viridiplantae
Trichoderma_citrinoviride	Trichoderma_citrinoviride	Trichoderma citrinoviride	20	1145.0	0.5527074235807861	0.2200873362445415	2.4311274205691515	0.8115302699212772	11.371695539022406	33215161	7.0431599159883405	2.995732273553991	-0.1628681662032058	0.2116158763559139	Trichoderma_citrinoviride	Fungi
Chrysemys_picta_bellii	Chrysemys_picta	Chrysemys picta	2539	4408028.0	0.6372457784624395	0.0104908589509867	7.034001470623229	0.8972483599056909	1134.5614534489223	2365766571	15.298937981881828	7.839525581704678	-0.3834662919047815	0.5634298893251798	Chrysemys_picta	Herptiles
Megachile_rotundata	Megachile_rotundata	Megachile rotundata	1097	255090.0	0.6323975026170005	0.0359872986004939	6.095922159890108	0.8708044157722197	444.0433353859776	272660569	12.449371703047948	7.00033446027523	-0.4808776438686788	0.5425159720617294	Megachile_rotundata	Insecta
Ursus_arctos_horribilis	Ursus_arctos	Ursus arctos	759	2945503.0	0.7661692246351877	0.0522250359276497	5.304579535888817	0.7998459158996052	201.25636354312235	2328659882	14.89579015844616	6.63200177739563	-0.9042848770538016	1.18680539369701	Ursus_arctos	Mammalia
Puma_concolor	Puma_concolor	Puma concolor	729	3545670.0	0.7880462679758513	0.0512320661539285	5.106245498348032	0.774650825563847	165.04951146078236	2432966684	15.081237698679944	6.591673732008658	-1.065006756892096	1.3131887981556147	Puma_concolor	Mammalia
Leptonychotes_weddellii	Leptonychotes_weddellii	Leptonychotes weddellii	727	3227938.0	0.7789856312281047	0.0522392313607014	5.11331237428216	0.7760463547009047	166.22002695378515	3156902762	14.98735410124824	6.588926477533519	-1.0545458474788791	1.259764884078942	Leptonychotes_weddellii	Mammalia
Gallus_gallus	Gallus_gallus	Gallus gallus	319	320462.0	0.7185758789587658	0.0733690734002783	4.675747813576342	0.8110308453292636	107.31278705259128	1065365434	12.677518983570918	5.765191102784844	-0.6689599723384321	0.937408448408654	Gallus_gallus	Aves
Saprochaete_ingens	Saprochaete_ingens	Saprochaete ingens	46	2634.0	0.6226271829916477	0.3052391799544419	2.948104808600125	0.7700133032316812	19.069778579282755	21189208	7.876258882303226	3.828641396489095	-0.4754509974722469	0.5007143141616699	Saprochaete_ingens	Fungi
Fusarium_graminearum_PH-1	Gibberella_zeae	Fusarium graminearum	25	1940.0	0.5374845360824743	0.2268041237113402	2.69043016358732	0.8358291248148666	14.738014314179097	36458046	7.570443252057374	3.218875824868201	-0.1252241604896573	0.1502199976179544	Gibberella_zeae	Fungi
Aspergillus_bombycis	Aspergillus_bombycis	Aspergillus bombycis	25	820.0	0.3194146341463414	0.1060975609756097	3.052027189242084	0.9481655569509432	21.15819263764352	37474605	6.709304340258298	3.218875824868201	0.2363728651651064	-0.7564632076577357	Aspergillus_bombycis	Fungi
Pochonia_chlamydosporia_170	Metacordyceps_chlamydosporia	Pochonia chlamydosporia	162	4648.0	0.4358093750664031	0.0907917383820998	4.673882651711283	0.9186818968603956	107.11281787995664	44215803	8.444192298531748	5.087596335232384	0.0096163029677116	-0.2581872472710312	Metacordyceps_chlamydosporia	Fungi
Chaetomium_thermophilum_var._thermophilum_DSM_1495	Chaetomium_thermophilum	Chaetomium thermophilum	49	2068.0	0.3652350688824853	0.0628626692456479	3.677261026000578	0.9448691728612932	39.537952207555406	28322806	7.63433723562832	3.8918202981106265	0.1925306044687786	-0.5527135725165848	Chaetomium_thermophilum	Fungi
Denticeps_clupeoides	Denticeps_clupeoides	Denticeps clupeoides	1686	937614.0	0.6920780905165301	0.0301424680092234	6.32858595425863	0.8517481476379599	560.3636535202867	567401054	13.751093629434022	7.430114138561801	-0.6768115705446895	0.8098525866294736	Denticeps_clupeoides	Fish
Anolis_carolinensis	Anolis_carolinensis	Anolis carolinensis	1771	4458990.0	0.7391024320468569	0.0296437085528337	6.2601892259459095	0.8370020629099548	523.31795607476	1799143587	15.310432840951796	7.479299637782834	-0.7955925228247187	1.0413086499967676	Anolis_carolinensis	Herptiles
Melanaphis_sacchari	Melanaphis_sacchari	Melanaphis sacchari	606	159607.0	0.5795940176573561	0.0316276855025155	5.669989988357565	0.8849845791845652	290.031630684218	300271876	11.980469822685162	6.406879986069314	-0.3148174063087792	0.3211070198690992	Melanaphis_sacchari	Insecta
Tetrapisispora_phaffii_CBS_4417	Tetrapisispora_phaffii	Tetrapisispora phaffii	13	667.0	0.4557721139430284	0.2548725637181409	2.1970511919382574	0.8565670840817775	8.998439666691757	12115070	6.502790045915623	2.5649493574615367	0.0161131829772158	-0.1773751328586293	Tetrapisispora_phaffii	Fungi
Exophiala_spinifera	Exophiala_spinifera	Exophiala spinifera	33	989.0	0.3459876826914238	0.1354903943377148	3.2794080088610063	0.9379096001398552	26.56004473379133	32912349	6.8966943316227125	3.49650756146648	0.1901425863700865	-0.6367230098186826	Exophiala_spinifera	Fungi
Antrostomus_carolinensis	Antrostomus_carolinensis	Antrostomus carolinensis	346	318472.0	0.6966200747296666	0.0854800422015122	4.806985932533245	0.8222075211051506	122.36225306607948	1119683066	12.671289838041949	5.846438775057725	-0.620682835832695	0.8312542768359659	Antrostomus_carolinensis	Aves
Catharus_ustulatus	Catharus_ustulatus	Catharus ustulatus	462	376934.0	0.7065444323080938	0.0333214833366053	5.092277183861209	0.8299606106787355	162.76007498806095	1131616430	12.839825384791254	6.135564891081739	-0.6209956238460554	0.8786598508413958	Catharus_ustulatus	Aves
Meira_miltonrushii	Meira_miltonrushii	Meira miltonrushii	9	313.0	0.3961661341853035	0.3514376996805112	1.9193192363884235	0.8735198286901052	6.816316589159593	17383515	5.746203190540153	2.19722457733622	0.1124432869812475	-0.4214654494546055	Meira_miltonrushii	Fungi
Sus_scrofa	Sus_scrofa	Sus scrofa	687	3877599.0	0.7994445134726641	0.0569602478234598	4.983302121971686	0.7628669781803725	145.95554980632866	2501912388	15.17072670562179	6.532334292222349	-1.1266957723792297	1.3828261790848078	Sus_scrofa	Mammalia
Fibroporia_radiculosa	Fibroporia_radiculosa	Fibroporia radiculosa	90	3292.0	0.4199810989604428	0.06591737545565	4.16488739687966	0.9255696800558182	64.38543203470918	28378039	8.09925056179696	4.499809670330265	0.0764322393752872	-0.3228509832190883	Fibroporia_radiculosa	Fungi
Spathaspora_passalidarum_NRRL_Y-27907	Spathaspora_passalidarum	Spathaspora passalidarum	3	109.0	0.2629969418960244	0.5963302752293578	0.9542741162568288	0.8686177335716245	2.5967849346530314	13182099	4.691347882229144	1.0986122886681098	0.0958428177793055	-1.0304496372371474	Spathaspora_passalidarum	Fungi
Falco_cherrug	Falco_cherrug	Falco cherrug	285	188705.0	0.6308544897656557	0.0919795447921358	4.767804293568865	0.8434875576961762	117.66060996661751	1174811715	12.14794022809092	5.652489180268651	-0.4663516384343635	0.5358843303695686	Falco_cherrug	Aves
Rhinolophus_sinicus	Rhinolophus_sinicus	Rhinolophus sinicus	855	2085013.0	0.6806188525230085	0.0559660779093463	5.752814629563519	0.8521297829744422	315.0762363063022	2073344508	14.550285648207591	6.75110146893676	-0.5731914812774397	0.7566172523076955	Rhinolophus_sinicus	Mammalia
Arachis_ipaensis	Arachis_ipaensis	Arachis ipaensis	2065	1651241.0	0.623263620847628	0.0120466969994083	6.854976637883246	0.8980845622586584	948.589968076608	1353504219	14.317037684387468	7.632885505395133	-0.3572364953793263	0.5034238934045556	Arachis_ipaensis	Viridiplantae
Arabidopsis_lyrata_subsp._lyrata	Arabidopsis_lyrata	Arabidopsis lyrata	1011	123921.0	0.4783715824312977	0.023055010853689	6.475587018348167	0.9359549471908896	649.1001494934227	206667935	11.727399544780592	6.918695219020472	-0.0174701979041076	-0.0865676910637415	Arabidopsis_lyrata	Viridiplantae
Acanthaster_planci	Acanthaster_planci	Acanthaster planci	2584	558282.0	0.5698697101966168	0.0084795855857792	7.259369120409463	0.9239254672566588	1421.3595475553332	383860178	13.232619490047918	7.857093864902493	-0.1744170771699984	0.2813195937628299	Acanthaster_planci	OtherInvertebrates
Coccidioides_immitis_RS	Coccidioides_immitis	Coccidioides immitis	45	2708.0	0.4358608238962744	0.0782865583456425	3.494737705296556	0.9180581978801636	32.941646400363865	29016019	7.903965634032166	3.80666248977032	0.1011590821783241	-0.2579780060544575	Coccidioides_immitis	Fungi
Athalia_rosae	Athalia_rosae	Athalia rosae	214	31310.0	0.54447445950504	0.0430533375918237	4.8158439970497415	0.8974777344453208	123.4509606001057	155841210	10.351692814320453	5.365976015021851	-0.1284735050527947	0.178369248478873	Athalia_rosae	Insecta
Verticillium_nonalfalfae	Verticillium_nonalfalfae	Verticillium nonalfalfae	38	1388.0	0.5008721371151221	0.1073487031700288	3.2146888134455947	0.8837423149002193	24.89554354721802	31747483	7.23561914106675	3.6375861597263857	-0.0050401759329736	0.0034885519984559	Verticillium_nonalfalfae	Fungi
Danaus_plexippus_plexippus	Danaus_plexippus	Danaus plexippus	456	142183.0	0.6458499523285471	0.0380917549918063	5.266810306485383	0.8602395250347591	193.7968230682052	248676414	11.86487023927494	6.1224928095143865	-0.4326253364043904	0.6008465180583578	Danaus_plexippus	Insecta
Suhomyces_tanzawaensis_NRRL_Y-17324	Suhomyces_tanzawaensis	Suhomyces tanzawaensis	6	153.0	0.181917211328976	0.2549019607843137	1.7383407492648604	0.9701864447317758	5.6878979397888285	13136204	5.030437921392435	1.791759469228055	0.2900364002399014	-1.50341183934738	Suhomyces_tanzawaensis	Fungi
Phaeodactylum_tricornutum_CCAP_1055_1	Phaeodactylum_tricornutum	Phaeodactylum tricornutum	104	3453.0	0.4142078237430105	0.0390964378801042	4.363902716245204	0.9396071112472416	78.56314656376591	27450724	8.146998697389993	4.6443908991413725	0.1380007821072189	-0.3465972410608707	Phaeodactylum_tricornutum	Protists
Verruconis_gallopava	Ochroconis_gallopava	Verruconis gallopava	77	3859.0	0.5521718499173799	0.0743715988598082	3.806548422519696	0.8763165134812329	44.99486726646592	31780469	8.258163361537619	4.343805421853684	-0.1276529591683273	0.2094497548818799	Ochroconis_gallopava	Fungi
Habropoda_laboriosa	Habropoda_laboriosa	Habropoda laboriosa	1778	394281.0	0.5776792866423893	0.0122121025360085	6.805547800248224	0.9094381289524704	902.8422116760148	296954667	12.8848191320448	7.48324441607385	-0.255492541535931	0.3132538376218352	Habropoda_laboriosa	Insecta
Cimex_lectularius	Cimex_lectularius	Cimex lectularius	2278	1049022.0	0.7034225912187863	0.0180758840138719	6.600608135976483	0.8537786525362421	735.542363030143	510848842	13.86336885951314	7.731053144007127	-0.706884196704344	0.8636495771851119	Cimex_lectularius	Insecta
Charadrius_vociferus	Charadrius_vociferus	Charadrius vociferus	327	266155.0	0.6733999761124226	0.0945464109259641	4.75624792975665	0.8214647060377943	116.30870773395614	1219859583	12.49183412482309	5.7899601708972535	-0.6171069231765358	0.7236032175773601	Charadrius_vociferus	Aves
Drosophila_innubila	Drosophila_innubila	Drosophila innubila	669	160647.0	0.610926799433416	0.0244511257602071	5.788871951370372	0.8898038880276443	326.6443457647494	167978031	11.98696469023332	6.505784060128229	-0.2949075344844551	0.4512096452872728	Drosophila_innubila	Insecta
Nasonia_vitripennis	Nasonia_vitripennis	Nasonia vitripennis	1149	252697.0	0.6488428111682604	0.1118691555499273	5.8300654108522485	0.827353091615519	340.3809429511587	297309692	12.43994642152109	7.046647277848756	-0.7958987521586334	0.6139565311300539	Nasonia_vitripennis	Insecta
Culex_quinquefasciatus	Culex_quinquefasciatus	Culex quinquefasciatus	1638	1180825.0	0.7027879495997126	0.0245760379395761	6.330355115760552	0.8553110813059571	561.3559047907387	579042118	13.98172390469094	7.401231264413015	-0.6483525480953789	0.8606093514375146	Culex_quinquefasciatus	Insecta
Trichophyton_rubrum_CBS_118892	Trichophyton_rubrum	Trichophyton rubrum	6	146.0	0.1575342465753424	0.2465753424657534	1.751354294573924	0.9774494426578704	5.762401382866149	22530013	4.983606621708336	1.791759469228055	0.303049945548965	-1.6766901394432685	Trichophyton_rubrum	Fungi
Ceraceosorus_guamensis	Ceraceosorus_guamensis	Ceraceosorus guamensis	7	119.0	0.2713085234093637	0.2773109243697479	1.8270757619377749	0.9389312054437716	6.215683917427661	24148100	4.77912349311153	1.9459101490553128	0.2396619985516477	-0.9879937917872126	Ceraceosorus_guamensis	Fungi
Metschnikowia_bicuspidata_var._bicuspidata_NRRL_YB-4993	Metschnikowia_bicuspidata	Metschnikowia bicuspidata	20	1459.0	0.595442083618917	0.2871830020562029	2.33664131961152	0.7799900345698924	10.346427795564605	16055203	7.285506548522785	2.995732273553991	-0.2573542671608377	0.3865092209133795	Metschnikowia_bicuspidata	Fungi
Empidonax_traillii	Empidonax_traillii	Empidonax traillii	416	286208.0	0.6812862565794	0.0691105769230769	4.968228842480168	0.823824926699115	143.77201883907983	1123485537	12.564474098194609	6.030685260261263	-0.6416816806783849	0.7596892213566905	Empidonax_traillii	Aves
Brassica_oleracea_var._oleracea	Brassica_oleracea	Brassica oleracea	2685	640561.0	0.5309536036726559	0.006803411384708	7.381798384715241	0.9349449958462016	1606.4762338707565	488954160	13.370099633879304	7.895436006942965	-0.0899931329342251	0.123972952418911	Brassica_oleracea	Viridiplantae
Notolabrus_celidotus	Notolabrus_celidotus	Notolabrus celidotus	2230	1280410.0	0.6053265855881435	0.0093946470271241	7.010515048583571	0.9093042973774637	1108.2251477263133	846744125	14.062690897106704	7.709756864454165	-0.2785381196818113	0.4277094993178253	Notolabrus_celidotus	Fish
Postia_placenta_Mad-698-R	Rhodonia_placenta	Postia placenta	157	16951.0	0.5696561877303145	0.1190490236564214	4.28806231595725	0.8480723606082398	72.82521943019388	90891856	9.738082108118489	5.056245805348308	-0.3491093910287715	0.2804485467972673	Rhodonia_placenta	Fungi
Etheostoma_cragini	Etheostoma_cragini	Etheostoma cragini	2672	1066063.0	0.5663470836460267	0.0066262500433839	7.29205718850285	0.9241468746413994	1468.5887556856158	643078674	13.879482981398771	7.890582534656536	-0.1747642957999904	0.266962630007894	Etheostoma_cragini	Fish
Solanum_tuberosum	Solanum_tuberosum	Solanum tuberosum	2627	1110950.0	0.5671211638211332	0.0065709527881542	7.276669439922439	0.9241860753231412	1446.1634610350072	705934411	13.920726063108583	7.87359778968554	-0.1739565279526163	0.2701151089277796	Solanum_tuberosum	Viridiplantae
Tinamus_guttatus	Tinamus_guttatus	Tinamus guttatus	225	147444.0	0.7006079897754025	0.1254645831637774	4.19448749747506	0.7744478842688831	66.31973383503082	1047056493	11.901203721655571	5.41610040220442	-0.8009098007299986	0.8501947292153367	Tinamus_guttatus	Aves
Lacerta_agilis	Lacerta_agilis	Lacerta agilis	2455	3206377.0	0.6804645193357028	0.0209722687007797	6.8043189425783766	0.871691233291951	901.7334285074154	1391404169	14.980652197253209	7.805882040228621	-0.5786365527742978	0.7559073633779068	Lacerta_agilis	Herptiles
Ziziphus_jujuba	Ziziphus_jujuba	Ziziphus jujuba	1508	443180.0	0.5676222862664971	0.0158942190532063	6.701209843744297	0.91564851146505	813.3893040808964	437753511	13.001731287043196	7.318539548567902	-0.1948983756888171	0.2721566649705441	Ziziphus_jujuba	Viridiplantae
Calidris_pugnax	Calidris_pugnax	Calidris pugnax	338	302991.0	0.7003772096341487	0.0615826872745395	4.8157498888403865	0.8270156161015321	123.43934339790609	1229094286	12.621458381080068	5.823045895483019	-0.5843835747788555	0.8490947427486821	Calidris_pugnax	Aves
Osmia_lignaria	Osmia_lignaria	Osmia lignaria	657	113061.0	0.5169120797750415	0.0364581951336004	5.919626509772603	0.9124406325749672	372.2726477120245	177071571	11.635682775051302	6.48768401848461	-0.1454736105215621	0.067674135046165	Osmia_lignaria	Insecta
Pyrenophora_tritici-repentis_Pt-1C-BFP	Pyrenophora_tritici-repentis	Pyrenophora tritici-repentis	172	8140.0	0.4625878521227358	0.0448402948402948	4.774572335804557	0.9275526874892824	118.4596428383951	37997465	9.004545458996587	5.147494476813453	0.0502815254689616	-0.1499288113835488	Pyrenophora_tritici-repentis	Fungi
Punctularia_strigosozonata_HHB-11173_SS5	Punctularia_strigosozonata	Punctularia strigosozonata	163	3514.0	0.3622983962484855	0.0372794536141149	4.84686430200866	0.9515316046006732	127.34046191647263	34171901	8.164510268747042	5.093750200806762	0.1733652633738414	-0.565402296910854	Punctularia_strigosozonata	Fungi
Juglans_regia	Juglans_regia	Juglans regia	2567	1166143.0	0.5880067748274509	0.0084226377039522	7.1903914700572855	0.9159158927209456	1326.622436930207	699672627	13.969212279882154	7.85049318087114	-0.2378756173451064	0.3557315641892664	Juglans_regia	Viridiplantae
Leptosphaeria_maculans_JN3	Leptosphaeria_maculans	Leptosphaeria maculans	83	8142.0	0.6542455747825495	0.1827560795873249	3.563151344523928	0.8063543496538679	35.27418327979753	45124619	9.004791129062925	4.418840607796598	-0.4341945169031778	0.6377540082288644	Leptosphaeria_maculans	Fungi
Bipolaris_sorokiniana_ND90Pr	Bipolaris_sorokiniana	Bipolaris sorokiniana	121	4261.0	0.4128197121305866	0.0382539310021121	4.510082088125945	0.9404251593654108	90.92928241856356	34409167	8.357259153499912	4.795790545596741	0.1332744057694848	-0.352320941750575	Bipolaris_sorokiniana	Fungi
Serpula_lacrymans_var._lacrymans_S7.9	Serpula_lacrymans	Serpula lacrymans	327	18584.0	0.5972705467595024	0.0754950495049504	4.977507130297107	0.8596789931848109	145.11218461761703	42797233	9.830056274450245	5.7899601708972535	-0.3958477226360788	0.3941051832973673	Serpula_lacrymans	Fungi
Aquila_chrysaetos_chrysaetos	Aquila_chrysaetos	Aquila chrysaetos	356	228475.0	0.6089759900463626	0.0439916839916839	5.1479055096971	0.8762495671077485	172.07071218750897	1203454851	12.339182074140403	5.87493073085203	-0.306703221627056	0.4430098770903718	Aquila_chrysaetos	Aves
Rhagoletis_zephyria	Rhagoletis_zephyria	Rhagoletis zephyria	4424	3129147.0	0.5822075892660569	0.0091516953342236	7.728218291836994	0.9205959299046096	2271.551351557603	1113962544	14.956271001413272	8.39479954320217	-0.2443134000518139	0.3318423825957675	Rhagoletis_zephyria	Insecta
Chondrus_crispus	Chondrus_crispus	Chondrus crispus	1052	67791.0	0.4769763312457832	0.0135858742310926	6.540919765078803	0.9399968779504042	692.9236119713679	104980420	11.124184721754474	6.958448393297656	0.0056969122204213	-0.0921598491576908	Chondrus_crispus	Viridiplantae
Leishmania_braziliensis_MHOM_BR_75_M2904	Leishmania_braziliensis	Leishmania braziliensis	187	5290.0	0.4807436086653255	0.0427221172022684	4.796803219822464	0.9169764138269286	121.12259564556078	32068771	8.573573524852344	5.231108616854587	-0.015501107526787	-0.0770636815891262	Leishmania_braziliensis	Protists
Bipolaris_maydis_ATCC_48331	Bipolaris_maydis	Bipolaris maydis	60	1704.0	0.3331377151799687	0.0498826291079812	3.914946068887554	0.9561838309873016	50.146366988751694	32929167	7.440733707389261	4.0943445622221	0.237669938987473	-0.6940275914752148	Bipolaris_maydis	Fungi
Phasianus_colchicus	Phasianus_colchicus	Phasianus colchicus	390	349616.0	0.7286141630553785	0.0733090018763443	4.74384593683732	0.7951272645925729	114.87515578915438	1017524032	12.764590688306647	5.966146739123692	-0.7984277184778623	0.9876027622428162	Phasianus_colchicus	Aves
Quercus_lobata	Quercus_lobata	Quercus lobata	2614	1366877.0	0.5410509632136099	0.0047868242716791	7.349856150036832	0.934069807626938	1555.972685124211	846070421	14.128039133603686	7.868636894184167	-0.0960105035341225	0.1645743033536688	Quercus_lobata	Viridiplantae
Yamadazyma_tenuis_ATCC_10573	Yamadazyma_tenuis	Yamadazyma tenuis	2	46.0	0.1956521739130435	0.6956521739130435	0.6145033203107282	0.8865408928220898	1.848738140801985	10747050	3.828641396489095	0.6931471805599453	0.1115516833717266	-1.413693335308005	Yamadazyma_tenuis	Fungi
Drosophila_takahashii	Drosophila_takahashii	Drosophila takahashii	1019	170586.0	0.6170889522921088	0.043831263995873	6.024871714755066	0.8698194917716633	413.58858130719295	182106768	12.04699484736636	6.926577033222725	-0.4755762750431866	0.4772104717543206	Drosophila_takahashii	Insecta
Panicum_hallii	Panicum_hallii	Panicum hallii	1440	368845.0	0.5960768468688292	0.0311133402919925	6.535100336924637	0.8986169327028782	688.9029032549458	535889049	12.818131780574642	7.272398392570047	-0.3159831797337	0.389144951606853	Panicum_hallii	Viridiplantae
Poecilia_mexicana	Poecilia_mexicana	Poecilia mexicana	1937	979805.0	0.6274111853043615	0.0167931374099948	6.770042803610808	0.8944558235016549	871.3491900841736	801711499	13.795108851255852	7.5688956634069955	-0.3766171264641533	0.5211266855118842	Poecilia_mexicana	Fish
Aspergillus_oryzae_RIB40	Aspergillus_flavus	Aspergillus oryzae	23	684.0	0.2888380371217899	0.0862573099415204	3.005735243974188	0.9586161022732071	20.2010633472408	37912014	6.52795791762255	3.1354942159291497	0.2805157984097692	-0.9010340939208634	Aspergillus_flavus	Fungi
Morus_notabilis	Morus_notabilis	Morus notabilis	1716	487766.0	0.6216530664370408	0.0197492240131538	6.660403283162848	0.8942837955673522	780.8657836593784	320378613	13.097591061637743	7.447751280047908	-0.3661230823080856	0.4965705777807322	Morus_notabilis	Viridiplantae
Pygocentrus_nattereri	Pygocentrus_nattereri	Pygocentrus nattereri	2738	3401709.0	0.6711993682299021	0.0108272047961774	6.953312212257055	0.8784999547212219	1046.6105898861863	320378613	15.039788510360497	7.914983005848394	-0.5399859427981388	0.7136146292758555	Pygocentrus_nattereri	Fish
Ficedula_albicollis	Ficedula_albicollis	Ficedula albicollis	348	251315.0	0.6801754838514928	0.1164116745916479	4.7432949351718605	0.8105144945966826	114.81187682200375	1118343587	12.434462411364336	5.8522024797744745	-0.6866074291484923	0.7545783710260376	Ficedula_albicollis	Aves
Macroventuria_anomochaeta	Macroventuria_anomochaeta	Macroventuria anomochaeta	91	4568.0	0.5231760358730586	0.0794658493870402	4.003786792147366	0.8875884488007408	54.805293836681535	33336106	8.426830751335846	4.51085950651685	-0.0895778255452413	0.0927706212775991	Macroventuria_anomochaeta	Fungi
Gossypium_hirsutum	Gossypium_hirsutum	Gossypium hirsutum	2163	3162615.0	0.6232428968616082	0.022397604513986	6.925079955321111	0.9017910172750532	1017.475618961548	2189140010	14.966909774993136	7.679251425953058	-0.3336408352784241	0.5033356343586479	Gossypium_hirsutum	Viridiplantae
Chelonus_insularis	Chelonus_insularis	Chelonus insularis	575	71993.0	0.4625506223733104	0.0248218576806078	5.936981421470809	0.934314713079856	378.7897953256426	135730493	11.184324171049584	6.354370040797351	0.0050902979253004	-0.150078569663864	Chelonus_insularis	Insecta
Marmota_marmota_marmota	Marmota_marmota	Marmota marmota	888	3703249.0	0.769841941434339	0.0580220233638083	5.390326757543879	0.7939827946858043	219.2750236173296	2510587379	15.124721100411184	6.78897174299217	-0.9774278878013778	1.2074189388555052	Marmota_marmota	Mammalia
Drosophila_miranda	Drosophila_miranda	Drosophila miranda	437	197849.0	0.6439773725224862	0.0872180299117003	5.170806621897638	0.8504709601198738	176.0567914880067	287096000	12.195259392466706	6.07993319509559	-0.486675555099068	0.5926693004901737	Drosophila_miranda	Insecta
Alligator_mississippiensis	Alligator_mississippiensis	Alligator mississippiensis	2162	3523865.0	0.6188203097464887	0.0072312645348218	6.966085594026644	0.9071854423477904	1060.0650933343336	2161713562	15.07506895656434	7.6787889981991535	-0.2887335917884552	0.4845440474336385	Alligator_mississippiensis	Herptiles
Drosophila_navojoa	Drosophila_navojoa	Drosophila navojoa	211	76534.0	0.6774865849666666	0.0574777223194919	4.480195396591517	0.8371289531326946	88.25191511444795	147357603	11.245490365522894	5.351858133476067	-0.4525829351105948	0.7422450193973297	Drosophila_navojoa	Insecta
Drosophila_sechellia	Drosophila_sechellia	Drosophila sechellia	540	59162.0	0.6060306478007029	0.1155978499712653	5.378823089613255	0.854925531342227	216.76700989663507	154170815	10.988034722879403	6.29156913955832	-0.4923907940821426	0.4306574387428265	Drosophila_sechellia	Insecta
Trypanosoma_brucei_brucei_TREU927	Trypanosoma_brucei	Trypanosoma brucei	62	5019.0	0.5680832192507183	0.1105797967722653	3.531317865658385	0.8556343303126541	34.16896806556309	26075494	8.520985989654934	4.127134385045092	-0.172503018724639	0.2740349882218033	Trypanosoma_brucei	Protists
Gaeumannomyces_tritici_R3-111a-1	Gaeumannomyces_tritici	Gaeumannomyces tritici	109	4134.0	0.4627368477117481	0.0474117077890662	4.321987272153985	0.9212676997426904	75.33819712709092	43768664	8.327000740241713	4.691347882229144	0.0495259096032967	-0.1493294869499206	Gaeumannomyces_tritici	Fungi
Abrus_precatorius	Abrus_precatorius_-species_in_kingdom_Archaeplastida	Abrus precatorius	1509	335212.0	0.5254747938432118	0.0080695201842416	6.836727201838361	0.9340808975229918	931.4357397052692	347230236	12.72251844647195	7.319202458767849	-0.0593407730929742	0.1019874849716276	Abrus_precatorius	Viridiplantae
Oncorhynchus_tshawytscha	Oncorhynchus_tshawytscha	Oncorhynchus tshawytscha	2567	4718584.0	0.6492786777817265	0.0120947301139494	6.976055269759879	0.8886136334412779	1070.6864563684271	2425713975	15.367019312552737	7.85049318087114	-0.4522118176425129	0.6158700658741371	Oncorhynchus_tshawytscha	Fish
Sitophilus_oryzae	Sitophilus_oryzae	Sitophilus oryzae	3062	1784259.0	0.6452774587795967	0.0117589430682428	7.1736720905715785	0.8937124408497253	1304.6265243656571	770567808	14.394513760956784	8.026823576217629	-0.4293139702266684	0.5983444830901352	Sitophilus_oryzae	Insecta
Agaricus_bisporus_var._burnettii_JB137-S8	Agaricus_bisporus	Agaricus bisporus	96	5734.0	0.5550045052900825	0.079525636553889	3.9603219592466994	0.8676642957804476	52.47421778934165	32614392	8.654168646443315	4.564348191467836	-0.191181902128485	0.2209120734856617	Agaricus_bisporus	Fungi
Pediculus_humanus_corporis	Pediculus_humanus	Pediculus humanus	131	59293.0	0.632174568963575	0.0673098004823503	4.161756995391174	0.8536591894619934	64.18419492324136	110781312	10.990246534173238	4.875197323201151	-0.2970383178132501	0.5415571192853379	Pediculus_humanus	Insecta
Helianthus_annuus	Helianthus_annuus	Helianthus annuus	2854	3792017.0	0.5818768592510015	0.0058686445762242	7.332283000608098	0.9215489703202928	1528.8681977453548	3027844945	15.148408625469363	7.956476798036782	-0.2016872226602011	0.3304828590684068	Helianthus_annuus	Viridiplantae
Aspergillus_pseudotamarii	Aspergillus_pseudotamarii	Aspergillus pseudotamarii	51	1323.0	0.288026321639767	0.0506424792139077	3.800685576191689	0.9666465228159749	44.73184106863806	38243929	7.187657164114956	3.9318256327243257	0.2833799341473741	-0.9049890715912025	Aspergillus_pseudotamarii	Fungi
Blastomyces_gilchristii_SLH14081	Blastomyces_gilchristii	Blastomyces gilchristii	148	34693.0	0.7016601604342647	0.076355460755772	4.029847262859707	0.8064190676903651	56.25231877264535	75404732	10.45429321647827	4.997212273764115	-0.547224672036287	0.8552159468959699	Blastomyces_gilchristii	Fungi
Aspergillus_clavatus_NRRL_1	Aspergillus_clavatus	Aspergillus clavatus	49	1431.0	0.430896048146722	0.1635220125786163	3.455341640818751	0.8878471707689654	31.669106293704115	27859441	7.266128779556451	3.8918202981106265	-0.0293887807130488	-0.278196236206439	Aspergillus_clavatus	Fungi
Hyalella_azteca	Hyalella_azteca	Hyalella azteca	1611	555158.0	0.6146984256794498	0.0216677054099913	6.556667475825615	0.8878826553615459	703.9219445734566	550885727	13.22700803689826	7.384610383176974	-0.4067169818227683	0.4671054452053584	Hyalella_azteca	OtherArthropoda
Sparassis_crispa	Sparassis_crispa	Sparassis crispa	340	8865.0	0.403588135761919	0.0231246474901297	5.528541595509897	0.948463402850639	251.77645122916147	39020349	9.089866218508307	5.828945617610208	0.1195328465775453	-0.3905365837649276	Sparassis_crispa	Fungi
Drosophila_grimshawi	Drosophila_grimshawi	Drosophila grimshawi	373	111405.0	0.6786228976635619	0.0806157712849513	4.940320268899277	0.8342911161170501	139.81502079301526	200467819	11.620927488771509	5.921578419643816	-0.5607795337659907	0.7474503870281854	Drosophila_grimshawi	Insecta
Penicilliopsis_zonata_CBS_506.65	Aspergillus_zonatus	Penicilliopsis zonata	28	1384.0	0.4269199009083402	0.1539017341040462	3.018775609001029	0.9059394763385352	20.46621768441977	26088231	7.232733136177615	3.332204510175204	0.081362426538623	-0.2944290859983754	Aspergillus_zonatus	Fungi
Trachymyrmex_septentrionalis	Trachymyrmex_septentrionalis	Trachymyrmex septentrionalis	1846	413109.0	0.5589777817421144	0.0216407776155929	6.889189163745069	0.9160210041542028	981.6051733875902	291747019	12.931466759639909	7.520776415062797	-0.2066674900436229	0.2370144702140051	Trachymyrmex_septentrionalis	Insecta
Coccomyxa_subellipsoidea_C-169	Coccomyxa_subellipsoidea	Coccomyxa subellipsoidea	90	11423.0	0.6151692005408192	0.2234089118445242	3.580072416236447	0.7956052985622581	35.87613876794362	48826616	9.343384145733948	4.499809670330265	-0.5083827412679258	0.4690935970346788	Coccomyxa_subellipsoidea	Viridiplantae
Eimeria_tenella	Eimeria_tenella	Eimeria tenella	160	62748.0	0.751359007458405	0.0875884490342321	3.9391224148522808	0.7761551738441879	51.37349689408246	51894357	11.046881983976132	5.075173815233827	-0.7192211020819448	1.1058735177118235	Eimeria_tenella	Protists
Carassius_auratus	Carassius_auratus	Carassius auratus	2907	3054155.0	0.5696533328594657	0.0124145631115644	7.331912513129966	0.9193762617973638	1528.3018761363865	1820635050	14.932013516583494	7.9748769005588755	-0.2211713160782951	0.2804369013082062	Carassius_auratus	Fish
Myotis_brandtii	Myotis_brandtii	Myotis brandtii	1099	3734289.0	0.761423315050368	0.0646816569365681	5.59129871588497	0.7985110232183033	268.08355810359404	2107242811	15.133067996982232	7.002155954403621	-0.9871392871730738	1.1604986759340084	Myotis_brandtii	Mammalia
Cottoperca_gobio	Cottoperca_gobio	Cottoperca gobio	1970	778747.0	0.5955432473690213	0.0123185065239416	6.8778275197469405	0.9066726851191926	970.5156418083584	609391784	13.565441496748932	7.585788821732034	-0.2843206839145589	0.3869291946230916	Cottoperca_gobio	Fish
Agaricus_bisporus_var._bisporus_H97	Agaricus_bisporus	Agaricus bisporus	83	3532.0	0.4483073858287055	0.0818233295583239	4.004029414982935	0.9061266903174172	54.818592465686685	30233745	8.16961956172385	4.418840607796598	0.0066835535558293	-0.2075119065705721	Agaricus_bisporus	Fungi
Eimeria_maxima	Eimeria_maxima	Eimeria maxima	374	103287.0	0.7942016764563763	0.0918218168791813	4.508941611253758	0.7610984004474542	90.8256387877765	45975062	11.545266800140892	5.924255797414532	-0.9932001070700878	1.3504407522489943	Eimeria_maxima	Protists
Tursiops_truncatus	Tursiops_truncatus	Tursiops truncatus	819	2840229.0	0.7487346936574446	0.0474500471616901	5.386610246591591	0.8030027917446086	218.4615980792364	2378522213	14.859395240689476	6.70808408385307	-0.8978169562372491	1.0918753284090073	Tursiops_truncatus	Mammalia
Plasmodium_vivax	Plasmodium_vivax	Plasmodium vivax	52	2625.0	0.5118901098901099	0.2140952380952381	3.388205607064425	0.8575035731485721	29.61276762653292	27013691	7.872836175025724	3.951243718581428	-0.1508847832546811	0.0475694077281991	Plasmodium_vivax	Protists
Mus_musculus	Mus_musculus	Mus musculus	1100	4169414.0	0.7459114241342919	0.0264617521790832	5.831622944155449	0.8327243231517634	340.9115106867798	2818974548	15.243286056322122	7.003065458786462	-0.7511923798060804	1.076923928640602	Mus_musculus	Mammalia
Ustilago_maydis_521	Ustilago_maydis	Ustilago maydis	29	1424.0	0.5644614490507556	0.2429775280898876	2.7302007198885057	0.8107991865684911	15.335964944170277	19664356	7.261225091971921	3.367295829986474	-0.2349690066472973	0.2592887755553423	Ustilago_maydis	Fungi
Xiphophorus_maculatus	Xiphophorus_maculatus	Xiphophorus maculatus	1948	977649.0	0.6475680748416061	0.0359290502010435	6.664896680661133	0.8799056333859537	784.3824189212952	704321165	13.792905988892956	7.57455848420248	-0.4877309952704243	0.608366439453718	Xiphophorus_maculatus	Fish
Entamoeba_dispar_SAW760	Entamoeba_dispar	Entamoeba dispar	95	11914.0	0.6179373227428148	0.0796541883498405	3.8451453363869534	0.8443674319521424	46.76548058301239	30633164	9.385469458188632	4.553876891600541	-0.291059169838241	0.4808023610674021	Entamoeba_dispar	Protists
Fusarium_coffeatum	Fusarium_chlamydosporum	Fusarium coffeatum	36	2622.0	0.6258793118060852	0.3790999237223493	2.634100822571725	0.7350598302423307	13.930780586355338	37769732	7.871692664323645	3.58351893845611	-0.5391339501751085	0.5145791188060462	Fusarium_chlamydosporum	Fungi
Nothobranchius_furzeri	Nothobranchius_furzeri	Nothobranchius furzeri	2759	1640059.0	0.6131485986125162	0.0119135957913709	7.203810503218225	0.909270828751942	1344.5444062195709	1242518059	14.310242774763031	7.922623574217286	-0.2962058947952881	0.4605666751020598	Nothobranchius_furzeri	Fish
Phoenix_dactylifera	Phoenix_dactylifera	Phoenix dactylifera	1976	630961.0	0.583564890287816	0.0129802000440597	6.942404385506306	0.9148188188208998	1035.2563803488829	556480649	13.35499933295714	7.588829878307813	-0.2236191445841919	0.3374250038042501	Phoenix_dactylifera	Viridiplantae
Sinocyclocheilus_grahami	Sinocyclocheilus_grahami	Sinocyclocheilus grahami	3647	3717107.0	0.5905876927494994	0.0138510944129399	7.498449335217532	0.9142599377161208	1805.2409194099744	1750287761	15.128456235520966	8.20166019080868	-0.2808376067054619	0.3663953960856445	Sinocyclocheilus_grahami	Fish
Pundamilia_nyererei	Pundamilia_nyererei	Pundamilia nyererei	1992	899041.0	0.585701770131153	0.0125111090595423	6.910601472134648	0.9096613791862144	1002.8502474057246	830133247	13.709083918642968	7.596894438144544	-0.2627254924926161	0.3462246588488324	Pundamilia_nyererei	Fish
Bos_mutus	Bos_mutus	Bos mutus	826	4809701.0	0.7964769321615691	0.0629039102430691	5.2407232590539055	0.7802649163404286	188.80660912434163	2645145588	15.386145477987634	6.716594773520978	-1.057410995362992	1.364418813496281	Bos_mutus	Mammalia
Solanum_pennellii	Solanum_pennellii	Solanum pennellii	2186	1147018.0	0.5948531415812383	0.0091838140290736	7.011929671894772	0.9118447203384704	1109.7939782448343	926426464	13.95267608910084	7.689828668736484	-0.255553960476278	0.3840649394506218	Solanum_pennellii	Viridiplantae
Petromyzon_marinus	Petromyzon_marinus	Petromyzon marinus	1240	2774531.0	0.7761616778800895	0.0292885536330284	5.7675787308707545	0.8097271797033914	319.7625633559819	1089050413	14.83599228187003	7.122866658599083	-0.9303721453138128	1.2434368312666984	Petromyzon_marinus	Fish
Auricularia_subglabra_TFB-10046_SS5	Auricularia_subglabra	Auricularia subglabra	472	16848.0	0.3789691881146683	0.0159069325735992	5.906215563222133	0.9592716780501448	367.31344724479175	74920202	9.731987234373756	6.156978985585555	0.1715511004585366	-0.4939257933380512	Auricularia_subglabra	Fungi
Camponotus_floridanus	Camponotus_floridanus	Camponotus floridanus	1153	191855.0	0.5393848341893609	0.0149227281019519	6.500895102465729	0.9220967555919342	665.7372694982191	284009182	12.164495157363117	7.050122520269059	-0.1265691168625675	0.1578663811848988	Camponotus_floridanus	Insecta
Plasmodium_yoelii	Plasmodium_yoelii	Plasmodium yoelii	31	5495.0	0.5849775455692858	0.1395814376706096	2.846325425966992	0.8288689667362166	17.22437317758912	23083521	8.611593866837723	3.4339872044851463	-0.1907329379967253	0.3432408370240133	Plasmodium_yoelii	Protists
Eremothecium_cymbalariae_DBVPG#7215	Eremothecium_cymbalariae	Eremothecium cymbalariae	8	266.0	0.4736842105263157	0.4323308270676692	1.6834336447200131	0.8095604569677322	5.3840110500122655	9669424	5.583496308781699	2.079441541679836	-0.0224874601732918	-0.1053605156578266	Eremothecium_cymbalariae	Fungi
Galendromus_occidentalis	Galendromus_occidentalis	Galendromus occidentalis	408	32620.0	0.3730489835419146	0.0168914776210913	5.764080252968261	0.9588793985919614	318.6458356566274	151724311	10.392680876175003	6.0112671744041615	0.1768050149017952	-0.5191586797194375	Galendromus_occidentalis	OtherArthropoda
Echeneis_naucrates	Echeneis_naucrates	Echeneis naucrates	1066	316939.0	0.5657932371110386	0.0265824022919236	6.302364320650433	0.9039965434355752	545.860976020752	544229245	12.666464605320495	6.97166860472579	-0.2483845867672931	0.2647078731666642	Echeneis_naucrates	Fish
Aspergillus_fischeri_NRRL_181	Aspergillus_fischeri	Aspergillus fischeri	72	1628.0	0.2956592956592956	0.0399262899262899	4.13728689667828	0.9674093748590684	62.6326618403921	31770017	7.395107546562485	4.276666119016055	0.2768597688984049	-0.8680544309146728	Aspergillus_fischeri	Fungi
Salarias_fasciatus	Salarias_fasciatus	Salarias fasciatus	2030	840502.0	0.5671058638859655	0.0160047209881713	6.950592388635062	0.9126553397921732	1043.7678612933844	797507141	13.641754611363966	7.615791072035833	-0.242525136336547	0.2700527863273579	Salarias_fasciatus	Fish
Aspergillus_niger	Aspergillus_niger	Aspergillus niger	16	411.0	0.2255170316301703	0.1313868613138686	2.687366389616664	0.9692625408379096	14.692929469697177	33975768	6.018593214496234	2.772588722239781	0.3013657677472761	-1.2337999847466723	Aspergillus_niger	Fungi
Tetrahymena_thermophila_SB210	Tetrahymena_thermophila	Tetrahymena thermophila	36	3863.0	0.49989213909742	0.1933730261454828	3.115165514102645	0.8693034884433329	22.53716026266689	103014375	8.259199362666282	3.58351893845611	-0.0580692586441879	-0.0004314436170125	Tetrahymena_thermophila	Protists
Kwoniella_pini_CBS_10737	Cryptococcus_pinus	Kwoniella pini	2	47.0	0.1382978723404255	0.6382978723404256	0.6543912549266473	0.9440870182837796	1.9239709529816136	20828584	3.8501476017100575	0.6931471805599453	0.1514396179876457	-1.8294997972109024	Cryptococcus_pinus	Fungi
Mizuhopecten_yessoensis	Mizuhopecten_yessoensis	Mizuhopecten yessoensis	2254	1352091.0	0.6216721067042895	0.0144923677474371	6.906495176365836	0.8945702277360905	998.7406909796284	987568220	14.117162841012291	7.720461694599722	-0.3911484376322205	0.4966515319123333	Mizuhopecten_yessoensis	OtherInvertebrates
Nicrophorus_vespilloides	Nicrophorus_vespilloides	Nicrophorus vespilloides	686	167649.0	0.5882293522908919	0.0283270404237424	5.838097050713765	0.8939222847981378	343.1257680690056	195273382	12.02962778706895	6.530877627725885	-0.2694378012785963	0.3566504127356547	Nicrophorus_vespilloides	Insecta
Coturnix_japonica	Coturnix_japonica	Coturnix japonica	309	290919.0	0.6955685604321562	0.0422351238660933	4.763521636965447	0.8308456460039897	117.15778745498488	927656957	12.58080015689147	5.733341276897746	-0.5516583021833226	0.826283679304518	Coturnix_japonica	Aves
Branchiostoma_belcheri	Branchiostoma_belcheri	Branchiostoma belcheri	2674	850259.0	0.627354989777003	0.0064568560873804	7.126466008404874	0.9030753148302156	1244.4712357026708	426123519	13.653296287935444	7.891330757661889	-0.3436258632383078	0.5208863010557402	Branchiostoma_belcheri	OtherInvertebrates
Nosema_ceranae_BRL01	Nosema_ceranae	Nosema ceranae	229	7921.0	0.3070826596042028	0.0190632495896982	5.268001705860756	0.969501513403688	194.0278500775478	7860219	8.97727273946428	5.43372200355424	0.2535915392786014	-0.8137937532764434	Nosema_ceranae	Fungi
Pipra_filicauda	Pipra_filicauda	Pipra filicauda	393	288125.0	0.6785628675354496	0.0655652928416486	4.93083154491113	0.8254082177500509	138.4946289749443	1110963465	12.57114969273305	5.973809611869261	-0.6233822733428598	0.747175151507618	Pipra_filicauda	Aves
Fonsecaea_monophora	Fonsecaea_monophora	Fonsecaea monophora	40	1040.0	0.3209134615384615	0.0644230769230769	3.5252283354641736	0.9556366314797154	33.9615273520994	35229797	6.946975992135418	3.688879454113936	0.2516397457586237	-0.7495770727461916	Fonsecaea_monophora	Fungi
Xiphophorus_couchianus	Xiphophorus_couchianus	Xiphophorus couchianus	1893	954471.0	0.6423654770325525	0.0284492666618472	6.6632126283873525	0.8830221180333759	783.0625895679319	688541509	13.768912539287223	7.545918151209323	-0.458844673835304	0.58564584120281	Xiphophorus_couchianus	Fish
Zeugodacus_cucurbitae	Zeugodacus_cucurbitae	Zeugodacus cucurbitae	1260	375755.0	0.6450612871904671	0.0184455296669372	6.27681117040123	0.8792447275525834	532.0892138032233	374820345	12.83669261424658	7.138866999945524	-0.4397466517605597	0.5974001965834381	Zeugodacus_cucurbitae	Insecta
Bombus_impatiens	Bombus_impatiens	Bombus impatiens	870	173690.0	0.554624363792541	0.02969658587138	6.144774787715734	0.9078497378324216	466.27462646362113	246856484	12.065027380048058	6.76849321164863	-0.200041878537859	0.2193730102027144	Bombus_impatiens	Insecta
Plasmodium_relictum	Plasmodium_relictum	Plasmodium relictum	35	12495.0	0.6418247298919568	0.2343337334933973	2.755974414948742	0.7751630409412585	15.736367185936109	22607426	9.433083843269053	3.555348061489413	-0.3954722945309155	0.5832928121158525	Plasmodium_relictum	Protists
Pneumocystis_carinii_B80	Pneumocystis_carinii	Pneumocystis carinii	5	162.0	0.1555555555555555	0.2839506172839506	1.569371768280859	0.97510550494449	4.8036294532506565	7661456	5.087596335232384	1.6094379124341005	0.2633289875033495	-1.6916760106710729	Pneumocystis_carinii	Fungi
Alternaria_alternata	Alternaria_alternata	Alternaria alternata	21	964.0	0.4912072712902588	0.2033195020746888	2.598013694967656	0.8533403015122301	13.437021486779658	32990834	6.871091294610546	3.044522437723423	-0.0557718813105201	-0.0351745410271801	Alternaria_alternata	Fungi
Cordyceps_fumosorosea_ARSEF_2679	Isaria_fumosorosea	Cordyceps fumosorosea	63	2135.0	0.3868703765659269	0.0557377049180327	3.9018665935122367	0.941766766274234	49.494749513391206	33485962	7.666221925662725	4.143134726391533	0.1693428865600341	-0.4604866784109975	Isaria_fumosorosea	Fungi
Eurytemora_affinis	Eurytemora_affinis	Eurytemora affinis	2044	993160.0	0.698760112121904	0.035839139715655	6.546142010138503	0.858773527462382	696.5516940020957	389032277	13.80864705794287	7.622663951323595	-0.6529487827133336	0.8414005790635718	Eurytemora_affinis	OtherArthropoda
Millerozyma_farinosa_CBS_7064	Millerozyma_farinosa	Millerozyma farinosa	6	152.0	0.1776315789473684	0.25	1.7346836884276775	0.9681454002165998	5.667134939904725	21459642	5.0238805208462765	1.791759469228055	0.2863793394027187	-1.5324768712979724	Millerozyma_farinosa	Fungi
Panthera_tigris_altaica	Panthera_tigris	Panthera tigris	752	3476211.0	0.7818907014507609	0.0450384053211959	5.213738232566681	0.7872483483469225	183.77978727365976	2391082183	15.061453465481405	6.62273632394984	-0.9871434633077492	1.2767186561737578	Panthera_tigris	Mammalia
Paracoccidioides_brasiliensis_Pb18	Paracoccidioides_brasiliensis	Paracoccidioides brasiliensis	114	5446.0	0.5199599255207428	0.0747337495409474	4.244778609472533	0.896241712783689	69.74031858874115	29952540	8.602636673233706	4.736198448394496	-0.0726400265556268	0.0798821533840304	Paracoccidioides_brasiliensis	Fungi
Cladophialophora_yegresii_CBS_114405	Cladophialophora_yegresii	Cladophialophora yegresii	12	270.0	0.2592592592592592	0.1518518518518518	2.3764752605348805	0.9563639989202932	10.766885436513398	27898422	5.598421958998375	2.4849066497880004	0.2636963562039209	-1.049822124498678	Cladophialophora_yegresii	Fungi
Frankliniella_occidentalis	Frankliniella_occidentalis	Frankliniella occidentalis	1523	246512.0	0.5442400607018298	0.0249399623547738	6.710927363612019	0.9157378361105604	821.3319597585595	274989634	12.415165952821557	7.328437352895162	-0.1936610169235066	0.1774242155878542	Frankliniella_occidentalis	Insecta
Sander_lucioperca	Sander_lucioperca	Sander lucioperca	3641	1825031.0	0.5663742730274205	0.0050645715059086	7.595033287205245	0.9262220299956696	1988.2960352168604	900477767	14.417107531155834	8.200013648175434	-0.1834077423265405	0.2670733376439145	Sander_lucioperca	Fish
Nematostella_vectensis	Nematostella_vectensis	Nematostella vectensis	1254	284242.0	0.6162890861457576	0.0204332927575798	6.3147500971337305	0.8851509867854475	552.6639310323515	356613585	12.5575812669775	7.134093721192866	-0.3957088412861154	0.4738267085744333	Nematostella_vectensis	OtherInvertebrates
Chiroxiphia_lanceolata	Chiroxiphia_lanceolata	Chiroxiphia lanceolata	408	286797.0	0.6787393669239437	0.0570612663312377	4.94185349553808	0.8220984614658918	140.0295533288727	1089631598	12.566529927401849	6.0112671744041615	-0.6454217425283861	0.7479844707205859	Chiroxiphia_lanceolata	Aves
Drosophila_hydei	Drosophila_hydei	Drosophila hydei	255	66908.0	0.6180269776350786	0.0354965026603694	4.850194130825356	0.8752866726692906	127.76519060055855	153741574	11.1110738204319	5.541263545158426	-0.2696576591775406	0.4811821256047548	Drosophila_hydei	Insecta
Limulus_polyphemus	Limulus_polyphemus	Limulus polyphemus	2245	3372719.0	0.6737999841993021	0.0345560955419055	6.63697900759476	0.8601066187549447	762.7871346233834	1828271751	15.031229801946097	7.716460800176355	-0.658553352851535	0.7254225688967278	Limulus_polyphemus	OtherArthropoda
Drosophila_persimilis	Drosophila_persimilis	Drosophila persimilis	853	143154.0	0.5977740365719332	0.0630230381267725	5.981452013809921	0.8863039158111738	396.0149700949066	195512972	11.8716762528533	6.748759547491679	-0.3447935634212857	0.3961987884964	Drosophila_persimilis	Insecta
Arthrobotrys_oligospora_ATCC_24927	Arthrobotrys_oligospora	Arthrobotrys oligospora	29	1325.0	0.3751203643461288	0.1132075471698113	3.1364020367701806	0.9314304994648418	23.02088935980716	40072829	7.1891677384203225	3.367295829986474	0.1712323102343775	-0.5103121021763906	Arthrobotrys_oligospora	Fungi
Eutrema_salsugineum	Eutrema_salsugineum	Eutrema salsugineum	1133	148889.0	0.5141939886302452	0.0141313327378113	6.547208607128561	0.9309765976565212	697.2950302919927	243110105	11.910956340859252	7.032624261028007	-0.059644486796337	0.0567912133831435	Eutrema_salsugineum	Viridiplantae
Uncinocarpus_reesii_1704	Uncinocarpus_reesii	Uncinocarpus reesii	27	659.0	0.3420446242904513	0.101669195751138	3.1000730112442234	0.9406026867472242	22.199572040650004	22349738	6.490723534502507	3.295836866004329	0.2084945847854915	-0.654195902022756	Uncinocarpus_reesii	Fungi
Haplochromis_burtoni	Haplochromis_burtoni	Haplochromis burtoni	2066	916062.0	0.6058951318713716	0.0090747132835987	6.904823732762878	0.9045577575367012	997.0727465665012	831411547	13.72783932695522	7.633369649679584	-0.308248547536369	0.4300898847313499	Haplochromis_burtoni	Fish
Fusarium_fujikuroi_IMI_58289	Fusarium_fujikuroi	Fusarium fujikuroi	55	3341.0	0.57422110962967	0.1466626758455552	3.390765611917882	0.8461401773162466	29.688673573722827	43832314	8.114025442356757	4.007333185232471	-0.195937737736596	0.2990943557260778	Fusarium_fujikuroi	Fungi
Hammondia_hammondi	Hammondia_hammondi	Hammondia hammondi	104	17522.0	0.632319369934939	0.2329072023741582	3.557653705385794	0.7660108252394328	35.08079063780357	67701403	9.77121251322631	4.6443908991413725	-0.6682482287521911	0.5421798904027397	Hammondia_hammondi	Protists
Nomia_melanderi	Nomia_melanderi	Nomia melanderi	1560	448166.0	0.6690483476990039	0.0333157803135445	6.251407376466175	0.8502492289613948	518.7423769839178	325881203	13.012918978480004	7.352441100243583	-0.6782680437046862	0.7038840269728073	Nomia_melanderi	Insecta
Aspergillus_heteromorphus_CBS_117.55	Aspergillus_heteromorphus	Aspergillus heteromorphus	41	4084.0	0.691514775088985	0.2042115572967678	2.751426850387801	0.740911123028135	15.664967510567504	35607567	8.314832179284556	3.713572066704308	-0.5498852413867028	0.807210568720309	Aspergillus_heteromorphus	Fungi
Tilletiaria_anomala_UBC_951	Tilletiaria_anomala	Tilletiaria anomala	13	457.0	0.3612186500589126	0.2013129102844639	2.345364742689346	0.9143902728007434	10.437078881593475	18704010	6.124683390894205	2.5649493574615367	0.1644267337283045	-0.5700787666390865	Tilletiaria_anomala	Fungi
Formica_exsecta	Formica_exsecta	Formica exsecta	1158	173407.0	0.4844368654282472	0.0084540993154832	6.636630302254895	0.9407722251733204	762.521193046679	277633851	12.06339671160258	7.05444965813294	0.0071877659247245	-0.0622726543277217	Formica_exsecta	Insecta
Schizosaccharomyces_japonicus_yFS275	Hasegawaea_japonica	Schizosaccharomyces japonicus	33	605.0	0.3086401202103681	0.0876033057851239	3.332257071534583	0.953024414492326	28.00147175674104	11733154	6.405228458030842	3.49650756146648	0.2429916490436632	-0.8064845596669653	Hasegawaea_japonica	Fungi
Electrophorus_electricus	Electrophorus_electricus	Electrophorus electricus	1303	430822.0	0.6158320391959637	0.0195347498502861	6.364400850730757	0.8873430152237314	580.7967401066236	551880868	12.97345029074133	7.172424577124845	-0.3873673874469476	0.4718944078267982	Electrophorus_electricus	Fish
Odocoileus_virginianus_texanus	Odocoileus_virginianus	Odocoileus virginianus	822	4360282.0	0.7921180187824433	0.0383521065839319	5.285894754348837	0.787559476859741	197.53084598505905	2380505687	15.28804729213271	6.71174039505618	-1.0018388753544205	1.33773987364955	Odocoileus_virginianus	Mammalia
Trametes_versicolor_FP-101664_SS1	Trametes_versicolor	Trametes versicolor	186	4429.0	0.3174082355540341	0.0307067058026642	5.055645594657969	0.9674494211686756	156.9057951958102	44794008	8.395929103923198	5.225746673713202	0.2495551590812681	-0.7657082167409329	Trametes_versicolor	Fungi
Peromyscus_maniculatus_bairdii	Peromyscus_maniculatus	Peromyscus maniculatus	1057	4260551.0	0.7407298714445084	0.0297543674515338	5.763954495216002	0.8277749863083251	318.6057659921569	2630541020	15.264909052604509	6.963189985870238	-0.7750426575368179	1.049765527291586	Peromyscus_maniculatus	Mammalia
Aspergillus_homomorphus_CBS_101889	Aspergillus_homomorphus	Aspergillus homomorphus	31	1596.0	0.5346026356213114	0.2694235588972431	2.8164975167188127	0.8201828804254636	16.71819281719274	34054866	7.375255778009754	3.4339872044851463	-0.2205608472449047	0.1386321460528359	Aspergillus_homomorphus	Fungi
Kazachstania_africana_CBS_2517	Kazachstania_africana	Kazachstania africana	24	619.0	0.2472401723209477	0.0743134087237479	3.0813318945303347	0.9695656710109842	21.787401600991608	11130140	6.428105272684596	3.1780538303479458	0.2951207922767351	-1.1133860012085215	Kazachstania_africana	Fungi
Cryptococcus_neoformans_var._grubii_H99	Cryptococcus_neoformans	Cryptococcus neoformans	29	1209.0	0.2983371837654374	0.0777502067824648	3.2249226431095908	0.9577188361031364	25.15162842879765	18916112	7.097548850614793	3.367295829986474	0.2597529165737877	-0.8552286338818389	Cryptococcus_neoformans	Fungi
Cyphellophora_europaea_CBS_101466	Cyphellophora_europaea	Cyphellophora europaea	4	210.0	0.5142857142857142	0.7047619047619048	0.8882760986727958	0.640755761247719	2.4309353443764614	28781303	5.3471075307174685	1.3862943611198906	-0.2037549218161081	0.0571584138399484	Cyphellophora_europaea	Fungi
Ceratina_calcarata	Ceratina_calcarata	Ceratina calcarata	919	129022.0	0.4995262509658963	0.0178109159678194	6.308618079041408	0.9245718215409392	549.2853551391999	199936949	11.767738211438726	6.823286122355687	-0.0900435902172018	-0.0018949967034942	Ceratina_calcarata	Insecta
Aspergillus_piperis_CBS_112811	Aspergillus_piperis	Aspergillus piperis	24	1095.0	0.4112252663622526	0.2310502283105023	2.8293802629834657	0.8902870794588442	16.934962348688885	35280331	6.9985096422506015	3.1780538303479458	0.043169160729866	-0.3589024971865072	Aspergillus_piperis	Fungi
Besnoitia_besnoiti	Besnoitia_besnoiti	Besnoitia besnoiti	7	1485.0	0.7863395863395863	0.8915824915824916	0.507269490283013	0.2606849501911887	1.6607503034519349	58845926	7.3031700512368	1.9459101490553128	-1.080144273103114	1.3030008402297952	Besnoitia_besnoiti	Protists
Pan_paniscus	Pan_paniscus	Pan paniscus	899	4349628.0	0.778463973546532	0.0628823890226934	5.321828037218061	0.7824741317549806	204.75784504106795	3051901337	15.28560088216668	6.80128303447162	-1.0596497573716297	1.2567374895436856	Pan_paniscus	Mammalia
Giardia_lamblia_ATCC_50803	Giardia_intestinalis	Giardia lamblia	19	1055.0	0.3938139186829633	0.1725118483412322	2.688039398550511	0.9129207355186844	14.702821270756557	11213615	6.961296045910167	2.9444389791664403	0.1466652479472694	-0.4313084936858197	Giardia_intestinalis	Protists
Theobroma_cacao	Theobroma_cacao	Theobroma cacao	1162	309829.0	0.6164436166218145	0.0217377973010918	6.270596986821222	0.8884510717536193	528.7929660992264	324879930	12.643775811363737	7.057897937411856	-0.362317003501925	0.4744802280477125	Theobroma_cacao	Viridiplantae
Stereum_hirsutum_FP-91666_SS1	Stereum_hirsutum	Stereum hirsutum	165	3999.0	0.3820500579690377	0.0432608152038009	4.845881459258984	0.9490664332451388	127.21536775075444	46511623	8.293799608846818	5.10594547390058	0.1590455331995564	-0.480855812402007	Stereum_hirsutum	Fungi
Manihot_esculenta	Manihot_esculenta	Manihot esculenta	1386	549470.0	0.6322683243679841	0.0184122882049975	6.402092123801765	0.8849786181243551	603.105490252253	582117524	13.216709456249005	7.234177179749849	-0.4097902997069562	0.5419603380074205	Manihot_esculenta	Viridiplantae
Aspergillus_costaricaensis_CBS_115574	Aspergillus_costaricensis	Aspergillus costaricaensis	26	1666.0	0.5729522578262074	0.2563025210084033	2.566379430029788	0.7876928752971365	13.018604242925347	36947918	7.418180822726788	3.258096538021482	-0.2840573687411902	0.2939065782203595	Aspergillus_costaricensis	Fungi
Leishmania_infantum_JPCM5	Leishmania_infantum	Leishmania infantum	178	5711.0	0.5128610467872959	0.0618105410611101	4.664326727085372	0.9001392439138943	106.09413086582008	32122061	8.650149418664864	5.181783550292085	-0.0976445702099919	0.0514555372608429	Leishmania_infantum	Protists
Setaria_italica	Setaria_italica	Setaria italica	1820	345037.0	0.5670866179123265	0.0234003889437944	6.848831287655249	0.9123756144350526	942.7784257709842	405732883	12.751406936639826	7.506591780070841	-0.2348721814051968	0.26997439071421	Setaria_italica	Viridiplantae
Quercus_suber	Quercus_suber	Quercus suber	2604	1489897.0	0.5510291404106763	0.0075032032415663	7.309915780276999	0.9294466559094636	1495.0512710852088	953298670	14.214217548015446	7.86480400332846	-0.1311848992322986	0.2048297092180548	Quercus_suber	Viridiplantae
Candida_auris	[Candida]_auris	Candida auris	5	242.0	0.2892561983471074	0.396694214876033	1.4715523193782605	0.9143268640619364	4.355991785931417	12741178	5.488937726156687	1.6094379124341005	0.165509538600751	-0.8989992347640942	[Candida]_auris	
Drosophila_simulans	Drosophila_simulans	Drosophila simulans	425	36400.0	0.5245182934712347	0.045576923076923	5.442088307104205	0.8992082164036221	230.9239203416748	124963774	10.502324053624832	6.052089168924417	-0.1880941352222285	0.0981518959810401	Drosophila_simulans	Insecta
Drosophila_guanche	Drosophila_guanche	Drosophila guanche	340	73855.0	0.6793511530940993	0.0627716471464355	4.802977743167387	0.8239873998235285	121.87278358304673	140653667	11.2098589904747	5.828945617610208	-0.6060310057649652	0.7507915665440217	Drosophila_guanche	Insecta
Puccinia_graminis_f._sp._tritici_CRL_75-36-700-3	Puccinia_graminis	Puccinia graminis	950	81590.0	0.5505008740751253	0.0165216325530089	6.258464438937951	0.912783364510699	522.4161220224905	88724376	11.309461984422846	6.856461984594587	-0.1751153564445591	0.2026946345855284	Puccinia_graminis	Fungi
Coccidioides_posadasii_C735_delta_SOWgp	Coccidioides_posadasii	Coccidioides posadasii	46	2691.0	0.4333042508845911	0.0776662950575994	3.521936304412445	0.919891925016038	33.84990877620628	27013412	7.897668150726906	3.828641396489095	0.0983804983400733	-0.2683824228415732	Coccidioides_posadasii	Fungi
Apis_dorsata	Apis_dorsata	Apis dorsata	211	46656.0	0.4911440150436552	0.0269204389574759	4.9340209440534775	0.9219267067620864	138.93704877745176	230340171	10.75055681536833	5.351858133476067	0.0012426123513655	-0.0354276448499758	Apis_dorsata	Insecta
Oryza_sativa_Japonica_Group	Oryza_sativa	Oryza sativa	1790	485917.0	0.5996507496055692	0.0182541462842419	6.75807052199997	0.9022826140821602	860.9793513773013	374422835	13.09379310640474	7.489970898834801	-0.3094250185348821	0.4040101096074769	Oryza_sativa	Viridiplantae
Aplysia_californica	Aplysia_californica	Aplysia californica	1579	1458888.0	0.7321927833787251	0.070127384692999	6.029261697227321	0.81868737962517	415.40821909652783	927310431	14.193185059650876	7.364547014255642	-0.9127147281221512	1.005776463862638	Aplysia_californica	OtherInvertebrates
Eufriesea_mexicana	Eufriesea_mexicana	Eufriesea mexicana	1068	608599.0	0.7181767943078304	0.1410814017111431	5.443775817018343	0.7806327145011199	231.31393573152792	596278454	13.31891487332831	6.97354301952014	-1.1079886771498222	0.9354358261990892	Eufriesea_mexicana	Insecta
Rattus_norvegicus	Rattus_norvegicus	Rattus norvegicus	1009	4181912.0	0.7400214027791947	0.0249462446842496	5.78500813795254	0.8363808716896926	325.3846880670064	2870184193	15.246279116185953	6.9167150203536085	-0.7067119642814665	1.0460797992088848	Rattus_norvegicus	Mammalia
Emiliania_huxleyi_CCMP1516	Emiliania_huxleyi	Emiliania huxleyi	569	135477.0	0.6704048870453992	0.0386264827240048	5.367778613304675	0.8461348963056106	214.3861039231094	167675649	11.816557163196723	6.343880434126331	-0.5533176869933021	0.7100168681622817	Emiliania_huxleyi	Protists
Nylanderia_fulva	Nylanderia_fulva	Nylanderia fulva	1614	397149.0	0.5868066699302625	0.01626845340162	6.721288360238223	0.9099458317503488	829.8860151690396	375107333	12.892066804117784	7.3864708488298945	-0.2428737857065535	0.3507798178402136	Nylanderia_fulva	Insecta
Sporisorium_graminicola	Pseudozyma_graminicola	Sporisorium graminicola	5	205.0	0.4039024390243902	0.5414634146341464	1.3035385384463436	0.809934032481491	3.682303614166932	19565848	5.3230099791384085	1.6094379124341005	-0.0025042423311658	-0.3892309853462812	Pseudozyma_graminicola	Fungi
Acytostelium_subglobosum_LB1	Acytostelium_subglobosum	Acytostelium subglobosum	81	7712.0	0.6867219917012448	0.2590767634854772	3.297865770158371	0.7504616970370187	27.054836021864592	31002963	8.950532836290382	4.394449154672439	-0.6805961158514835	0.7848385385621385	Acytostelium_subglobosum	Protists
Babjeviella_inositovora_NRRL_Y-12698	Babjeviella_inositovora	Babjeviella inositovora	16	590.0	0.3915254237288135	0.1966101694915254	2.516465697339938	0.9076231455298788	12.384747774595215	15221050	6.380122536899765	2.772588722239781	0.1304650754705507	-0.4409046779664856	Babjeviella_inositovora	Fungi
Orbicella_faveolata	Orbicella_faveolata	Orbicella faveolata	3631	666040.0	0.5674987021537508	0.0078869136988769	7.567888624397744	0.9232213583363248	1935.050347292012	485548939	13.409105007779052	8.197263371414335	-0.2062797882664897	0.2716531352311916	Orbicella_faveolata	OtherInvertebrates
Aspergillus_sclerotioniger_CBS_115572	Aspergillus_sclerotioniger	Aspergillus sclerotioniger	56	3031.0	0.4595901871141066	0.0963378422962718	3.65073495710198	0.9069356512387732	38.50295367191252	36720365	8.016647877057803	4.02535169073515	0.042239604822257	-0.1619925696613022	Aspergillus_sclerotioniger	Fungi
Nomascus_leucogenys	Nomascus_leucogenys	Nomascus leucogenys	908	4294798.0	0.783142758179046	0.0648496157444424	5.2771605511840605	0.7747718710200997	195.81308400610084	2843982884	15.272915080862584	6.811244378601294	-1.1131017321579808	1.2840757361848838	Nomascus_leucogenys	Mammalia
Theileria_equi_strain_WA	Theileria_equi	Theileria equi	165	7527.0	0.4357372046491217	0.0423807625880164	4.760880763372563	0.9324190373179968	116.84879673019766	11674479	8.926251835034533	5.10594547390058	0.074044837313135	-0.2584807721843039	Theileria_equi	Protists
Bos_indicus	Bos_indicus	Bos indicus	830	4611278.0	0.796544001232557	0.0511626061148341	5.284538810270663	0.7862229005446033	197.2631867107024	2673965444	15.34401559998085	6.721425700790643	-1.0167817342549077	1.3648326118238423	Bos_indicus	Mammalia
Fundulus_heteroclitus	Fundulus_heteroclitus	Fundulus heteroclitus	2950	1905763.0	0.6084757804687988	0.0242674456372592	7.230568151087276	0.9050019956592392	1381.006901810542	1021898560	14.46039301128862	7.989560449333865	-0.3367879300434504	0.4409097326689259	Fundulus_heteroclitus	Fish
Sphaerulina_musiva_SO2202	Sphaerulina_musiva	Sphaerulina musiva	83	3138.0	0.4969706742841346	0.117272147864882	3.8784688669791993	0.8777118731406677	48.35012788978207	29352103	8.051340933292979	4.418840607796598	-0.1188769944479073	-0.0121174511310444	Sphaerulina_musiva	Fungi
Leptomonas_pyrrhocoris	Leptomonas_pyrrhocoris	Leptomonas pyrrhocoris	43	1177.0	0.3560885973404991	0.0722175021240441	3.552093573711551	0.9444043030017156	34.8862780814474	30379903	7.0707241072602764	3.7612001156935615	0.1976658038161489	-0.5923815743068781	Leptomonas_pyrrhocoris	Protists
Cyclospora_cayetanensis	Cyclospora_cayetanensis	Cyclospora cayetanensis	77	22782.0	0.6400758402338598	0.1315951189535598	3.575493408126733	0.8231246708562098	35.71223717731758	44034411	10.033726029459856	4.343805421853684	-0.3587079735612906	0.5756933277581072	Cyclospora_cayetanensis	Protists
Pyricularia_oryzae_70-15	Pyricularia_oryzae	Pyricularia oryzae	64	4182.0	0.514840387374462	0.0710186513629842	3.7182310190497954	0.8940455753437762	41.19146270765905	40979121	8.338544879988579	4.158883083359672	-0.0243892721100102	0.0593789902045407	Pyricularia_oryzae	Fungi
Trichomonas_vaginalis_G3	Trichomonas_vaginalis	Trichomonas vaginalis	360	179585.0	0.7370285967956988	0.0535957902942896	4.725384718965008	0.8028034662175039	112.77387627834472	176420065	12.098403912431378	5.886104031450156	-0.7378861119614681	1.0305813998565565	Trichomonas_vaginalis	Protists
Scheffersomyces_stipitis_CBS_6054	Scheffersomyces_stipitis	Scheffersomyces stipitis	23	732.0	0.3455690187693038	0.1325136612021858	2.934995219579072	0.9360550578178428	18.82141316069221	15441179	6.595780513961311	3.1354942159291497	0.2097757740146533	-0.6385737389775152	Scheffersomyces_stipitis	Fungi
Marmota_flaviventris	Marmota_flaviventris	Marmota flaviventris	909	4047687.0	0.7832247471365019	0.0505219400610768	5.361427267494654	0.7870163935290174	213.0287786242317	2581355786	15.21365616482554	6.812345094177479	-1.0277692295808605	1.2845585724429518	Marmota_flaviventris	Mammalia
Orussus_abietinus	Orussus_abietinus	Orussus abietinus	906	184257.0	0.589160354429132	0.0451054776752036	6.0339743672464365	0.886171175703351	417.3705211656514	186398216	12.124086801188795	6.80903930604298	-0.352385106347354	0.3604954136015916	Orussus_abietinus	Insecta
Cercocebus_atys	Cercocebus_atys	Cercocebus atys	983	4081252.0	0.7827876590029179	0.0479156886171204	5.343987797535597	0.7755465016743632	209.3458769070997	2848246356	15.2219143620527	6.890609120147166	-1.1285861004203088	1.2819860651669377	Cercocebus_atys	Mammalia
Cyanistes_caeruleus	Cyanistes_caeruleus	Cyanistes caeruleus	457	272567.0	0.6445715284313007	0.0446605788668474	5.243315100021582	0.8560956975861012	189.29660054445765	1186980630	12.51563973442361	6.124683390894205	-0.4590912179557653	0.5952617751995313	Cyanistes_caeruleus	Aves
Aspergillus_ibericus_CBS_121593	Aspergillus_ibericus	Aspergillus ibericus	20	1501.0	0.5977015323117921	0.2758161225849433	2.30164043811446	0.768306453294608	9.990557911663702	33437983	7.313886831633462	2.995732273553991	-0.2923551486578981	0.3958972494372915	Aspergillus_ibericus	Fungi
Mytilinidion_resinicola	Mytilinidion_resinicola	Mytilinidion resinicola	156	12426.0	0.5228439541573293	0.061323032351521	4.5426964606648985	0.8995695033964208	93.94377459123584	47275052	9.42754633062364	5.049856007249537	-0.0863373099657565	0.0914394752116391	Mytilinidion_resinicola	Fungi
Spodoptera_litura	Spodoptera_litura	Spodoptera litura	1627	954607.0	0.7576991663464718	0.0251213326531232	6.126969788939044	0.8285855027652205	458.0460793276478	438956275	13.769055016441357	7.394493107219038	-0.8429094944377153	1.1401063602938406	Spodoptera_litura	Insecta
Arabidopsis_thaliana	Arabidopsis_thaliana	Arabidopsis thaliana	526	36802.0	0.411837842339119	0.0125808379979348	5.973924127979361	0.9534935233176078	393.0450074082565	119668634	10.51330747050632	6.26530121273771	0.132383575694396	-0.3563730028951313	Arabidopsis_thaliana	Viridiplantae
Mirounga_leonina	Mirounga_leonina	Mirounga leonina	704	3370759.0	0.782391611729395	0.0550582227919587	5.153436381257219	0.7859708078155757	173.0250499227879	2417320305	15.030648499521682	6.556778356158042	-0.981890007077391	1.2796583341818746	Mirounga_leonina	Mammalia
Saccharomyces_cerevisiae_S288C	Saccharomyces_cerevisiae	Saccharomyces cerevisiae	10	762.0	0.616010498687664	0.5590551181102362	1.5306226701451362	0.6647409795200537	4.62105331859323	12071326	6.635946555686647	2.302585092994046	-0.4106290229059488	0.472648794830899	Saccharomyces_cerevisiae	Fungi
Protobothrops_mucrosquamatus	Protobothrops_mucrosquamatus	Protobothrops mucrosquamatus	1936	3080224.0	0.7104896523517834	0.02179289558162	6.431272720103992	0.8497556071793453	620.9637583614633	1673876332	14.940512879577984	7.568379267836522	-0.7157842301931066	0.8977633439889373	Protobothrops_mucrosquamatus	Herptiles
Trypanosoma_rangeli	Trypanosoma_rangeli	Trypanosoma rangeli	36	1675.0	0.4812106135986733	0.1594029850746268	3.168849860039372	0.884284390416703	23.78011815780433	21157315	7.423568444259167	3.58351893845611	-0.0043849127074615	-0.0751929538757464	Trypanosoma_rangeli	Protists
Acropora_digitifera	Acropora_digitifera	Acropora digitifera	4054	750585.0	0.5495532149616607	0.0077912561535335	7.70612406736841	0.9276150221177398	2221.913559590551	447497157	13.528608181470585	8.307459327011946	-0.1786805560781834	0.1988656658191836	Acropora_digitifera	OtherInvertebrates
Kwoniella_mangroviensis_CBS_8507	Kwoniella_mangrovensis	Kwoniella mangroviensis	4	47.0	0.1968085106382978	0.4042553191489361	1.3189048234489502	0.9513887240971672	3.7393239140801295	22654511	3.8501476017100575	1.3862943611198906	0.2268738029600463	-1.4063619241707004	Kwoniella_mangrovensis	Fungi
Buceros_rhinoceros_silvestris	Buceros_rhinoceros	Buceros rhinoceros	361	228232.0	0.6150793831887444	0.0680097444705387	5.061087202512958	0.8594314975319565	157.76194229922234	1065782791	12.338117934449391	5.8888779583328805	-0.4084124367449728	0.4687142149052577	Buceros_rhinoceros	Aves
Thecamonas_trahens_ATCC_50062	Thecamonas_trahens	Thecamonas trahens	39	2481.0	0.3877262063477299	0.1003627569528416	3.4117138809956336	0.931256031845383	30.31715976215325	28680627	7.816416983691801	3.6635616461296463	0.1605287879274008	-0.4568801209291446	Thecamonas_trahens	Fungi
Pteropus_alecto	Pteropus_alecto	Pteropus alecto	839	1769295.0	0.6711892615585312	0.0943347491514982	5.660773839753328	0.840849178163034	287.3709355892784	1985958707	14.386091720120726	6.732210706467206	-0.6487928741119635	0.7135688340128917	Pteropus_alecto	Mammalia
Setaria_viridis	Setaria_viridis	Setaria viridis	1692	367469.0	0.5957647095584596	0.0451847638848447	6.573738544047736	0.8843198048403165	716.0417992144032	395731502	12.814394240335554	7.433666540166168	-0.4363848993320776	0.3878486959842439	Setaria_viridis	Viridiplantae
