species	assembly_length	N_fams	N_fams_young	N_subfams	N_subfams_young	Family_Shannon_Diversity_Index	Family_Shannon_Diversity_Index_young	SubFamily_Shannon_Diversity_Index	SubFamily_Shannon_Diversity_Index_young	Family_PielouJ	Family_PielouJ_young	SubFamily_PielouJ	SubFamily_PielouJ_young
Pseudomyrmex_gracilis	282776121	50	2	1894	34	1.9721109113143367	1.1154439055196677	6.772326688285801	5.221368579545812	0.15648894385181178	0.11516467931447942	0.5374240952344405	0.5426871413862826
Nannochloropsis_gaditana_CCMP526	33986952	4	0	54	0	0.7613557745379924	0.6877823582310421	3.3814422113011533	0.0	0.10033923491618475	0.20640460575899022	0.4461194583865548	0.0
Gouania_willdenowi	937150793	66	6	3523	27	2.320118763310405	2.323542770371891	7.094299467986465	4.50090670920587	0.15878700108206406	0.21635264296532977	0.4855308114480246	0.42188236074780927
Eimeria_acervulina	45830609	13	1	231	1	1.060405243250883	0.6467529522469059	4.323018406795545	0.8863012760402031	0.0920852591246286	0.13372937407087232	0.3754258276740309	0.20861533920717665
Babesia_bigemina	13840936	2	1	75	2	0.3109985066788401	0.685443863030838	3.456092894596512	0.7845416234101279	0.036205196569427105	0.1131259162267325	0.4023531604121812	0.12963153739348446
Kryptolebias_marmoratus	680366784	62	6	1958	14	2.3345478516895826	2.4554276642942856	6.463633570203801	4.708572184145928	0.16965350471797344	0.25101640006645737	0.4697196016174032	0.4838833860362287
Punica_granatum	320494280	29	2	1649	9	1.305780941512749	1.369926315505609	6.0305759041687335	2.8809973035356866	0.10155541553005303	0.16611820356358245	0.4690372209437724	0.35306570313987196
Aspergillus_alliaceus	40168528	13	0	168	0	1.7194938455979574	0.5875342156998483	4.500586700657543	2.562077875763426	0.20061056556747184	0.10902326878470664	0.5253438425553394	0.49773300142508864
Nannizzia_gypsea_CBS_118893	23272942	3	0	13	0	0.9568901772473222	nan	1.9830198531998235	nan	0.18077367711335737	NA	0.3802577721703374	NA
Aspergillus_nidulans_FGSC_A4	30275969	11	0	42	0	1.9217652190839467	1.4280685564740874	2.8219583633172456	1.8797816893426558	0.2644826808590169	0.2738420227690106	0.38867152125656435	0.36477301058409295
Apteryx_rowi	1228902913	32	1	407	1	1.387912908233148	0.7775498070576379	4.87115542372368	2.421235544917081	0.11146543081460329	0.10222995690839301	0.39121358537379725	0.31969704235949886
Lobosporangium_transversale	42768949	29	8	351	14	2.3846209582995326	2.242278774730109	4.948346458597702	3.7494154912431923	0.24893890119138487	0.30229247990358293	0.5171154399697846	0.5112600132538224
Drosophila_busckii	118492362	24	0	259	0	2.2379351227233606	1.568193168902383	4.815867149020555	2.7482614778171968	0.21456247882868987	0.24881611516378213	0.46176538723136784	0.4600517352204735
Enhydra_lutris_kenyoni	2455276666	32	0	708	0	1.3485564857861352	0.2969015202053566	4.731247705965059	1.0981471658136763	0.0898329111605565	0.03363717960979408	0.31516799252998684	0.12474304082737277
Aspergillus_aculeatinus_CBS_121060	36471649	6	0	38	0	0.5243425778849977	0.0	0.991226965476286	0.0	0.0766043408296009	0.0	0.14497275360755812	0.0
Jaculus_jaculus	2835250225	28	0	846	0	1.5539294317249648	1.0041068808221327	5.171018422851178	1.8414219494831556	0.09956563516746157	0.10155044362881951	0.3313251301510962	0.18663155989557553
Byssochlamys_spectabilis	30105809	4	1	61	1	0.7213745359156889	0.0	2.7686696849489056	0.3154348834691902	0.09493769735577587	0.0	0.36498111798434507	0.10060132844981712
Fusarium_oxysporum_f._sp._lycopersici_4287	61471697	20	4	303	6	2.4305927507295544	1.9519068760261788	4.849037057056002	2.856590129470334	0.2546659863561851	0.2802038614277418	0.5084997035462546	0.4189209473701498
Notechis_scutatus	1665525958	48	9	1858	24	2.2805472842906536	1.7468423014193	6.117250073574797	2.7472384672680805	0.15326557911030497	0.16268079305328767	0.41111427745499773	0.2563568972333178
Spizellomyces_punctatus_DAOM_BR117	24131112	6	3	39	4	0.9801240481139337	0.7587675018335966	2.527264584806583	2.055071402841611	0.13885219282717762	0.12921530681716467	0.35847101628953437	0.35238559947779685
Rhizopus_microsporus_ATCC_52813	25972395	19	1	254	2	1.9161634781085386	0.41584696871648114	4.82895560347454	2.4394455041861804	0.21149476840467873	0.07576091940974782	0.5335415489248575	0.49154178418404876
Theileria_orientalis_strain_Shintoku	9010364	3	0	5	0	1.008829088629281	nan	1.265671237394463	nan	0.1699070209905821	NA	0.21325927567986408	NA
Meriones_unguiculatus	2523124066	29	1	931	1	1.7952589997657393	1.0069487356014921	5.401452002109609	2.653112458921107	0.118776189651187	0.10132667166050383	0.3573657336196889	0.267497296985705
Bipolaris_zeicola_26-R-13	31267936	4	1	101	10	0.7978757605651214	0.046164158087432045	4.122788867145331	2.8148105622701722	0.1042692608363629	0.007903953160549244	0.540341021446232	0.49766878319828356
Gorilla_gorilla_gorilla	3044872214	32	1	898	2	1.7961786271246851	0.39096470633364083	5.053463219514579	1.181901425433195	0.11799190637900159	0.04796667741938112	0.33196486759660937	0.14701217458422858
Naumovozyma_castellii_CBS_4309	11219539	4	1	20	1	1.2862507766245095	0.6139844770335113	2.106685635531031	0.7641420029853381	0.23346525930531148	0.14819322024998732	0.38266281000173236	0.19958568166923765
Numida_meleagris	1043264150	19	0	322	0	1.0484995069362506	0.9087681376858139	4.29134078863418	2.301623128930654	0.08306436924433278	0.13350828845127022	0.3399713978381356	0.3442523180114713
Dasypus_novemcinctus	3631522711	29	2	988	3	1.2969854800072558	1.1169581944256821	5.15829205210059	2.690416358025739	0.0849462208437265	0.1230888482138464	0.3378430910858019	0.2982834343723264
Picoides_pubescens	1167323935	19	0	484	0	0.5066697438220414	0.5416556249325324	4.356849884841978	3.303237683831231	0.03690828988845982	0.06524970245815809	0.31737435047509693	0.4006803890370438
Theropithecus_gelada	2889630685	32	2	1015	2	1.780912586429003	0.2828995775775186	5.033536921306313	1.1572118607190254	0.11665404419096694	0.03026448092012065	0.3297090956568382	0.12421459838386364
Rhizophagus_irregularis_DAOM_181602=DAOM_197198	136726313	40	2	1208	5	1.743514904605099	0.9708076728527699	6.359439491903881	4.673803036308389	0.14768220697678086	0.11186183774262343	0.5387281724064181	0.5481088742205793
Ricinus_communis	350621860	25	4	1437	21	1.2013229692053422	0.9811732762194189	5.572638942809899	2.9662793068980973	0.09438381809100879	0.11036823035896674	0.43783738515904963	0.3356951761588283
Durio_zibethinus	715230256	25	1	1216	1	1.2911527356463892	2.0512377034865605	5.333237105379174	2.7736737769327884	0.09670883092764175	0.322455615138295	0.39947338024590007	0.4653030183509415
Fonsecaea_erecta	34747975	3	1	58	1	0.31111060472016655	0.0	3.534297211083751	0.6844611309227508	0.04325225216192516	0.0	0.4926039048271602	0.22847873855921694
Lactuca_sativa	2384188817	25	2	2204	4	1.264461800303668	0.6298936330797382	6.11989080995442	2.068336687478362	0.08457795029458867	0.06494348404474655	0.40935125347017226	0.21504845380015944
Ascoidea_rubescens_DSM_1968	17503998	7	0	19	0	1.0038077185282865	0.0	1.8672594606154647	nan	0.13033666949152034	0.0	0.24244920085887375	NA
Tilletiopsis_washingtonensis	18761941	1	0	1	0	0.0	nan	0.0	nan	0.0	NA	0.0	NA
Aplosporella_prunicola_CBS_121167	32818685	9	1	98	1	1.4463445064626534	0.7735017557278056	3.8588484465231736	1.4325063957878819	0.17610191311385628	0.15203677822691777	0.4705274862509656	0.3041718249070166
Neospora_caninum_Liverpool	57547420	2	1	106	1	0.09451020915146097	0.0	3.8015038568136443	2.818043149210324	0.010501146435277511	0.0	0.4224535679978793	0.5646891527352215
Parus_major	1020310769	18	1	362	1	1.3457776740353893	1.0735095530437921	4.756602455590266	1.8439779395982625	0.10981636378144477	0.18379993432546268	0.3881470898689682	0.33544142438899266
Drosophila_albomicans	165846275	37	5	535	7	2.4721866999489235	2.2533762578160785	5.190557604735781	3.2974999767092306	0.2143212034381276	0.28619397612207403	0.4500165345186502	0.4262850995469634
Aspergillus_tanneri	38719388	17	2	306	4	2.1211246390610086	1.7170891048599677	4.94188925907606	2.395076432712203	0.22955421356371006	0.27291905513105597	0.5353962869364329	0.3984312064701406
Haliaeetus_albicilla	1133549865	27	2	317	2	1.4271291172904075	1.188820024414361	4.623741109775322	2.651817859784034	0.11579422979914167	0.1600258009320823	0.3751612230970163	0.35986273726845336
Pongo_abelii	3065035716	33	1	959	1	1.8520166331855883	0.02951552471902088	5.090863924941704	0.1692030753674327	0.1211585078379082	0.003107307116853556	0.3330434831138841	0.017869003864329703
Vigna_angularis	466744453	23	2	2216	3	1.2591881210375262	0.9085568199473062	6.482237072021819	4.811440419538591	0.09376706071982574	0.10657852478382276	0.4827155706679426	0.5771777077538117
Diabrotica_virgifera_virgifera	2418073815	62	8	5583	61	1.715798146736572	1.7557071734007739	7.5072453089219415	6.998561762561588	0.10978428270605871	0.13897183112892952	0.48034690191977003	0.5544308696858008
Copidosoma_floridanum	553956141	57	2	2978	10	1.9390725158918596	1.5141303144028893	7.080897253827592	5.0088661150597895	0.14495620253440394	0.1651452527856014	0.5293432606036754	0.5551859947433423
Trachymyrmex_zeteki	267973152	44	4	1722	10	1.0124445817845884	1.3242919823402814	6.754824354596329	3.9018794419399043	0.07881201587129572	0.1447388268200292	0.5258314466523821	0.4324405962070182
Aspergillus_neoniger_CBS_115656	35416444	7	0	50	0	1.3589381499010884	0.6734176331294619	2.379155520847808	1.4986138974145597	0.18508768294638914	0.15502941953649627	0.32444402754228374	0.40355050891594463
Polistes_dominula	208026220	48	1	731	1	1.9729346567304047	1.606546634426387	5.932645724541212	4.2065277896657145	0.16593152997389363	0.2050944472989368	0.49897773573635323	0.5527731880822659
Trypanosoma_brucei_gambiense_DAL972	22148088	3	1	23	2	0.8310050869455272	0.7944617565543343	2.4693240537555012	1.3095240719185979	0.11781314059057292	0.1948386170534707	0.35046868529134295	0.32531917023117046
Exophiala_oligosperma	38224514	8	1	62	1	1.492109853097178	0.0	3.4299914271532006	nan	0.20619677746196477	0.0	0.4748033842878087	NA
Leishmania_donovani	32444968	7	1	271	1	0.5130736156811707	0.0	4.233889677431098	0.0	0.05944381791695721	0.0	0.49288175440848464	0.0
Corvus_cornix_cornix	1042281180	18	2	358	2	1.3148605917138372	1.2822989372634659	4.625174787159997	1.8243161002484096	0.10635810112096335	0.17637465640836078	0.37412942748333433	0.25397295434034023
Oncorhynchus_kisutch	2375911593	59	6	2412	37	2.188610074965159	1.864665155017814	6.336020550236199	3.5440516645109787	0.1410314486906427	0.1536084015656072	0.40828619950752437	0.2922092175888043
Astyanax_mexicanus	1335239194	61	5	2973	32	2.1609924831787706	2.344426360641046	6.968491416351175	5.098324058785576	0.1443451337075528	0.20805567234306882	0.4654666640446504	0.4536597048027862
Rhinopithecus_bieti	2977074946	31	0	984	0	1.837661673104408	1.3413052786315893	5.215712842212494	2.830759894288213	0.12055711945279897	0.16186590465954748	0.3421694383171514	0.34630678232365003
Pneumocystis_jirovecii_RU7	8396240	3	0	13	0	0.7097422450166946	nan	1.7780688290926059	nan	0.12979781251443168	NA	0.3251736051175712	NA
Plasmodium_cynomolgi_strain_B	26181343	3	0	42	0	0.5561481470169859	0.0	3.027451977211083	nan	0.07219037240631138	0.0	0.3931836285769575	NA
Bison_bison_bison	2828031685	35	1	902	7	1.8745557620459095	1.5680396893224158	5.07404097841069	3.5451614877979596	0.12157783775208206	0.14883761510807858	0.3290866033506084	0.33681254174814795
Cryptomonas_paramecium	564783	1	1	1	1	0.0	nan	0.0	nan	NA	NA	NA	NA
Pestalotiopsis_fici_W106-1	51910726	4	0	42	0	1.028005934462311	0.417335293247477	2.393102445929192	0.0	0.13354144440399415	0.11935775510590951	0.310927109173413	0.0
Anneissia_japonica	589628371	65	6	4430	54	1.40234830629098	1.334922250355109	7.603761074910182	6.549319578144479	0.09849928752500806	0.11931011531980752	0.5340826850957238	0.5879038025140042
Pseudogymnoascus_destructans	35818201	21	9	550	37	1.9863554919682271	1.6502603716104451	4.623445154504584	2.9601120336847724	0.19952702194049404	0.19875448717336996	0.4650468738237371	0.35981150883030644
Lachnellula_hyalina	33828344	4	0	73	0	1.203068616925913	0.0	3.03370320850908	nan	0.1531489751828548	0.0	0.3866269574505834	NA
Coffea_eugenioides	699903961	25	1	2288	13	1.2628236041986074	1.7158893665645099	6.46700449954549	4.780780587194207	0.09249769029397642	0.19129907098119903	0.47369464544271345	0.539578372933263
Fulmarus_glacialis	1141395646	27	0	332	0	1.364682766680541	0.5161370578550495	4.702100825660861	1.4609401677739438	0.11033320994685832	0.06977124223657921	0.38016097069194044	0.19922754434395754
Malassezia_sympodialis_ATCC_42132	7669689	1	0	7	0	0.0	nan	1.5181134486630652	nan	0.0	NA	0.3771380901095408	NA
Raphanus_sativus	426614037	24	1	2334	5	1.3495110409865285	1.2392839124023893	7.022337304108465	4.938972635838926	0.10408826886988086	0.14531376909827426	0.5416526981222121	0.5977907315556263
Myripristis_murdjan	835254674	70	8	2997	46	2.3891557247318156	1.981961777371267	7.288633090655264	4.514477740672186	0.16874756242296146	0.18753678265579835	0.5148027508988222	0.42858469678196287
Nectria_haematococca_mpVI_77-13-4	51286497	12	0	100	0	1.974226927129244	1.035838712624479	3.6386916240659426	1.1554972244308606	0.23741340184475765	0.22746304682391516	0.4377694865378646	0.2729022576962242
Leishmania_panamensis	30688794	5	1	170	1	0.45251352090447217	0.0	4.230669350258649	nan	0.05403632889034504	0.0	0.5067844753591835	NA
Podarcis_muralis	1511020169	41	7	2471	34	1.7959000417615278	1.954323253716418	6.620493883773671	3.335239774995211	0.11891547976299793	0.17554332752252913	0.438376651111135	0.3000614163224625
Sorex_araneus	2423158183	27	1	843	1	1.94481914463552	1.3209140955733445	5.185200693293625	3.2676064586783244	0.12472195034870674	0.1481113974291758	0.3325288443247533	0.36847201313075006
Cyphomyrmex_costatus	300316566	52	3	2014	32	1.3252972046357347	1.3085346789444894	6.973111925420681	5.340631145398373	0.10273540558956054	0.13503904667345404	0.5405574038131413	0.5554822605872402
Zalophus_californianus	2372369564	32	0	798	0	1.5188601154329877	1.0168598807214242	5.012604610141158	2.368702449486951	0.10123613497645319	0.10970115234105192	0.33410402908421744	0.2561253927770702
Fukomys_damarensis	2334375022	30	1	894	2	1.731715791753338	1.20651623400393	5.099211053776748	2.547296828190626	0.11395281002126449	0.14094399768119537	0.3355456590827258	0.2994588143386696
Nothoprocta_perdicaria	965904370	20	0	204	0	0.8175163021724114	0.6891077135980861	4.099726789395433	2.5957916907853074	0.069004674721254	0.09558540574734897	0.3460485286917008	0.3616041295073522
Cryptococcus_amylolentus_CBS_6039	20254996	6	2	40	2	1.0767436632389258	0.0	3.1520722008237887	nan	0.15633182498942336	0.0	0.45812445397994794	NA
Nipponia_nippon	1223846297	28	0	351	0	1.2720422553117823	1.1387319826435482	4.6008175142739685	2.7193139140479845	0.10243741271054882	0.1600518457987418	0.3705038951164697	0.3858065883963207
Babesia_ovata	14453397	3	0	149	0	0.1921815405387434	0.0	4.143363582276065	0.0	0.02151428642052229	0.0	0.4641911314533333	0.0
Trichoplusia_ni	368211209	40	10	1017	55	1.942648836512986	2.27327222588757	5.952647247094225	4.703148687081997	0.1497479498604841	0.23340614894202127	0.45886085186944847	0.4845269351716702
Chenopodium_quinoa	1333551035	28	1	2179	12	1.3958410838818862	1.734614960065054	5.843115129857122	4.051266790909954	0.09869740994239118	0.1771350672873401	0.4131599213051759	0.41671015349016294
Vigna_unguiculata	519066764	29	5	2058	11	1.5095874059157253	1.4848136397075993	6.403415976688846	3.4299502365214005	0.1125280689342122	0.1640881178636684	0.47733550520872053	0.3828528397256787
Fusarium_venenatum	38660186	6	2	59	3	1.131343578560795	0.0	3.048304571773565	0.6909392627487579	0.14402558442991412	0.0	0.3884684541369582	0.20964000672351554
Cladophialophora_carrionii_CBS_160.54	28991111	2	0	17	0	0.67545460271602	0.6382740753167959	2.4976866022274447	1.0248505793471723	0.11365933124767807	0.18100079979379619	0.4216034363873158	0.31455500700710515
Neophocaena_asiaeorientalis_asiaeorientalis	2284628084	31	1	853	1	1.5218004511821854	1.0844771340676054	5.1802412881784745	2.68201766152698	0.10255465369591393	0.12785035054707816	0.34909859843827246	0.3184204050956961
Acropora_millepora	386599652	68	4	3917	21	1.7230922914023226	1.4922127777719	7.614231229923309	5.826795589348954	0.1284132712337862	0.14883868517954488	0.5674621115567205	0.5888535163591889
Propithecus_coquereli	2798152141	32	0	938	0	1.9912706613244113	1.4513416672386537	5.522551512088924	2.516399970543284	0.1349405775413709	0.17471900273625757	0.37424193238883996	0.30581723668808675
Bombus_bifarius	266784621	30	4	984	23	1.702287470024687	2.171823334675003	5.924269856920303	3.790188393872488	0.1392585263758079	0.24856482057132878	0.4846588161504973	0.4357366082749052
Plasmodium_coatneyi	27685530	12	1	411	1	1.117216320815062	0.0	4.49853629678166	nan	0.1103385354071086	0.0	0.4445278359817507	NA
Hippocampus_comes	493775940	60	7	2191	28	2.16257688155014	2.0312948721138246	6.78264159369687	4.472231027216606	0.158478299673286	0.21467672834054885	0.4970503646163543	0.4764419694760227
Mesocricetus_auratus	2504925039	31	1	957	1	1.9572102293815978	1.5119590585040406	5.561665265175201	3.5045567377715705	0.13012876636577908	0.1692453789155844	0.3697779380111815	0.3946559962148711
Ceratitis_capitata	436490799	40	2	1770	4	2.1791626295377404	1.0887894329747634	6.27032070708138	2.8946784148031566	0.16062922509994698	0.1257049727405725	0.4622000350458696	0.3413740640940221
Falco_peregrinus	1171973431	21	0	266	0	1.278652021069714	1.54662208643233	4.229526487286675	2.056555825173529	0.10492599713213129	0.3152977470764012	0.34707504892089874	0.44280420615623306
Erinaceus_europaeus	2715720925	26	4	821	12	1.9285915963915528	1.5896438420783017	4.988733180145746	3.007833154864443	0.12241349872149469	0.1495534166420849	0.31664994748140085	0.28321148945915053
Echinococcus_granulosus	110837706	9	0	171	0	0.8176669162926026	nan	3.771242168180663	nan	0.0774542275518867	NA	0.3572624624987383	NA
Pseudomicrostroma_glucosiphilum	17184282	1	0	2	0	0.0	nan	0.5441612283239348	nan	0.0	NA	0.12765707114314945	NA
Alligator_sinensis	2270567745	52	3	2251	5	1.7601593823208932	1.2215580708142568	6.564726858318428	3.1846496948262923	0.11647619835076117	0.1311786036100553	0.4344127082502124	0.34465195618838507
Plutella_xylostella	393470562	52	17	2223	112	2.237935079555856	2.144052954013409	6.907788908378663	5.9391611175970285	0.1675045783993051	0.19414112681349646	0.5170413494827655	0.5388037092363224
Aphanomyces_invadans	71402472	25	3	1036	6	2.156859415389253	0.585741518054015	6.153165597170025	2.462140128842881	0.21847801934781608	0.10028718630846965	0.6257968761495848	0.5258588470522505
Cyanidioschyzon_merolae_strain_10D	16546747	5	1	46	1	1.1408262062496861	0.0	2.5599985363656876	nan	0.12923165440671291	0.0	0.29012926978804887	NA
Gloeophyllum_trabeum_ATCC_11539	37178225	8	3	272	35	0.9129707882336876	0.8617014012092404	4.7034303125204975	3.8756875283640726	0.10362526856685167	0.12130963422807252	0.5349705808678145	0.5555467544375732
Dipodomys_ordii	2236368823	28	1	614	1	1.6124564825009091	1.2461330405568003	4.641929255586776	1.9899159150653276	0.1056387351720589	0.12470448550640295	0.30411210512658754	0.19942122721538186
Cariama_cristata	1132245425	24	1	294	1	1.2171808909837272	0.8915614783096517	4.357118135868514	1.9970443366364405	0.09920703080130827	0.13060214927356079	0.3551294276076714	0.2953015250113798
Manis_javanica	2547395906	28	4	891	6	1.533265030991068	1.6446412117162867	5.142202117943141	3.9925048900644224	0.10496085965652727	0.17274659547893698	0.35201359707460783	0.4204519973950194
Kwoniella_bestiolae_CBS_10118	24360772	3	0	7	0	0.9040191646888964	nan	1.7441698789695625	nan	0.19017608341170283	NA	0.3703490166563835	NA
Trachymyrmex_cornetzi	369438293	56	5	3017	56	1.5351313474445871	1.4875370433724706	7.2471035360616725	5.7501386203196585	0.11483729100694565	0.14659385952403445	0.5421357114291581	0.5711599373573731
Salpingoeca_rosetta	55440309	19	4	248	5	2.1699993830693196	0.6913955567062673	4.95055805453018	1.4618677732445577	0.19185846834036036	0.12059208118173886	0.4377027568615406	0.26534121102439734
Oryza_brachyantha	259907595	15	1	1385	1	0.6701026128164037	0.8664141770826557	6.3412371921782995	2.335460662920067	0.052578257226116205	0.12490936651769631	0.4975624788643626	0.3575231392705602
Cebus_capucinus_imitator	2717703182	32	1	915	1	1.7052870328940535	0.816375816964452	5.080776791969463	2.6471796864040145	0.11225157454110095	0.08736002431577769	0.3344456388144651	0.2841965045333349
Daldinia_childiae	38652569	9	3	132	9	1.0770855123606113	0.7527963064893952	3.7335992756697878	1.2461450655955233	0.132395768628572	0.15441350505072363	0.4602263788209	0.30313386077247606
Penicillium_expansum	32356048	7	2	108	2	1.126443856437021	0.6815324585193874	3.906127221046699	0.8675162461026871	0.137156442034828	0.14831657949017923	0.47611747177784053	0.23679586421567952
Trachypithecus_francoisi	2875571204	28	1	981	1	1.7377693401158312	0.24645635159649115	4.998277865195034	0.5603725166484701	0.11395623945920319	0.0244096750827279	0.3277680561900953	0.05558350275518994
Blastocystis_hominis	18817245	7	2	85	4	1.4489966688463645	0.8610105032866442	3.1126291985515366	1.2414700755466155	0.17914824863112044	0.17922704652399202	0.3852445978546584	0.26675561933066216
Leishmania_major_strain_Friedlin	32855089	6	1	218	7	0.958630684738611	0.09578548974325955	4.411502118765711	1.7363858825289087	0.11069313682330893	0.020186904080396292	0.5112889443270168	0.3840042171237669
Eremothecium_gossypii_ATCC_10895	9119312	2	1	9	1	0.6914103670936556	nan	1.8993781416757782	nan	0.18618471775270085	NA	0.5148929818125505	NA
Paralichthys_olivaceus	643911827	52	1	1411	5	2.128760275875379	1.7920801576310812	6.208809584928413	3.859894067152277	0.16179984184411292	0.23217426837067967	0.4719133114464005	0.5224750923782174
Anthracocystis_flocculosa_PF-1	23305380	1	0	32	0	0.0	0.0	3.073606244423362	nan	0.0	0.0	0.44605726298369935	NA
Drosophila_erecta	146538397	17	7	657	25	1.6637163405005133	1.3153314129757125	4.999361643673784	3.2055764835418437	0.15264729278086614	0.155895124885956	0.45887624015264045	0.3833959763516622
Aureococcus_anophagefferens	56660572	8	3	227	15	0.40986188319445505	0.7866602446733054	4.68940279032666	3.2697586629718813	0.04262436128418312	0.11096533543435108	0.4879002906305401	0.46825475157506746
Chlorella_variabilis	46159512	13	6	102	17	1.872456023428218	1.6752577746751063	3.83657369404595	3.021010509269234	0.22346797597935772	0.23003057952338785	0.45819010876130867	0.416410541084391
Cavia_porcellus	2723219641	30	2	956	2	1.675798064468417	0.9491770212014087	5.470145710543474	1.6554029949459195	0.11047268261259277	0.10079890278007336	0.3606055682477255	0.17625836539974438
Dinoponera_quadriceps	259665865	45	2	1760	12	1.2360746580358504	1.520134697099657	6.730336926191725	3.9064457140065354	0.0966981346174654	0.17723445774112753	0.5265299554862664	0.4625956595055341
Vigna_radiata_var._radiata	463637892	24	1	2042	5	1.3101517215224958	1.0762135313176184	6.550641405984738	4.16235522880113	0.09877020156534223	0.1354968908084665	0.4938535411042039	0.5423862765697881
Priapulus_caudatus	511738253	54	1	2754	33	1.771106910868064	1.2686711575926648	6.9513967989242795	6.580432131770971	0.12946076881361038	0.11879264546464545	0.5081230104084693	0.6188847909993802
Sugiyamaella_lignohabitans	15938258	4	2	60	3	0.3843223932198501	0.6102034065478859	3.138443916122156	2.2323126423694495	0.04136420552201945	0.08450277322531562	0.3378544804865155	0.3099930106577546
Toxoplasma_gondii_ME49	65668120	7	3	124	7	0.9044301687714773	0.6449853739819452	3.8036975800789117	2.1350307982598475	0.09382077462130423	0.11672986469834852	0.3947141428557497	0.39518013891104486
Odontomachus_brunneus	393036571	53	3	3030	28	1.3324156193620227	1.8532417047835648	7.160556993962677	5.012579150530884	0.09853213019542224	0.18747115918774263	0.5295341341061582	0.5115709408909233
Trachemys_scripta_elegans	2126199303	53	4	2365	9	2.307873492282858	1.455361438451369	6.622244196152955	2.1192329825988745	0.15236487524825995	0.14123309807842235	0.43719838856766946	0.20632249953912116
Carlito_syrichta	3453864774	33	2	1167	7	1.8734839725152144	1.975560686789063	5.15375034789434	4.579330475929768	0.12087166359658666	0.19185258196298274	0.3325048568138223	0.4454733591114243
Oncorhynchus_mykiss	2178999613	65	10	1852	25	2.1993928495025172	1.0168410358354438	5.820463701149333	2.4401258340000878	0.14594674506169947	0.0858996247887754	0.3862331258137657	0.20629954328659716
Aspergillus_lentulus	30229310	4	0	26	0	0.815114848522097	nan	2.9046411963220624	nan	0.12693285505260996	NA	0.45336282287755	NA
Capronia_coronata_CBS_617.96	25807613	1	1	8	1	0.0	nan	1.6228778954008467	nan	0.0	NA	0.3063006202020294	NA
Pseudozyma_hubeiensis_SY62	18442938	1	0	1	0	0.0	0.0	0.0	0.0	0.0	0.0	0.0	0.0
Chlamydomonas_reinhardtii	120404952	11	4	356	15	1.1995720405311958	1.1215064512062745	5.051432651414312	3.4517306172923363	0.10991042444417232	0.1290750898458876	0.4628668706232894	0.39864338826682205
Bicyclus_anynana	475399557	57	9	2294	43	1.9045332348191428	2.150670415264341	6.470695595817335	5.414358369976855	0.13367731837028024	0.19973808471754956	0.4541736978578189	0.5046100077370146
Aspergillus_novofumigatus_IBT_16806	32440129	11	3	76	4	1.7092818500217986	0.7409775694829903	3.4625401141505567	0.9185811354013168	0.223236808749337	0.15372080642969319	0.45303394833417904	0.1969750471408735
Apis_mellifera	225250884	10	1	205	1	0.9371100102701803	0.6450662245067099	4.624578462884237	1.7003926434705174	0.0875947565515752	0.1071356457331126	0.43229008471236535	0.2886108838781322
Didymella_exigua_CBS_183.55	34389227	10	1	147	4	1.28436843382096	0.8463476493006368	4.182231217692433	2.3124504752877852	0.14253090569019944	0.12646997286134135	0.4644134493642017	0.3514021095892913
Cryptosporidium_hominis	8743570	1	0	1	0	0.0	0.0	0.0	0.0	0.0	0.0	0.0	0.0
Cercospora_beticola	37057033	4	1	65	1	0.5969551264263102	0.0	3.6579978033544918	1.3737422112276931	0.08246130672848669	0.0	0.5061616422220839	0.3895637447272135
Octopus_sinensis	37057033	63	3	2951	14	2.508464480181377	2.1593504389224036	6.74349354230765	4.566672478816408	0.15482443703517432	0.18484555719243487	0.4162139435437684	0.39144918793967437
Wickerhamomyces_ciferrii	15901152	2	0	9	0	0.3238101602979032	0.0	2.068046818585372	0.5574394508969667	0.06515539735175345	0.0	0.4161216315232219	0.18034027655987936
Salmo_trutta	2371880186	59	9	2712	38	2.1361359773479216	1.7128909044723666	6.507278733565202	3.8286130021870903	0.13868577101779073	0.14433728243947486	0.42247686680983504	0.32303941685096016
Drosophila_novamexicana	177223868	27	5	607	7	2.3237310331076277	2.119150595470267	4.998491950135117	3.3840184486293907	0.19552705378118132	0.27053433171976937	0.4206227664823377	0.43993351361712496
Exophiala_aquamarina_CBS_119918	41566958	6	0	87	0	0.8739045278839477	0.43602767940260423	3.359570483684238	1.321020156212982	0.10607861231381321	0.08570406350500841	0.40807609061470307	0.29734950594717274
Herrania_umbratica	234039246	16	1	1030	1	1.1279021293556746	0.9682341905742955	5.331354971825931	2.185029414899335	0.09204698595808083	0.160360200377848	0.43511086755052253	0.3995986434863421
Pomacea_canaliculata	440159624	53	8	1708	20	2.1111857047873204	2.3739390338174102	6.763538976244781	4.401459515465602	0.1626039448263678	0.2521139739489903	0.5209393577727205	0.4702690448771864
Pogona_vitticeps	1716675060	42	2	2124	7	2.020137854265689	1.2325684143886222	6.612468293003517	3.2325516253340387	0.1344976772358161	0.12148926842026302	0.4402484101072498	0.3198962897593806
Bombus_vancouverensis_nearcticus	282133710	33	7	1074	36	1.894787446531971	2.1628880298640234	5.8299770308700225	3.968823668581843	0.1541934227945512	0.23184976473870456	0.47444837257075323	0.4264669455141326
Loxodonta_africana	3196738102	28	0	746	0	1.8375559968564095	0.27175227757105636	4.832025610096883	1.5537770136900162	0.11783511046001283	0.032753882579203863	0.30985852718607293	0.18923254391621205
Saccharomyces_arboricola_H-6	11619520	5	2	24	3	0.7023042583565834	0.5055786715340108	2.3815231284197216	1.0976441495115306	0.1135274125161609	0.1517249826624321	0.38561760223498753	0.3727854974336298
Trypanosoma_grayi	20934132	8	0	58	0	1.4427246278724295	0.0	2.944764119565969	nan	0.17870783225231807	0.0	0.36501738416564006	NA
Entamoeba_nuttalli_P19	14399953	2	1	43	1	0.45997884923403315	0.0	3.30180075645508	nan	0.059089271079048905	0.0	0.4242883722402142	NA
Postia_placenta_MAD-698-R-SB12	42452888	7	4	240	14	0.6040471251152865	0.9663884680884064	3.0050209625567206	2.0915522681443615	0.06667028662002285	0.15750603004673397	0.3320402185495099	0.3521030251756613
Plasmodium_chabaudi_chabaudi	18867781	1	0	32	0	0.0	nan	2.7060786947264637	nan	0.0	NA	0.34676230537578207	NA
Pichia_kudriavzevii	10863895	4	0	13	0	0.785124350668207	0.6909574160559986	1.9943703959284005	0.6524231143628454	0.14005566757139776	0.2120739542222376	0.35576896443048506	0.2110689594877641
Rhincodon_typus	2931599576	39	3	1659	10	1.957557249614501	0.9917321333851629	5.879004028101629	1.8767618008832534	0.1249013989609382	0.08966410242192997	0.3751084316826491	0.1698078132378578
Brassica_napus	976190593	25	3	1715	13	1.761625943875163	1.6121689396184158	6.41908782610059	3.510740122945608	0.12782079297114518	0.16754130608261072	0.46576281189200375	0.3671290826087418
Myzus_persicae	347313470	38	1	1458	3	1.4308903388670797	2.0484497603344147	6.417398893041882	4.727264719002291	0.11310269596845389	0.2525138310771943	0.5072612525838008	0.6029131109668766
Tauraco_erythrolophus	1155540733	24	1	351	1	1.0932403973696299	0.4890574351429499	4.011142373107711	1.8220847202852466	0.08648937070107784	0.05699609060296798	0.31733341898774897	0.21284931840030374
Bos_indicus_x_Bos_taurus	2680953056	29	1	835	1	1.722274867412852	0.5289992553580637	4.881908426333463	1.965465515322325	0.11192276475329035	0.054243126806050826	0.31725293389660186	0.20188680027730593
Meleagris_gallopavo	1115474681	20	3	576	79	1.27584155687857	1.1049398633768022	4.756005763483451	3.979739604828819	0.09746823128518568	0.10203250350224735	0.36333698215074395	0.36757438573776235
Aspergillus_pseudonomius	37780514	9	0	40	0	1.5332489895920807	0.0	2.791547084350745	nan	0.22496038403216176	0.0	0.4099102338606074	NA
Plasmodium_reichenowi	20501737	1	0	2	0	0.0	nan	0.6510794867075613	nan	0.0	NA	0.17205255277691106	NA
Gadus_morhua	669966409	70	21	2602	110	2.797652420714713	2.8132901333384273	7.004603649987524	5.7610720667683015	0.20361388814180836	0.2583486538535988	0.5098028014028919	0.530516510858369
Bombus_terrestris	248654244	30	0	788	0	1.2447756055485606	1.1659035234077615	5.9430830657782545	2.7365673923728657	0.10390969724797572	0.16650636332578833	0.4961159372902634	0.4038995613880781
Neopelma_chrysocephalum	1142796179	25	2	520	2	1.666485090480374	1.4421152490039404	4.902865119627207	2.426260405265785	0.13103561274076617	0.17530532551364922	0.3855158680607358	0.2971819384478211
Exophiala_mesophila	29273723	2	0	13	0	0.1559364962799944	nan	2.1916243067324066	nan	0.026779197533194014	NA	0.3763707767497533	NA
Kazachstania_naganishii_CBS_8797	10845821	2	0	41	0	0.12106874589675065	0.0	3.29283598724352	1.0707806855689346	0.017622678986576153	0.0	0.4798855305698162	0.2988070396609261
Fusarium_proliferatum_ET1	45210324	5	1	42	1	0.9227888099606868	0.15822473247945207	2.8948237628201654	0.0	0.11739463139984312	0.0469886640402746	0.36839813613075556	0.0
Capsaspora_owczarzaki_ATCC_30864	27967784	17	6	113	10	1.9792345732426369	2.1949241032349684	3.903519966606741	2.6900698911797365	0.2330120621627101	0.3741474566866333	0.45984389499745887	0.47162911684178177
Eumetopias_jubatus	2418263165	29	0	795	0	1.4574694546448237	0.8154057656508701	4.996633807677292	1.8962852082190658	0.09702762651199788	0.09243766213092393	0.3326395694544855	0.2155803498975321
Taeniopygia_guttata	1068988106	24	1	429	1	1.6411964556097067	1.6451779177152264	5.138902605724596	3.148530307799977	0.13171895969153324	0.2154290061394292	0.41244093203015375	0.416353215038287
Nicotiana_tomentosiformis	1688466321	29	1	2258	5	1.0834089683606298	0.8896000122195137	6.143039597347755	5.014458099660851	0.07352001202918894	0.09707570225966511	0.41686723393706976	0.5556424510846485
Candida_haemuloni	13314323	5	1	11	1	1.0001894534083444	0.41041178664258726	1.4803514488753102	0.45463192125360485	0.20269424197236996	0.11365857562296355	0.3000018784041072	0.12892383466749782
Aspergillus_steynii_IBT_23096	37847960	10	2	49	2	1.2551322864421341	0.6820837151726431	2.4005898313288707	1.0865775065254164	0.15825081612637254	0.14596805047561467	0.3027834123784578	0.2414718812864071
Contarinia_nasturtii	185885008	24	2	644	24	1.093915167274976	0.5958717780502325	5.7057096294125795	4.67299245043869	0.09711691176509517	0.06508374966704884	0.5065789143864171	0.5130909638804106
Cicer_arietinum	530893862	22	3	2264	16	1.3203810806862748	1.4372827430387585	6.364853348556919	3.262751254450134	0.09751056597204401	0.15684399694541784	0.4700550492447704	0.3599940650057217
Pseudonaja_textilis	1590035073	46	5	1820	18	2.3283197942113447	2.0073821746409184	6.220975560568338	3.6001147664355337	0.1567645918670711	0.20406168748260883	0.41885602199235583	0.36807085198275247
Varroa_jacobsoni	365585945	24	0	258	0	1.9009861409751234	0.1914803850591874	4.667012870474442	0.2741677698074729	0.16699170256711576	0.030217082366338847	0.40997598092338006	0.04345028853282254
Moesziomyces_antarcticus	18111965	2	0	7	0	0.4936396900842476	0.0	1.7795106709254727	0.0	0.0895997268521427	0.0	0.322996050050562	0.0
Sorghum_bicolor	709344700	18	3	1642	13	1.171381671140347	1.3507248968011922	5.512510821012595	3.674335050775695	0.0881004131641196	0.1496912105127108	0.4146076099997989	0.41140037187782047
Eimeria_necatrix	55007932	10	0	376	0	1.1021684962420941	0.5825454509987769	4.739885324946032	0.909529152662336	0.09651668643805984	0.11673245572781155	0.4151175885493783	0.2861906063317868
Rhinocladiella_mackenziei_CBS_650.93	32474431	5	1	157	1	0.4026015509110441	0.0	4.367865253007715	1.6354757444551264	0.046254749042434935	0.0	0.5021488625273391	0.33816799266898795
Pelecanus_crispus	1160924693	28	0	345	0	1.2271951592264807	0.7328266650340801	4.564861657768223	2.232710972592636	0.09766165090476303	0.0842424914521131	0.36327913970877584	0.25709941886946364
Wallemia_ichthyophaga_EXF-994	9655632	2	0	11	0	0.48118363424953203	0.0	2.0121458867362123	nan	0.0826343537190373	0.0	0.34554869098611246	NA
Drosophila_subobscura	126248017	22	3	324	9	2.0191703748359218	2.137048452424243	4.7994738900947205	3.674872136783386	0.1853597454223771	0.2770748948862834	0.4406238123635389	0.4809359531901771
Aphis_gossypii	294278726	31	0	500	0	0.8944204234646486	0.6510824361929671	5.111318727822185	2.397604723148709	0.07571910321687692	0.10427050502505932	0.4327125017783372	0.4223548891957741
Panthera_pardus	2578019207	27	0	760	0	1.6019926540578897	0.43624696053765927	4.997974673332678	0.9069462917215926	0.10657133860593726	0.05150688653787057	0.332486535667219	0.1076148466783726
Glycine_max	979046046	24	6	1718	9	1.5398955879030503	1.5655670214542614	5.943356098477027	2.8024939884928375	0.11070743173876625	0.168848906737221	0.4272879120233806	0.3043927931878428
Tyto_alba_alba	1219191878	26	1	315	1	1.3607051982588851	0.8663854611763647	4.459247261693756	1.665121953505093	0.11104387171691074	0.12573423424108854	0.36390912941765935	0.24518740297959105
Geotrypetes_seraphini	3779430019	50	8	3908	37	2.0216551994456378	1.9828864787016927	6.958858827524939	4.169278402354934	0.12467800918737856	0.16620941591852606	0.429161703961528	0.34997259222759386
Chinchilla_lanigera	2390868971	30	1	896	1	1.8740147242595495	1.0757647503560346	5.306882992942694	1.5696321180883528	0.12332285412404821	0.11382822156339799	0.3492290892301156	0.1664800298782405
Saprolegnia_parasitica_CBS_223.65	53131624	13	2	244	2	1.1089058782132042	0.7961506655171152	4.774176512145644	2.5081176415651627	0.1221522249044557	0.13438830002319815	0.5263275076398636	0.442898665876784
Polistes_canadensis	211202212	38	1	488	1	1.4721408835080014	0.9729784672720279	4.890579642928567	3.2244494605429357	0.12774637564081073	0.13100304097982932	0.42439582811745136	0.4437644250973167
Phoca_vitulina	2363596144	29	1	757	2	1.469458136609614	0.7902220325436725	5.071023512387974	1.2520891395043485	0.09783895494804087	0.0816437390814142	0.33763742898963	0.12953466051174015
Plasmodium_vinckei_vinckei	18221643	1	0	18	0	0.0	0.0	2.501345471499809	0.0	0.0	0.0	0.36515319730341433	0.0
Onthophagus_taurus	267079363	59	7	2768	37	2.1504453610757865	1.9824685926956591	6.938374880734701	5.604242778113829	0.1651268056467942	0.19829324556128183	0.5327979549008011	0.5662269843612852
Crassostrea_virginica	684741128	61	3	1348	29	2.4271117609169144	2.4632607242967324	5.9073378837913975	5.454440470144522	0.17830872295119404	0.2376622144242759	0.4339856896341267	0.5277352503319438
Hyaloscypha_bicolor_E	82384847	16	0	328	0	1.6414676166513522	0.7596119792660982	3.9033269780852944	2.5885970990605003	0.158324770579591	0.1312641177484814	0.37653970199483394	0.4783382124877077
Sinocyclocheilus_anshuiensis	1632718266	70	7	3877	28	2.6928310590390527	2.499902319064947	7.39215137914085	6.137250125381094	0.17762134639506552	0.20909274396707178	0.48759292402610355	0.5140588941997142
Selaginella_moellendorffii	212501708	30	4	664	25	1.3499551033438943	1.035493290307483	4.744831561194183	2.785287619229943	0.11331632031127488	0.11983975866460471	0.39831076622752826	0.3240909511118634
Tupaia_chinensis	2846580235	34	1	833	1	2.216242433691185	1.8752873928100708	4.666419201701908	3.939826645880382	0.13976564419964219	0.2303126748171407	0.2942842082658712	0.49061341335063086
Rhopalosiphum_maidis	326023155	44	3	897	6	1.2025634573009092	2.494551081073846	5.708667358590328	4.062266750693797	0.09735344921111372	0.31813790867377817	0.4621574131188144	0.5315680643214353
Cephus_cinctus	162226239	31	3	743	12	1.1814339798447868	1.3507780201714925	5.953148042066466	4.194342839269324	0.10650464186815845	0.1713763934324532	0.5367498997191814	0.545116807376403
Zootoca_vivipara	1464300591	45	4	2401	17	1.9134855160254738	1.6426334162977227	6.423960995272254	2.9376028182881018	0.12714871814050788	0.14457806190019196	0.4268647478759453	0.25889639434248096
Hipposideros_armiger	2236581172	33	2	840	4	1.985930069837624	1.2404328174652173	5.408965389994791	2.519111819164025	0.13567301058959205	0.1326849171696592	0.3695251371153486	0.2700452931469733
Bipolaris_victoriae_FI3	32829575	5	0	98	0	1.2120401412776232	0.30887090707244014	3.828067285526613	0.9586227517578498	0.15211398356249178	0.07245932511517249	0.48104125171552975	0.2791573452882376
Microplitis_demolitor	241190213	48	1	1902	10	1.385791181809174	1.4782840656867655	6.807577643351987	4.355486032914814	0.10840891186190722	0.1692266960778826	0.5325703357455072	0.5110764685013611
Diachasma_alloeum	384371871	56	2	3538	31	1.509823740232112	1.2338651850055093	7.289934466371822	5.272194487964907	0.11071329256579598	0.1229427747863386	0.5345729293151505	0.530432080747192
Bombyx_mori	481819406	51	21	1892	157	2.242414747341189	2.153262909683124	6.068826088649392	5.531344142776584	0.1616108090043234	0.1912608462868587	0.437381988850107	0.4919036510781503
Fonticula_alba	31296464	6	1	30	3	1.346292829987384	0.2809530472134081	2.815619414859243	0.9629235892963154	0.19192137704151496	0.06429943935702997	0.40138188608616027	0.22102087323287672
Synchytrium_microbalum	26244175	3	0	15	0	0.45418845527648094	0.0	2.555623465623136	0.6093963581555479	0.07991239216638166	0.0	0.44965032079065875	0.23758611700569854
Vollenhovia_emeryi	287900827	47	3	1810	47	1.2398887617096541	0.8323922933628937	6.725634917489268	5.438038650809435	0.0967348963229249	0.08509135890427513	0.5247413902285335	0.5600157950621157
Kockovaella_imperatae	17465713	1	0	7	0	0.0	0.0	1.7273489349133317	0.0	0.0	0.0	0.3367218401190665	0.0
Poecilia_reticulata	731622281	52	1	1879	7	2.320316872620744	2.2768181735912973	6.613471792969355	4.6710549738736	0.16893082720192873	0.23910563587282804	0.48149646527320344	0.4947057855779104
Canis_lupus_dingo	2439831507	26	0	689	0	1.272264512936445	0.07025560241811789	4.88286606733473	0.9628824348272372	0.08477606846583333	0.0074969833786844055	0.3253651610904517	0.10291891197501311
Bactrocera_oleae	471780370	53	4	1756	12	2.082877097305709	2.072211022850354	6.196277880785735	4.169425649463579	0.15407303238358774	0.21984705827270087	0.4583524717681255	0.44828577742709985
Oryctolagus_cuniculus	2737462810	26	0	603	0	1.8791231364425094	0.12353508171849006	4.269809415791677	1.2217352253510403	0.12180113964070809	0.012664841447585997	0.27676098072337035	0.1253837974768896
Rasamsonia_emersonii_CBS_393.64	28248805	3	2	46	3	0.9188743791212357	1.092300783063127	3.3533340697156766	1.957189831970847	0.13362987479165273	0.2216855175030991	0.4894531537542911	0.4109866331570618
Danio_rerio	1679203469	65	11	3326	22	3.1420557180657185	2.7710347840351433	7.02623390506747	4.81793696273832	0.2054836097047783	0.2543956229106567	0.4595013973105634	0.44443774204508646
Wallemia_mellicola_CBS_633.66	9815586	7	0	15	0	1.7409203834024365	1.056585044295934	2.2999477043733982	1.056585044295934	0.2934673683222055	0.3282465996771393	0.3877027384572436	0.3282465996771393
Ceratosolen_solmsi_marchali	277059195	13	1	216	1	1.2404782457164036	0.1302757583932538	4.760789635152747	1.2853965194940256	0.11383804391660127	0.022907740974826424	0.4369130123481685	0.23348212748032723
Podospora_anserina_S_mat+	34718894	9	1	87	1	1.417597724416127	0.9956407500662062	3.5880862477619715	1.40676820673058	0.18196034330482938	0.21764014267671403	0.4607318737105999	0.3450043625799521
Baudoinia_panamericana_UAMH_10762	21875620	4	0	8	0	0.8697168657767418	nan	1.5297432994243314	nan	0.16608927816832283	NA	0.293645717551233	NA
Malus_domestica	703358299	21	2	1760	11	1.6563121695674006	1.0669585415192309	5.878993372036097	1.6234715271517497	0.12101033515833717	0.1164522212906889	0.42952292014219845	0.1789315064831371
Physcomitrium_patens	471852792	17	1	506	1	0.7874390136950727	0.2466906641825565	4.394255768803778	0.5097823752905635	0.06260351746144867	0.03383191103718891	0.3493596404565279	0.0705890285549661
Pyricularia_grisea	44557582	9	1	124	1	1.4695625228315825	1.4808445328253823	3.6005905948167762	1.5626107553531303	0.16940769035881323	0.2526699450145892	0.41544544117335597	0.27364166472991286
Apteryx_mantelli_mantelli	1523972539	32	1	374	1	1.342073293635742	0.37133560160041995	4.565809912084161	0.574170096880073	0.10713414559884528	0.04301607642242234	0.364476792086786	0.0665609773595906
Amblyraja_radiata	2558784953	43	11	1889	34	2.12532895496396	1.6629309631290323	6.0932555767262855	3.6427799002301153	0.13349562739426626	0.13722494705773008	0.38272821726506706	0.30075073424591775
Populus_trichocarpa	434289848	20	1	1773	3	1.1801316490154414	1.2315471623279828	6.473594183157399	2.5062670146298474	0.08952555075867061	0.15899407604059007	0.4911033306285533	0.33229860529148747
Beauveria_bassiana_ARSEF_2860	33697794	7	0	72	0	1.089884832540145	0.0	3.3511126015058865	0.0	0.14558872187719776	0.0	0.4482210901960424	0.0
Hippoglossus_hippoglossus	596792615	56	8	1769	21	2.4238792572245877	2.716146198017234	6.543520270433439	4.19588817377908	0.1800471750431135	0.29665238429745355	0.4860614633513509	0.4638725085871965
Drosophila_obscura	181868570	37	2	871	2	2.410054178578495	2.5503967689980303	5.817534923266137	4.185187603112158	0.20503085923622302	0.29574847128290177	0.49495860042864986	0.4913810816608054
Batrachochytrium_dendrobatidis_JAM81	24315081	8	2	177	4	1.6503172941565298	1.7581374914031052	3.5241995510896387	1.8507231545852263	0.17642890012934154	0.324083629478183	0.3770948686477475	0.35201612623986284
Kluyveromyces_lactis	10729447	2	0	7	0	0.4262941181119714	nan	1.213320710265606	nan	0.09405069182836745	NA	0.26768760665891494	NA
Felis_catus	2521863845	28	0	761	0	1.3977972129465406	0.7442537189208636	4.92078383832026	2.184127729069857	0.09283574807214133	0.08482636624514454	0.3268177987956262	0.2498585704814703
Encephalitozoon_hellem_ATCC_50504	2251784	1	1	1	1	0.0	nan	0.0	nan	NA	NA	NA	NA
Ogataea_polymorpha	8974371	2	1	4	1	0.4392552509846256	0.0	1.0585769097124222	0.688549179888479	0.1167859293505385	0.0	0.2832184269402077	0.2430276496236977
Mustela_putorius_furo	2410879678	28	0	686	0	1.307686707815087	0.8024010593177472	5.077827924983978	2.9742587188429943	0.0873128131891825	0.09018367835716089	0.339041130693157	0.33518031051244684
Belonocnema_treatae	1538686255	62	2	4077	30	1.350699529042803	1.585935452859395	6.969527864272919	4.665425615673912	0.08867842825229641	0.13971818659674448	0.4575759744253979	0.41244952900239534
Cladophialophora_bantiana_CBS_173.52	36722552	4	0	41	0	0.6425875156554482	0.6543204147476855	2.233071962171356	0.7982828091783151	0.08420810037703925	0.16480410735398074	0.2928203158833543	0.2062106325476233
Arthroderma_uncinatum	23563256	6	2	27	2	1.0778487013327287	0.6713558476428494	2.0384524559286556	0.119598827612395	0.1637563939043289	0.15855903646115474	0.31042395942837286	0.029982277746988202
Poecilia_latipinna	815144743	50	3	1937	8	2.266140284996456	2.1331502096446564	6.670411601913836	4.6704348749451965	0.16437906030646113	0.22549320799538164	0.483853470240665	0.4985277793236513
Cavenderia_fasciculata	31019208	15	4	86	7	1.9223645480272482	1.722349387654944	3.729640263775236	1.9856868501616671	0.23029629310232128	0.3070430604773463	0.4468940231107622	0.36632672797578986
Dromaius_novaehollandiae	1192254075	28	1	311	1	1.47409878440344	0.5460578319359766	4.681044436497546	1.5161571783328829	0.1207300923854119	0.08707683611117135	0.38338308609371624	0.24549704713892254
Entamoeba_invadens_IP1	40878307	23	5	622	8	1.7657791196613362	1.8755403629150393	5.835412093057652	3.7078405246549533	0.1744430415724339	0.25970409855448745	0.5769481298417506	0.5411134365559968
Metarhizium_majus_ARSEF_297	42062993	9	2	165	3	1.636917232018573	1.3373631002618145	4.377869479160145	2.044104836685401	0.18956823840307332	0.2377949746405477	0.5073488694816803	0.39238127844345655
Daucus_carota_subsp._sativus	421502825	33	3	2013	20	1.437147109299565	1.1739028926314128	6.484898645847537	3.9056494536146467	0.1098949011015792	0.12458983997897707	0.49589332660647356	0.4187400742850975
Sclerotinia_sclerotiorum_1980_UF-70	38459164	6	1	82	4	1.6530443139911244	1.406022887101563	3.506939379092288	2.6114180813359598	0.18486421286325797	0.18687119686554537	0.39229348580741014	0.3480108613025617
Lachancea_thermotolerans_CBS_6340	10392862	4	1	13	1	0.554871620662662	0.6571271874409104	1.9411454885115713	0.6571271874409104	0.10443254465409049	0.2319370649652961	0.36534354138885616	0.2319370649652961
Plasmodium_falciparum_3D7	23332839	5	1	42	1	0.8878115706628247	0.0	2.472346857834872	0.6213693816456077	0.11156877328678003	0.0	0.31076125392740844	0.163232065704648
Kwoniella_dejecticola_CBS_10117	23862392	4	0	4	0	1.293881622303349	nan	1.2938816223033487	nan	0.29786822765905463	NA	0.2978682276590546	NA
Cucurbita_maxima	271413401	17	5	1305	19	1.277333996047619	1.4895705920469078	5.764673754637334	4.8533255495599565	0.10103233857288807	0.16810285587309923	0.45597926979467757	0.5531580966378286
Gekko_japonicus	2490274461	40	1	3084	7	1.9226592839286525	1.4455646221313736	6.722579803950891	3.0744396054627394	0.12254141554680097	0.12566102845131452	0.42846635533011507	0.26770350562148476
Gavialis_gangeticus	2640792433	45	2	2157	4	1.7834030679255803	1.3332845564637907	6.582733575678276	2.854378645365667	0.1189747197994324	0.14848856441819194	0.4391493621821449	0.3210079843659191
Sparus_aurata	833595063	64	6	2725	31	2.3645472514269485	2.6293798909519013	7.182040692388279	5.122714056975457	0.16825428172198367	0.2565545692275597	0.5110556069736215	0.502804083266091
Trichoderma_atroviride_IMI_206040	36143664	4	0	20	0	1.0565370411118464	nan	2.3936363311733464	nan	0.15342077782475905	NA	0.34758227441960693	NA
Aspergillus_vadensis_CBS_113365	35663374	6	0	39	0	0.3730696244078273	0.0	1.8071963229071208	0.0	0.05352666128394569	0.0	0.2593599127898774	0.0
Capsicum_annuum	2935884163	27	2	2317	5	1.2980658023336156	0.9662194681427841	6.104388059548263	1.1557579396635251	0.0854207984364607	0.10476464368216032	0.4017076157094987	0.12684433521926924
Ananas_comosus	382055938	27	4	1906	14	1.382263554008666	1.655425987258553	6.3394201397915015	3.7086787183848955	0.1033192760231545	0.20689320520276674	0.4738593789626763	0.48265803870478297
Zygosaccharomyces_rouxii	9764635	2	0	12	0	0.6274833310638042	0.0	2.3585187279299333	0.0	0.14871008063193364	0.0	0.5589559002432245	0.0
Phialocephala_scopiformis	48876257	6	2	109	2	1.4115737809032551	0.5720295292341466	3.7776789456553845	1.081655176907142	0.17442890152269597	0.10294173634359191	0.4675566260575649	0.19766112486198242
Trichoderma_harzianum_CBS_226.95	40980648	3	1	70	1	0.9529930347766425	0.0	2.8537957346079437	0.6889638375920648	0.11770856218134555	0.0	0.35268501494723054	0.20460448751092722
Debaryomyces_fabryi	11697257	2	0	3	0	0.5832987807189374	0.0	1.0782366824134177	0.0	0.15921631381176862	0.0	0.2943137816590356	0.0
Cyclopterus_lumpus	572885595	58	13	1581	27	2.4458597361019847	2.286583599388952	6.345796091276855	3.9503821231614955	0.18423795077116384	0.22764413717809406	0.4780102356744949	0.394829872498994
Orycteropus_afer_afer	4444080527	35	2	856	2	1.784513313121371	1.5868459737991083	4.8498440393398665	2.9923077397090956	0.11232086555781916	0.1472392492843171	0.3052590048085842	0.2778400228027345
Oryzias_latipes	734057086	59	4	1628	14	3.0168735984012196	2.4417665356436573	6.15079586940254	3.82945372447343	0.2165040799638317	0.24103395517252188	0.4414101672497659	0.37951367894844873
Neurospora_crassa_OR74A	41102378	11	1	221	1	1.4916836841023062	0.0	4.0529787061330875	0.6620784989015291	0.1719239331398445	0.0	0.46756887774148115	0.2508768913322743
Anopheles_gambiae_str._PEST	265027044	33	6	1084	21	1.7655701325647022	1.745346624392184	6.297505073338323	4.916697292662704	0.14566209236361366	0.1870311528567137	0.5195712592831626	0.5302521617315569
Verticillium_alfalfae_VaMs.102	32862988	3	1	17	1	0.8040553919565188	nan	2.114063332867592	nan	0.1301056998740122	NA	0.34219528274131567	NA
Diplodia_corticola	34986079	6	1	61	2	0.9055899938947723	0.0	2.6401627078064633	1.5469661948355824	0.1210065988726416	0.0	0.35364112032103123	0.3809845848882891
Austrofundulus_limnaeus	866963281	66	4	2709	21	2.237349022936299	1.9144832592138856	6.899648124367475	3.8920517427380323	0.15807066747881832	0.1775633583597313	0.4874683170042919	0.3623512177367201
Octodon_degus	2995889303	36	1	832	1	1.6697424224889676	1.196737804191981	5.211228697830338	2.498293901132438	0.10785701349826905	0.11977396195932342	0.3366193683227045	0.25038043050185305
Lates_calcarifer	668481366	55	8	1601	19	2.086783294552017	2.186250276945633	6.285324482899986	3.6040787632635567	0.1547833235711245	0.23462358872864444	0.4662041535820878	0.3896769912635468
Drosophila_arizonae	141386800	25	2	258	3	2.2814552412641076	1.6964171713793559	4.483172768579362	3.3722323044692746	0.20469067031727065	0.22826181951634375	0.40223982971703653	0.46090481779177656
Musca_domestica	750403944	38	4	1341	13	1.322480321375987	1.0794637166475556	5.165462005173314	4.35469280745865	0.09198138626057455	0.10613399764206785	0.3592694301538415	0.4297194070023722
Cucumis_melo	374928489	27	1	2287	6	1.3755489281437727	0.9268078111502034	6.642656220146833	4.590352763531634	0.10424424150246116	0.11100809295269383	0.503421218427863	0.5672322630079876
Colletotrichum_fructicola	58056435	9	4	68	7	1.5803138289882783	0.8983729654892567	3.4559181330452367	1.954302488580951	0.1977889526299027	0.146628390209239	0.43279346782249944	0.3248423265390458
Pantholops_hodgsonii	2696886330	29	1	926	1	1.9234144592604303	0.35248967389025115	5.179086116343557	0.8219118063774351	0.12459257034685224	0.034914769551189544	0.33548457070478926	0.08153310402879013
Bipolaris_oryzae_ATCC_44560	31362097	4	1	85	3	0.9153333257471156	0.22129952300929406	3.707430986593516	2.4467683540636638	0.12095830756727732	0.04213404462676602	0.49107588293514387	0.49956071533580715
Exaiptasia_pallida	256132296	38	3	1735	19	0.8713298435709634	0.5761640363857855	6.873191487943576	5.64746781175094	0.06907327213929454	0.05825725109713982	0.5448712514105124	0.5751178194807521
Apis_florea	229015090	17	0	231	0	0.7374581314443137	0.51535935230994	4.771297050200291	0.878282862988201	0.06888857950484471	0.10942903650269248	0.44572246200937055	0.2191689141858192
Lontra_canadensis	2405748306	29	1	688	1	1.359899088965309	0.07370613069232587	4.813280061436894	0.2366736365574456	0.09072349669064328	0.00848933898792216	0.3211105334783977	0.027356767417128475
Candida_pseudohaemulonis	12591275	3	0	7	0	0.6478467508675944	nan	0.942554767966053	nan	0.18371540469138828	NA	0.2672882597756077	NA
Solenopsis_invicta	398994629	57	4	2950	38	1.4555225756223802	1.5830980108929622	7.240818093044124	5.838726669932766	0.10946944615499637	0.15943699694255709	0.5445911292165302	0.5930166593704871
Oryzias_melastigma	779469774	58	3	2337	5	1.9987287375817588	2.0372229852908195	6.567422290225188	3.5128399998426767	0.14070189436777766	0.21147245935073586	0.46232000559799474	0.3689151674938254
Monodon_monoceros	2355574979	28	1	851	1	1.477863340454065	0.8930138498062269	5.001212450586815	2.4985134084665375	0.09957786017783338	0.1061168533687938	0.336980183537543	0.29899685731085124
Dufourea_novaeangliae	279505983	44	4	2091	9	1.1216322720056555	1.7607121071959482	6.954899959207081	4.011541648694546	0.08627041752864903	0.20988011605672893	0.5349460471150448	0.4956334019793981
Drosophila_eugracilis	156942009	21	4	816	10	2.1826619400500675	2.0425392117406895	5.777470979631159	3.734242756361325	0.19358314992682552	0.250648328537662	0.5125165447899712	0.46794883663746933
Gopherus_evgoodei	2298564209	52	3	2327	6	2.358335358231948	1.5796033483061733	6.559342567297093	2.00997628887505	0.15525143591583537	0.15505308329175538	0.43180831196412317	0.19802653613610907
Paramecium_tetraurelia	72094543	4	0	74	0	0.05412418963176466	0.6206552858663414	3.6759444573167985	0.0	0.00641752416478188	0.17456948662470342	0.43599305968266666	0.0
Megalopta_genalis	390114368	44	5	2347	28	1.0590777838454515	1.5055056375909532	6.666115162819724	3.9127131531381774	0.07830306530840442	0.14777095622419395	0.49286435365975767	0.3853455016388991
Aspergillus_eucalypticola_CBS_122712	34792412	9	1	51	2	1.2966268733470216	0.1755251843939106	2.663659674074387	0.0	0.17787327176553977	0.04791107707423005	0.3655763913951843	0.0
Cyberlindnera_jadinii_NRRL_Y-1542	13018415	6	0	16	0	1.3024697044441418	0.0	1.7684388423124415	0.0	0.2162332591664283	0.0	0.29382926861596553	0.0
Dactylellina_haptotyla_CBS_200.50	39531920	3	0	35	0	0.7656716362778939	0.0	2.5155521182206506	2.2033602108428476	0.09873378406972987	0.0	0.3244356787655485	0.45484622528351687
Diaphorina_citri	485705082	57	14	2337	160	1.6826218276499354	1.5958254355593045	6.409293148268221	6.179561409412104	0.12067290980626327	0.13750223483450824	0.4596573953877574	0.5330080195011804
Torulaspora_delbrueckii	9220678	3	1	7	1	0.9140160299460143	nan	1.8285509648949905	nan	0.23610657968175494	NA	0.4723472017450602	NA
Saccoglossus_kowalevskii	775840395	53	5	2383	30	1.3078294922829288	1.6953626571492266	6.8127460296669735	5.791943916315578	0.09443723932997912	0.16095354321727431	0.49194430022055846	0.5521178301015559
Rhodamnia_argentea	414815504	27	1	1743	6	1.4026396071881964	1.2202469810390175	6.105774805740136	3.5704793510611275	0.10770395616834393	0.15546659247998046	0.46885279205234054	0.46701028402066797
Pieris_rapae	245886408	47	10	1319	28	2.0083251421920023	2.1381962987716987	6.178577671666551	4.745314563238681	0.15474742800072555	0.22210542317641074	0.47608567707312227	0.49665769098410006
Otolemur_garnettii	2519724550	31	0	1022	0	1.7924602021470433	1.3796759287787002	5.411241355780463	3.0243368434398517	0.11817099699738305	0.16039538907030354	0.3567455800934743	0.354278702688817
Mixia_osmundae_IAM_14324	13634488	1	0	5	0	0.0	0.0	1.4188711127313878	0.0	0.0	0.0	0.3108595254375405	0.0
Dendrobium_catenatum	1104107363	22	2	2285	5	1.5011387373675211	1.116933945542637	6.12323604669619	3.8898382875928803	0.10274863919618513	0.1213607958276016	0.41911884482081585	0.4262582023133371
Dermatophagoides_pteronyssinus	70778228	15	0	69	0	1.772792046226559	0.9335400746233494	3.530217901770668	2.063521267293793	0.173348255745718	0.1644496321560275	0.3451951866018073	0.37825844229125444
Camarhynchus_parvulus	1051609828	22	1	438	2	1.4998086798623098	0.38516797202600533	4.784383867393269	1.3524149925118207	0.11914423187873029	0.03983704604545859	0.3800726250177365	0.1400189295786678
Cryptococcus_wingfieldii_CBS_7118	19969799	7	1	55	3	0.696584244130576	0.0	3.6004456286289783	1.5441542062889304	0.10016109501359369	0.0	0.5189970623319236	0.3786977379194446
Sodiomyces_alkalinus_F11	43450096	13	1	373	1	1.5390357203358562	0.0	4.493080523933929	0.611394035197259	0.16261644580845863	0.0	0.47556594630920124	0.2076436426508463
Rhinatrema_bivittatum	43450096	49	4	3146	21	1.9535064879179345	1.2800057301757928	6.6335669635902885	2.900597413368299	0.12003772511017752	0.1044355011556215	0.40761502578868125	0.23681441042592968
Metarhizium_brunneum_ARSEF_3297	37066166	4	1	87	1	0.6295423102753348	0.0	3.59646673026906	0.0	0.07758120636113276	0.0	0.44345382237528913	0.0
Aspergillus_campestris_IBT_28561	28257496	7	1	33	1	1.1787729030199152	0.0	1.610095010940744	0.0	0.1633726537848825	0.0	0.22317472116068934	0.0
Purpureocillium_lilacinum	38534601	7	1	144	1	1.121156331852526	0.0	4.2687374253150026	0.3282085832857028	0.14000396268065196	0.0	0.5346990008850154	0.0915883490285404
Dothidotthia_symphoricarpi_CBS_119687	34433519	5	0	83	0	1.1119946226707942	0.5204764175915383	3.2653072313053486	0.0	0.13140549417549405	0.1637720584281464	0.3860383769992643	0.0
Capronia_epimyces_CBS_606.96	28889638	5	2	28	2	0.9468340470973117	1.0051556324220676	2.8015047107332283	1.3786213672464642	0.138720912886156	0.25316920123457115	0.41090852601455974	0.3600810899946583
Bemisia_tabaci	615017152	50	2	1898	14	1.5342640664869769	1.7983956807344494	6.063133160157691	4.930707160542539	0.10842753504580077	0.1742788865925642	0.4284867000596426	0.4793550512495655
Trichophyton_verrucosum_HKI_0517	22540967	1	0	7	0	0.0	0.0	1.2078997449999251	0.6596815156161339	0.0	0.0	0.24894728171463365	0.26547537134741644
Candida_glabrata	12338308	4	0	10	0	0.9484908886790852	nan	1.9470257087781775	nan	0.2123847744912475	NA	0.4359753172362054	NA
Ovis_aries	2869914396	25	2	868	4	1.820505608811342	0.3567475493797355	4.861826523547704	1.5307991921652886	0.11766187085945441	0.03538148425125216	0.31422694447245103	0.15201425249363076
Cucumis_sativus	226640966	18	3	1196	15	1.3924295300347145	1.6397713657556612	6.290488023661698	3.849248521810261	0.11203755007769717	0.1899889193382692	0.5061709914725714	0.44834753752579937
Medicago_truncatula	412924424	25	2	2688	10	1.2188022599670176	1.6863921260311032	7.038202799029708	4.767371394721794	0.0905891309459883	0.19168557765282404	0.5231352429143568	0.55369286569677
Trichosporon_asahii_var._asahii_CBS_2479	24540311	3	1	18	2	0.7461768098236521	0.0	2.844109733559818	1.2904292081979043	0.12612429425623628	0.0	0.48073235218513477	0.2912395765346871
Linepithema_humile	219500750	34	2	766	23	1.577245731633138	1.069811169546475	6.124355162278063	4.518330221534927	0.1381966913559391	0.12175260285509378	0.5366488513163554	0.5178493658035835
Acaromyces_ingoldii	19330111	1	0	8	0	0.0	nan	2.0102532327655895	nan	0.0	NA	0.3896552985333676	NA
Candida_viswanathii	24170369	8	2	36	2	1.0257334854780291	0.3605734534672368	2.07250667964916	0.42758387422954347	0.15730610096987205	0.07186632302656981	0.31849058412009223	0.08665237267922127
Pygoscelis_adeliae	1216600033	29	1	325	1	1.3085908846624157	0.42472165078150276	4.339060916252885	1.088922879641775	0.10505501676209682	0.0512343039935387	0.3483450175243451	0.13172435423849727
Enterocytozoon_bieneusi_H348	3860738	5	4	12	9	1.130373465658462	0.951067035419386	2.346397289784875	1.312876553030224	0.2537685973900608	0.2332454449537549	0.5267656816428298	0.3219778042731274
Aedes_aegypti	1278732104	51	6	3712	33	1.6079509842905175	1.836939428040952	7.131834690503564	4.494607621755676	0.10677991124425426	0.15854401077626143	0.47360831196261394	0.38867116403417945
Kwoniella_shandongensis	21297554	3	1	25	1	0.278354342680939	0.45654211737363226	2.7494655149575826	1.7354648403617747	0.04106257196271143	0.09350002818295905	0.405871663098505	0.3644270167623514
Asparagus_officinalis	1187538024	27	2	2452	17	1.511337562700825	1.454367767313257	6.289395671976789	3.800631203150967	0.10483837635743663	0.1516923928384435	0.4362852899305985	0.40074353556366576
Microtus_ochrogaster	2287340943	26	0	1032	0	2.074357207610114	1.5168197926603093	5.781350646448837	3.3111557150711546	0.13753093213247372	0.15878637296687637	0.38330693737113686	0.3476516986156424
Aphantopus_hyperantus	408137179	55	16	2575	114	1.9504533478260067	2.288163465334043	6.459496685050022	5.385336327782266	0.137693814783112	0.2036137552174348	0.45601660529495813	0.4801320896480325
Salvelinus_sp._IW2-2015	2169553147	63	9	2839	22	2.0657879450159333	1.7425410172296985	6.4733508258583266	3.991524576203965	0.13612174522608106	0.15154558182314412	0.42655194571695254	0.34790531826665055
Coprinopsis_cinerea_okayama7#130	36192590	8	2	111	7	1.0187117108990513	0.9742579370084807	3.746964493501055	1.796048602372804	0.12991949361381577	0.19058299380673904	0.4789526804664014	0.3917254834910137
Heterostelium_album_PN500	32970186	14	3	97	4	1.948998144823797	2.0068883490395675	3.920406402647808	2.6601454343554356	0.2246316898894137	0.34886797178266776	0.4519084788266054	0.47871652763390327
Camelus_ferus	2087093976	28	0	799	0	1.8300052308829833	0.7403994735405373	5.141947038146669	2.1048643398374054	0.12686053162190192	0.10573878650544818	0.3564533587248537	0.3078487470021153
Phalacrocorax_carbo	1138967842	29	2	322	2	1.1905815789292933	0.6130173252706307	4.522024171843563	2.16168588001369	0.09568890459957523	0.07554754674519831	0.3634423897217082	0.267282644021663
Jaminaea_rosea	16615586	1	0	1	0	0.0	nan	0.0	nan	0.0	NA	0.0	NA
Candida_albicans_SC5314	14282666	1	1	12	1	0.0	0.0	2.094402506413704	0.79321352214059	0.0	0.0	0.40161616628887753	0.23098907331529084
Amphimedon_queenslandica	166699561	47	1	1334	3	1.4662958565984376	1.0892420837612327	6.216312790241771	5.099250313709913	0.12049591228139137	0.12187707951313853	0.5108774526632888	0.5793437062811344
Chanos_chanos	656929047	55	2	1235	4	2.3762695528335445	2.399822407550163	6.317416061108618	3.8235842533704565	0.17925629724213393	0.2850660927469132	0.47656343766972603	0.46325428088209847
Atta_colombica	291257934	47	2	1809	3	1.4407881141709544	0.45472349455181726	6.706381570741037	1.7255771320425881	0.111185498447806	0.05457038081608341	0.5175469073899289	0.21149882400153647
Glarea_lozoyensis_ATCC_20868	39509734	3	1	52	1	0.8544477044979784	0.0	2.8325494084622385	0.0	0.11114048119490402	0.0	0.36870235996959216	0.0
Scaptodrosophila_lebanonensis	247077949	43	8	1311	36	2.3177532891727375	2.297820699004189	5.999417642889696	4.4848651804893	0.18426216278958074	0.24316406478307018	0.4769900860461536	0.4779546703563694
Penicillium_digitatum_Pd1	26082141	5	1	74	2	0.738289742052029	0.4772004379597199	3.778096943493098	2.5825121484255664	0.09768328056619195	0.08611762174290821	0.5008916080426667	0.4829736700804758
Mesitornis_unicolor	1087290853	29	1	400	1	1.2539106969581622	0.7204923808202544	4.562402368544335	2.772043204889787	0.09973888824049007	0.08265655765571327	0.36290448733263997	0.3189132497307923
Urocitellus_parryii	2520505282	27	0	875	0	1.917911464657915	0.9626533165203607	5.39247679563374	2.216061353423052	0.1272725291131543	0.10340691410114355	0.3578446761433882	0.23877196820693647
Cyprinus_carpio	1713658011	71	10	3319	50	2.9518097688173284	2.740742041455208	7.246642441187888	5.59791938069988	0.1962452557166291	0.23812765011110576	0.48177935368229585	0.4875105898644944
Callithrix_jacchus	2914958544	28	2	924	4	1.6222602891049835	1.2677112857775785	5.018199757286775	2.247142927097412	0.1067971030828084	0.14538839187183927	0.3303598139450738	0.2592039995940793
Rhodotorula_graminis_WP1	21013998	1	0	27	0	0.0	0.0	2.634372134251209	0.0	0.0	0.0	0.3712530688058673	0.0
Ooceraea_biroi	223893814	41	6	875	46	1.8637953243427807	1.4739932918830223	5.966122782292802	4.382154183294676	0.16217048571694598	0.15403961509138236	0.5191642151015561	0.45974184236712695
Colobus_angolensis_palliatus	2970124662	34	0	995	0	1.8173897603446145	1.0890146769548745	5.307506047104302	1.7878739031956141	0.11916755961272202	0.12023759842168472	0.3480173809295066	0.19837983692318584
Galeopterus_variegatus	3187660572	32	1	1105	6	1.8421247400766605	0.9930629341557063	5.533929546470996	3.3104913875082964	0.12117220126757618	0.10122228807516681	0.3640136416429982	0.33835669209486874
Schistosoma_mansoni	364532842	20	4	938	13	1.6615676260453565	1.5104174748881103	5.398211753223041	3.1102248925467246	0.12224360944819408	0.17711408727768663	0.39715746780685046	0.3673826681601012
Neohortaea_acidophila	20432448	1	0	2	0	0.0	nan	0.6800361980520702	nan	0.0	NA	0.16231318328706834	NA
Saccharomyces_eubayanus	11734173	4	2	29	2	0.3286381330388139	0.0	2.771498852468345	1.1550429963937996	0.05034317579646749	0.0	0.4248443905955737	0.3034266892580463
Cladophialophora_immunda	43029152	6	0	63	0	1.0857443982399853	0.6931378181130678	3.0148584385252075	0.0	0.1445648674985683	0.19823718551386657	0.40177537614340864	0.0
Opisthocomus_hoazin	1203712246	27	1	328	4	1.065062784077228	0.32317564115764474	4.44775133350321	1.599899829237138	0.08459810099079909	0.036530887597366044	0.3532864339739282	0.18114500390779634
Chlorocebus_sabaeus	2789656328	32	0	1048	0	1.7651250172030513	0.5802187750077306	5.223997156348851	1.1060025965695581	0.11533075000012169	0.0662315946378796	0.34132872134637127	0.1272414808183756
Sphaeramia_orbicularis	1342662642	62	9	3060	53	2.2854257419099646	1.9050451151207228	6.904009998700391	4.151486970689627	0.15242513817139242	0.16362956268190812	0.4604598125990927	0.35725279704484353
Thrips_palmi	237845416	20	2	1216	26	0.5291549020071954	0.49596281148316645	5.900195885231273	4.915910320287788	0.04164893238601285	0.05382631250505362	0.4644092572857805	0.5382563935883361
Papilio_machaon	278421261	46	11	836	30	1.9347267537489927	2.145938844486861	5.2861844281247485	4.403310466306013	0.1505323672414672	0.2170074428850043	0.41129703114351784	0.4465782198553989
Osmia_bicornis_bicornis	210591136	41	4	1183	11	1.5696896806246412	1.147197589087179	5.974794232445454	4.82114104490242	0.13070051127622243	0.13175097625027737	0.4975286945291051	0.5622018952379154
Botrytis_cinerea_B05.10	42630066	5	0	56	0	1.1854619151790113	1.0162939016870833	3.060396430010142	1.6690782991416464	0.14538543045061017	0.2264148436126785	0.3754207882215048	0.37771860252137773
Serinus_canaria	1071655231	20	2	567	3	1.6192167533115616	1.845232032094976	5.432104146949129	3.3779211454338878	0.12869062987543858	0.24549303608923245	0.43172863529988875	0.45719697469235393
Aythya_fuligula	1127004725	22	0	331	0	1.225362246507197	1.3590359842344688	4.255939811028134	2.7023195101779454	0.09850647541770148	0.16689158068368234	0.34213547886009865	0.33330202443387774
Cuculus_canorus	1153894225	22	0	268	0	0.7468471572601247	0.41929311347168724	3.715678822363788	1.4655483867948302	0.05890406030839493	0.058415411496124225	0.29305764442973475	0.20538293166743057
Aspergillus_candidus	27317772	5	0	36	0	0.5385249502092258	0.0	2.852560952944959	0.0	0.0759369054132618	0.0	0.40280688173779544	0.0
Zonotrichia_albicollis	1052600561	21	1	430	1	1.551024920316216	1.072993138912498	4.970641359513593	2.7803495532505775	0.12434811457520228	0.15234541764084436	0.39850611559485427	0.4040980154653252
Penaeus_vannamei	1663565311	49	1	975	5	2.220476325556641	2.4885624433364915	5.207832042898486	3.9899690044859613	0.1493771553567059	0.2467736857079207	0.35034447502695687	0.3966197366007098
Leptinotarsa_decemlineata	641992784	64	7	4282	36	2.479524477946364	1.9465848085256343	7.331448403322658	5.577328214660362	0.17237692004386815	0.18365252951082872	0.5096863409012304	0.5308445602427231
Nicotiana_sylvestris	2221987173	24	1	2774	8	1.0826225280280974	1.3145503672256462	6.369352257755985	4.9935995115795855	0.07205238946555059	0.13378931222054455	0.42390423083684176	0.512887269118244
Nosema_ceranae	5690748	7	0	88	0	1.4852789107022688	0.0	3.9542146888653313	0.0	0.19032659331188087	0.0	0.5076099370468932	0.0
Hyphopichia_burtonii_NRRL_Y-1933	12403110	2	1	11	1	0.5115735421744765	0.0	1.8403404182077034	0.6263889753375806	0.10104966698641951	0.0	0.3635172092971752	0.18240865152888489
Thermothielavioides_terrestris_NRRL_8126	36912256	12	1	153	2	1.4600128172369369	0.15378373142870955	3.6796001422278044	0.1600182161685637	0.16877103276062136	0.039514602332324386	0.42576063238538403	0.04337854303970468
Eimeria_mitis	60415144	11	2	596	2	1.257985335131464	0.9423127024506757	4.727516797410315	2.589233945147057	0.10783428412999001	0.15734158844189539	0.4053045836689013	0.4727930571607387
Pangasianodon_hypophthalmus	758990195	62	3	2432	5	2.435254221190024	2.4554223893638984	6.671790559343222	3.918604757469401	0.17188450982332845	0.26719795933999807	0.4709088405316078	0.43250127530753235
Macaca_fascicularis	2946843737	33	1	979	1	1.7927456683955698	1.1680795860247712	5.030027046757019	2.2859508010257783	0.11764411223046073	0.1370730663591535	0.3300820939698782	0.2707472933297792
Tarenaya_hassleriana	249929577	25	2	1076	10	1.5151133035285314	1.1813084073627094	5.732584771208506	4.104979650422073	0.12385403844617172	0.13653747250158807	0.4686516181033169	0.48009018001666487
Condylura_cristata	1769662895	23	0	666	0	1.4040726672469384	0.9895714648883271	4.965146469988924	2.2673626541940397	0.09755883242506541	0.11805825820884884	0.34499229492620326	0.27174247956107755
Tachysurus_fulvidraco	713810725	62	5	1801	12	2.882770842637061	2.648047985113836	6.540845131823087	4.900163482409719	0.20846394891219927	0.25944123118748735	0.47299599637554346	0.48183453147886696
Gossypium_arboreum	1694597732	15	1	2125	11	0.9730429138888111	1.0663742822842763	6.063607113661338	2.8564346505654292	0.06633060413210111	0.10690450557733344	0.4133467234922701	0.2873464188215667
Perkinsus_marinus_ATCC_50983	86605074	28	6	908	40	1.5044671362618707	1.578637883019182	5.846830031155742	4.533104417100174	0.13459283320995075	0.1882736772838825	0.5232002575243114	0.5504085189995187
Sapajus_apella	2729201088	32	1	952	1	1.703015159158884	0.8446278177476411	5.0871909298033255	1.7650590577849474	0.11190651003419634	0.0879881383955861	0.33428365530120574	0.1842819713644794
Poecilia_formosa	748923461	55	2	1947	5	2.2529864336950474	2.045121901591877	6.6901216505368	4.3721055664568205	0.1631258648379381	0.2251124432161581	0.4843959192749084	0.4889581569661524
Biomphalaria_glabrata	916388084	43	2	2382	9	1.713485860576764	1.7357709429253894	6.555307809513667	5.243236988759812	0.1159792219597909	0.15568673886039908	0.4437042045191329	0.4713186215251608
Cajanus_cajan	592816859	20	1	2594	19	1.1519065300706923	1.1104770162795647	6.857684695218561	4.642104807509794	0.08330579353703449	0.1203072833233589	0.495951494137895	0.5095200054604546
Pterocles_gutturalis	1069324295	24	0	308	0	1.2093955051701997	0.5823861103838059	4.450271778937969	2.6516256798599542	0.09840660809684164	0.07857811339051445	0.3621124207932488	0.3596523667140805
Ciona_intestinalis	115227301	19	2	602	2	0.6029507142002247	0.43787140747851694	4.782704323061441	3.6857717145281077	0.04923229738026521	0.05692472122382233	0.3905235849130784	0.49384864330571987
Verticillium_dahliae_VdLs.17	33900324	8	2	67	2	1.6637785513523582	1.113057978501922	3.2971481608962723	1.486647217189129	0.21812767860480484	0.21088173530966678	0.4326009486679136	0.2875257362010574
Corvus_brachyrhynchos	1091312783	26	2	512	3	1.495708091230759	1.3962432550934125	5.1070641468401945	2.420113316396232	0.11888435314276238	0.18038783612636236	0.40593136459250534	0.316983648804029
Etheostoma_spectabile	854790067	73	3	3148	18	2.4877086103443182	2.6147800364912928	7.125042797221025	4.629889131291957	0.17446445433992516	0.23877740521661048	0.4996866187988685	0.42446428056802216
Ursus_maritimus	2301379344	37	0	772	0	1.6011708954518757	0.5393666565956159	5.01889341528015	0.6510756174515281	0.10721223179086813	0.05474730314321156	0.3360586202462549	0.0661596749260973
Aspergillus_saccharolyticus_JOP_1030-1	31096189	9	1	83	1	1.3942017717033097	0.5598108885727953	3.301696734223647	1.086738028463903	0.1792155911883533	0.15074728011663763	0.42491658829781237	0.3627620659087302
Jatropha_curcas	318363250	25	2	1517	7	1.3540630974623287	1.1493415392875883	6.295236619656491	3.6969007572757286	0.10608512617287057	0.14331046085454097	0.49322412485024025	0.47318616722393386
Seriola_dumerili	677686174	61	4	2039	10	1.8695653167066526	2.337612502724081	6.579867764101375	3.74401041181595	0.13714496944047674	0.26267311727287174	0.48267916027459895	0.43041952971795144
Pantherophis_guttatus	1706961544	50	4	2074	19	2.238473865830746	2.3359583727447832	6.350747078861358	4.436499103041541	0.14893179050346808	0.21886864905310038	0.4225335710120557	0.41669304650513783
Salmo_salar	2966890203	61	12	1488	49	2.323694008682317	1.6022952107398862	5.700151149101792	3.286671328293409	0.15134682292575188	0.1292138635449879	0.3712624513928051	0.2651290004461525
Nanorana_parkeri	2053867363	41	5	3576	20	1.1376846397166198	1.0924290440490285	7.159204509009975	4.838709571978657	0.07304195779431004	0.09567411366313251	0.45963767071570977	0.4246933027302552
Wasmannia_auropunctata	324120201	51	3	1946	69	1.3501229337942706	0.6765483684260812	6.886617002924197	5.025451396416851	0.10621086991306766	0.0642511526702354	0.541767974697491	0.47892887554855246
Malassezia_restricta	7369627	1	0	1	0	0.0	0.0	0.0	0.0	0.0	0.0	0.0	0.0
Cucurbita_pepo_subsp._pepo	261354759	19	2	1342	5	1.122773221887641	1.037161972630293	6.056794526415487	3.2345114427474515	0.08827435345695668	0.12367860561972671	0.47620912092178946	0.39394010700117277
Plasmodium_gonderi	33006272	5	0	84	0	0.43971956762989056	0.0	3.9970567976708877	0.0	0.04947840775170478	0.0	0.4498503896554501	0.0
Phascolarctos_cinereus	3192581492	36	1	1188	1	2.02103840672297	0.929243574953827	5.587091438243162	1.7936063331796988	0.1260943678360679	0.1100789876201435	0.34858364103409223	0.21643549135342127
Grosmannia_clavigera_kw1407	29794006	8	2	81	5	0.8989935018972866	0.7605010805982546	2.5699916618449485	1.5082246737404286	0.11125830289256647	0.14422551569592754	0.3185501927023687	0.2990476984937809
Scleropages_formosus	784563014	55	4	1086	10	2.5656784101664045	1.4858125832137636	5.63915836306783	1.9812559611408578	0.18292376927484935	0.16877378581057442	0.4020530788052146	0.22684204838820532
Amyelois_transitella	406468287	53	15	1560	88	2.026157772299861	2.3930559560399653	5.958856363756579	5.046729491558494	0.14552086253562999	0.22368303809103435	0.4279740508229655	0.4725978080411766
Myotis_davidii	2059799708	35	3	1168	6	2.0442611715958665	1.1780694335713426	5.601876721960279	3.7039104028850276	0.13562464194147628	0.11793044454543487	0.37165167961727524	0.37159019325646575
Dichomitus_squalens_LYAD-421_SS1	42748430	10	3	319	19	1.189249889229356	1.1006353673468439	4.80101074206531	3.2932924916441277	0.13254440619063662	0.15874343210593986	0.5360222604938213	0.48405819749477663
Aaosphaeria_arxii_CBS_175.79	38901049	5	0	22	0	0.7316891011868603	0.0	2.7672506746782566	0.0	0.1105481124137091	0.0	0.4184318623115323	0.0
Dendroctonus_ponderosae	252847629	45	1	1256	8	1.1930853637296717	0.8368084930966875	6.282006388311699	4.936788444705342	0.0970167811503899	0.09366083133776218	0.5108486502029107	0.5610779657573784
Babesia_microti_strain_RI	6466728	1	1	1	1	0.0	0.0	0.0	0.0	0.0	0.0	0.0	0.0
Takifugu_rubripes	384126662	46	12	820	29	2.7768516394939144	2.8507780695320766	5.743573149747128	4.4202698677327215	0.23049958549496571	0.3127629526776423	0.47677488054405914	0.4868870087623977
Trypanosoma_conorhini	21334213	4	0	49	0	0.7839768310127722	0.0	3.4605448780567585	0.0	0.10166269229226553	0.0	0.449377770886489	0.0
Fopius_arisanus	153631861	32	2	1055	3	1.425608942477039	0.9030143421416473	6.3277760950429975	3.356936944176874	0.12290002264629307	0.11656061876106392	0.5455845855697121	0.4436082462596626
Equus_caballus	2506966135	28	0	910	0	1.6397186819735114	1.2894862262446545	5.355273875068315	1.615323071912272	0.1104279358866952	0.1772616468059744	0.36065471837908025	0.22688282856593436
Eurypyga_helias	1088019637	24	0	305	0	1.0523012446847504	0.20724024650263007	4.1595740897086415	1.819241109192357	0.08443793549794748	0.02838723624826144	0.3337692989149438	0.2502526848186892
Kalmanozyma_brasiliensis_GHG001	17325407	1	0	1	0	0.0	0.0	0.0	0.0	0.0	0.0	0.0	0.0
Xenopus_tropicalis	1451301209	47	11	1326	38	2.8933905422913337	1.4679702056364088	6.4728723143850075	3.629872178461228	0.19259602671511528	0.12540785154971426	0.43086156563195904	0.31038771975982105
Anabas_testudineus	555658001	50	4	1157	4	2.3184062171100073	2.3463271703287623	6.18651465230778	3.3827726672246983	0.18042026506955602	0.2736576202259896	0.4814436564014717	0.3995961439198213
Wickerhamiella_sorbophila	8152740	3	1	6	1	0.9580161931650828	0.12728427826567096	1.045932885232698	0.07267699323501978	0.22121338763881096	0.044037338075264845	0.24151403539511046	0.02565178982637805
Pseudopodoces_humilis	1042997632	23	1	367	1	1.471627253155051	0.6850106473828146	4.812223464491341	2.0253502369843623	0.11923100648599905	0.09624713619386928	0.38989040401032754	0.2882475392011077
Necator_americanus	244075060	22	1	721	1	1.6543754359661385	1.6069217867867567	5.243928694932286	3.2215330893216954	0.13245453423349865	0.2091669975128448	0.41985679223135564	0.4259776373251351
Manacus_vitellinus	1072328541	28	0	383	0	1.1915747867327673	1.0795765936095325	4.527660233853659	2.1403043605336647	0.09524683751425926	0.1662484627896196	0.36191518193364164	0.3458650629584803
Neolamprologus_brichardi	847910432	54	6	2135	18	2.44224630211507	2.3291237979252855	6.79165079768591	5.183561158444403	0.178192927311283	0.22704561339053367	0.4955402454139127	0.5073547683928131
Neofusicoccum_parvum_UCRNP2	42592847	7	1	119	1	1.3313943342108332	0.2017077642841501	4.003597316989593	1.1427601911538487	0.1623322965395325	0.04429363574939689	0.4887358859766711	0.29363128398005117
Nicotiana_attenuata	2365682703	26	4	2541	15	1.1737097729267225	1.2055457736468518	6.17332511564607	4.673128009520681	0.07915222705357944	0.12291494562973106	0.4163166699621622	0.48035545111584427
Citrus_clementina	301364702	27	1	1693	3	1.6208697022175094	1.553702223660698	6.16247572067691	3.9626233003955966	0.12811613389213578	0.19510391345711214	0.48711228867416634	0.5120668582377007
Camelina_sativa	641356059	32	4	2046	11	1.6458450111255998	1.8302444023295508	6.639911436361761	4.373542450512666	0.1243822137148072	0.20979310120784114	0.5018107797557267	0.515088931532522
Archocentrus_centrarchus	932930362	67	12	2327	29	2.737343689896262	2.6658743696624168	6.641416461171832	4.259181776255781	0.19389717694432768	0.24678286426851814	0.47044139850779215	0.39518675881037274
Mus_pahari	2475012951	29	1	999	2	1.869926151708564	1.8474710434663617	5.733148314687173	3.6153207113327706	0.1237066960048092	0.20457321996936548	0.37928204977831964	0.4027305971317523
Colletotrichum_fioriniae_PJ7	49002765	6	1	32	1	0.773585978516137	0.5336823610450883	3.195241189322277	1.5329590178576114	0.10964587902666935	0.12519878959700628	0.45288440927727247	0.37143423858752367
Egretta_garzetta	1206484573	29	0	334	0	1.1626675273328062	1.1086162194863152	4.428595805506419	2.703232896328815	0.09298642988980345	0.14158521627262938	0.35418629446817906	0.34727814755365044
Drosophila_elegans	171267669	21	2	997	2	1.914478744538595	1.9931785444300625	5.993223848520216	4.279136597976309	0.16545199414588574	0.24928306501321776	0.5180063793362445	0.5529991829150748
Trichoplax_adhaerens	105631681	3	1	207	1	0.28970505669738694	0.008282038501416619	4.458035219550111	2.7981370011091196	0.027909007079793498	0.001158467764544692	0.4295345348448372	0.397235084207473
Clavispora_lusitaniae_ATCC_42720	12114892	4	1	15	2	1.0924859633970887	0.0	2.029111511698447	0.0	0.2127197896856241	0.0	0.3964661908687	0.0
Lepidothrix_coronata	1079577334	26	0	357	0	1.2689828404611723	1.2385716351560692	4.538593510452989	2.219641252352907	0.10199479878817418	0.21012673717447813	0.3647941281023277	0.40408090738614705
Paracoccidioides_lutzii_Pb01	32925248	8	2	132	4	1.4298390647475414	0.7083953597908383	3.335559149772351	1.093418250561902	0.16070039190975915	0.1439833549093693	0.37504698918507734	0.23399492883154432
Wickerhamomyces_anomalus_NRRL_Y-366-8	14145566	3	1	24	1	0.2250510361300585	0.0	2.792695011454512	1.3316921823900814	0.036143854615058785	0.0	0.45039769042607414	0.2657731214161881
Heterocephalus_glaber	2618204639	27	1	886	2	1.6352857338810403	1.0244051555793334	5.373620335091803	2.9594080934619016	0.10750390911586408	0.1196592595989406	0.3532627586082386	0.3479974748923534
Phialemoniopsis_curvata	40366568	3	1	37	2	0.8262219304383955	0.0	2.3874448488409388	1.8754864631878454	0.11226653489765612	0.0	0.32462975599736527	0.39382989551965936
Callorhinus_ursinus	2706868872	27	0	727	0	1.5187251671960527	1.0564403265108002	4.837368586719942	2.300414661637989	0.10100795046744199	0.11587703605323509	0.3217257311133394	0.2527875245206199
Gavia_stellata	1129677294	26	0	312	0	1.234379135240806	0.4808135977648642	4.4025636577054925	1.4004067128289468	0.09994293439181469	0.05998677025000344	0.3564592829278544	0.17534662829401554
Scedosporium_apiospermum	43437139	4	0	65	0	0.7245628054882675	0.0	2.8585378528953513	0.0	0.09340184192438485	0.0	0.36858968020330246	0.0
Aspergillus_japonicus_CBS_114.51	36099954	7	0	34	0	0.6329824504808221	0.6906094033898649	0.8748706901445755	0.0	0.0913072063982353	0.2234228140864065	0.12625277044363983	0.0
Helicoverpa_armigera	337072206	42	4	1122	60	1.8651387504987322	1.7117655238216416	5.9033873027969	5.3416905719870265	0.14550587692649888	0.1701487547474727	0.4605493537886259	0.5326094250839779
Bos_taurus	2715853792	27	1	795	2	1.795568330609844	0.9237793688566651	4.841283278845157	2.028407648269659	0.11666048824550712	0.09322702292619042	0.3145448645764418	0.2049764525876584
Camelus_bactrianus	1992663268	31	0	799	0	1.7600043392376776	0.691674451876153	5.296265642396792	1.5150059732796926	0.12204386627599663	0.09088593290435834	0.3672588815016729	0.20154457410364704
Sturnus_vulgaris	1036755994	22	1	379	1	1.3969620984832578	1.2586285997871596	4.792310179167483	1.6602166748169225	0.1136977088128836	0.22079485281853486	0.39004637787272683	0.3160948677864954
Chaetura_pelagica	1119188094	24	2	322	3	0.8180696132032435	0.49269807385285036	4.241975839915327	1.8449521932919668	0.06516319671934821	0.05882358025956421	0.33789576864546766	0.2209847905819831
Pistacia_vera	671280010	26	1	2247	6	1.5272487120690443	1.32452364305218	6.253652824394862	4.0249035954078	0.1123433097612341	0.15538811325605614	0.46002928963244066	0.48590924505692173
Metarhizium_acridum_CQMa_102	39422329	7	1	197	2	0.6210475047797708	0.5466056541740928	4.705246804144842	1.9165944786330702	0.06992222922229338	0.10326358905705807	0.5302267176937235	0.41015721879180994
Coniosporium_apollinis_CBS_100218	28645321	3	0	105	0	0.7743564856379546	0.0	3.536710014606178	nan	0.09467711492494651	0.0	0.4328500319227346	NA
Prunus_avium	272361615	26	1	2248	9	1.1985020089028025	1.0717609583034846	6.722518087879129	5.0051164488169775	0.09415764338537808	0.12117060995997583	0.5281671181689919	0.5805839062288874
Saitoella_complicata_NRRL_Y-17804	14136186	5	2	31	2	1.0993964118616788	0.0	2.9196472478506292	0.6477484808661442	0.16969896975979293	0.0	0.4519644630149505	0.2606731648939033
Ochotona_princeps	2229840584	23	1	680	2	1.6291798004202738	0.6397579120453093	4.647090828606672	2.7565046761109144	0.1088083359762125	0.07019214838429753	0.3103662153529497	0.3031563818597893
Schizosaccharomyces_octosporus_yFS286	11634473	4	1	15	2	0.413673681371957	0.0	1.9772514997561925	0.0	0.09736945855032003	0.0	0.4654004269997534	0.0
Pteropus_vampyrus	2198284804	32	2	821	2	1.8193755419636273	1.6531820116688158	5.344676341299685	2.3224366935933047	0.12627298649266414	0.2284101512690156	0.37094511876547404	0.3290550124397161
Microsporum_canis_CBS_113480	23263091	5	1	21	1	1.016040532384375	0.0	2.0247276102318583	0.0	0.15826189019710205	0.0	0.315378381586387	0.0
Diuraphis_noxia	395073589	42	1	1443	3	1.4610029891239746	0.9922624877280307	6.482923415388523	5.312673532470358	0.11664742853799868	0.11520456053741472	0.517605627517032	0.6329040777226036
Plasmodium_knowlesi_strain_H	23462187	7	1	62	2	0.4063393388751303	0.0	3.1026528694310787	0.7955252903988648	0.04609441677783794	0.0	0.3520603642668838	0.17767823225324542
Aureobasidium_subglaciale_EXF-2481	25796716	6	0	16	0	1.0219619140386351	0.0	2.1911965359335532	nan	0.16498143881674246	0.0	0.35444297013017245	NA
Corvus_moneduloides	1112734094	25	2	475	2	1.5855013837350231	1.6096115623103935	4.953670664177905	2.944451875262429	0.12644369193811572	0.2135038845718093	0.395060632406369	0.3944601776260912
Vombatus_ursinus	3486597218	31	2	1250	2	1.92814407651127	0.9159867195996663	5.643779267345137	1.4270095646021022	0.1194550859334017	0.11198977188162887	0.3496514023179542	0.1794549129230058
Aspergillus_flavus_NRRL3357	36892344	6	0	27	0	1.2639008827170102	nan	2.7370368919197694	nan	0.20166913008889947	NA	0.43672399992956845	NA
Bactrocera_latifrons	462505359	51	2	2101	11	2.543569725907747	2.3538919735857298	6.54104497583558	4.902332022186512	0.18758689172536352	0.24854257475642863	0.48240496468673805	0.5247783396202745
Cordyceps_militaris_CM01	32268578	4	0	55	0	1.040893329800114	0.0	2.6329605521297696	0.69100109731271	0.13195349787748556	0.0	0.334194215139618	0.2780792982189744
Thermothelomyces_thermophilus_ATCC_42464	38744216	9	0	77	0	0.7642387535497409	0.0	2.889866494699591	0.5545027455177373	0.08889290608697643	0.0	0.3362233493411635	0.1999945902794386
Drosophila_bipectinata	167263958	30	6	974	10	2.377523113389768	2.5131113927412794	5.864457079732633	4.701741771463507	0.2025403818885446	0.28708657351283867	0.4996342563369183	0.5448370930077225
Ipomoea_triloba	461989178	32	3	2986	13	1.434171501006872	1.712364697361661	6.940484652141549	4.509219896855096	0.10498623990791241	0.17614336662792712	0.508080152092618	0.4690099329037675
Pelodiscus_sinensis	2202483752	53	3	2433	11	1.801150195508166	1.1810537436787913	6.620973465666677	2.2816855613942213	0.11743479069287777	0.10971124742769023	0.4316868869586717	0.21238758865127275
Delphinapterus_leucas	2362774659	26	0	851	0	1.506829899865838	1.2452983390781558	5.0825602826585925	3.061241101297993	0.10146614822747732	0.1456778223981967	0.34224713892440256	0.3603602107699284
Cryptococcus_neoformans_var._neoformans_B-3501A	19699782	8	2	32	2	1.6416235712025462	1.6561292662676126	3.209274857947838	2.0463716210073235	0.2352812636932972	0.32173502540459964	0.4599606495440183	0.4171777756472138
Ostrinia_furnacalis	437294469	61	24	2521	221	1.9236748053338353	1.6842398052415368	6.8621733577350135	6.210916122369865	0.13989232202093838	0.1440921045497131	0.49902982337070184	0.531824852096903
Ictidomys_tridecemlineatus	2478393770	22	0	805	0	1.8156490296817682	1.224713655251959	5.275671166037037	2.7201336693684945	0.12006241416553777	0.14057348507325032	0.34886149959851115	0.3136633582276156
Rattus_rattus	2382787281	27	1	946	1	1.8184708472695579	0.563066573174057	5.401102975955368	1.3819809495387159	0.12041373804124632	0.06087621629633922	0.3576451857350452	0.14996708585449398
Eucalyptus_grandis	691269672	29	1	2358	1	1.4730575327538538	1.9474060599903753	6.642074351264521	3.8620186577203346	0.10793353548287304	0.2509392865995797	0.48668499172141766	0.5241817886501627
Vicugna_pacos	2119617549	34	0	882	0	1.842865065726323	0.7275595342819215	5.460583815273518	1.822231347778564	0.1270080436963216	0.08567920258525408	0.3763371922846037	0.21607932513413852
Phytophthora_sojae	82597641	35	11	874	46	2.096337287987625	2.1232491318979174	5.696364546399877	3.8318123735687744	0.20146953709202728	0.25655064747213707	0.5479034141856373	0.46952215969906813
Drosophila_rhopaloa	197375704	27	8	1164	24	2.094420656431357	2.0156410453877447	6.000611777513303	4.403924088456684	0.17524754325474418	0.21127826742767306	0.5021473562874708	0.46446367483952045
Plasmodium_gallinaceum	25034007	2	0	56	0	0.6903825029870363	0.0	2.962390299907219	0.0	0.07646026338269463	0.0	0.3281300262216264	0.0
Naumovozyma_dairenensis_CBS_421	13527580	7	2	57	5	0.7272951577495623	0.3846112847693195	3.619552711373684	1.7522340874506261	0.10143417461065818	0.08120675029985225	0.5062926400884911	0.3838957971537071
Ipomoea_nil	735230855	29	4	2801	21	1.884027218381952	1.9751786094935662	6.553834705596447	4.9960039293030185	0.13368140540618317	0.203030563268256	0.4650343738178175	0.5186030506747574
Paraphaeosphaeria_sporulosa	38464024	6	1	88	1	1.4455821061143224	0.43816585669153746	3.83241739094085	0.0	0.18814345388085243	0.12324133927635207	0.4996353697650131	0.0
Hylobates_moloch	2848329432	35	0	979	0	1.7528620510835196	0.7632037926223726	5.098382483666596	1.0189871337576468	0.1150542061794984	0.08081574680882636	0.3346473859105115	0.10824618647369966
Strongyloides_ratti	43150242	8	3	89	3	0.6736208225844202	0.0	2.9159559622570237	1.0607066792101942	0.08007169249838231	0.0	0.3467410096804201	0.2612292984916081
Pecten_maximus	918306378	55	2	2187	45	1.2844954383453648	1.4894560444888667	6.7453973862051875	5.64081132694843	0.09182774489846292	0.1383916475409515	0.4822258491491795	0.5254564227459853
Plasmodium_yoelii_yoelii	23125449	9	2	36	2	1.3181018686191819	0.0	2.805727067359957	0.0	0.16057251265376893	0.0	0.34179653011086125	0.0
Apiotrichum_porosum	25479456	7	3	33	5	1.643553942650594	0.8412143833752881	2.93558357111194	1.6691151160179651	0.2564635341801861	0.17664503541721507	0.4586664827465068	0.3757024847672968
Lottia_gigantea	359505668	50	4	1319	21	1.2757322204243882	2.079119226356603	6.090667524858837	4.246837522518219	0.096960401943871	0.2194123433887656	0.46291668678174935	0.4520120310592484
Talaromyces_stipitatus_ATCC_10500	35685443	14	3	286	13	1.8479279934388604	1.5739487618890258	4.4859990717971705	2.901561090714406	0.20298272861222633	0.23476304991854163	0.49327829836766834	0.444283487780609
Babesia_bovis	8179706	2	0	22	0	0.5387116381178856	0.0	2.7234337432648794	0.6618183213709402	0.0767472390318147	0.0	0.38799239833003357	0.2209203830440399
Phaethon_lepturus	1152958507	20	1	307	1	1.1233917776361086	0.9824905886836366	4.1349778325326625	3.0877169435878242	0.08988368720381205	0.12061685620943252	0.33084366602374554	0.38049861389971795
Esox_lucius	918748614	63	14	2706	34	2.163101212434486	1.8857154907689109	6.667178972035597	3.27950492259336	0.1520710632876055	0.17995611940394532	0.4687206277172114	0.3143192662597151
Candida_duobushaemulonis	12580400	3	1	19	1	0.8840956867970804	0.0	2.1794469199921456	nan	0.15650552640595186	0.0	0.38581286231915546	NA
Temnothorax_curvispinosus	303539295	56	2	1915	40	1.8780716791831709	1.645945776297268	6.9083265162289855	5.380716214170536	0.15016085462569953	0.17099861691253884	0.5523756399512113	0.5638633266731795
Gymnodraco_acuticeps	996888495	70	29	2872	195	2.6335368521488056	2.6009756786346894	6.932023402495508	5.613869014085797	0.182775390644844	0.2064405454567215	0.48110653500988343	0.44572149078776985
Betta_splendens	441388503	48	6	1011	12	2.6560639425063695	2.5515974501649974	5.801171816425322	3.8922124454140308	0.2134354122498244	0.27291798912844956	0.4661781677473792	0.4185545932358156
Tribolium_castaneum	165928604	30	4	880	10	1.0179865143697604	2.4665772873703053	5.828804911678748	4.225968941534476	0.08379209013268797	0.3012073840864508	0.47979431052347854	0.5270624209119167
Pocillopora_damicornis	234333463	44	1	1100	1	1.2115156650349048	0.7922850422943665	6.077991969129826	3.408312833118951	0.0979138938057958	0.10693352029500125	0.491230203831165	0.4847648874546266
Desmodus_rotundus	2063808397	32	0	853	0	1.671365459342031	0.45697665736717125	5.24407227644985	2.4487473545306595	0.1149257405400231	0.05633599728138748	0.3605912802763426	0.3046759134433524
Papilio_polytes	227021014	30	2	627	9	1.5273964357146947	1.5543369831637834	4.8773201655767435	3.8425390021609536	0.11970732687366137	0.18334140506028754	0.38225645253571394	0.45811223739855533
Aureobasidium_pullulans_EXF-150	29621078	11	1	57	1	1.492257697736521	0.0	3.4761529997354605	nan	0.19590458603367802	0.0	0.45641065903462186	NA
Papio_anubis	2869821163	25	0	931	0	1.712263209370189	1.320827379218379	5.049962591916431	2.206306978676686	0.11225952702637468	0.16373550813139187	0.33108613397840403	0.27745618288847557
Anarrhichthys_ocellatus	612790998	62	7	1989	21	2.1818143693040106	2.0958778333896277	6.772027430895347	3.7269368479090894	0.16135764529196553	0.21775287430734255	0.5008345649316548	0.39040883646137486
Cladophialophora_psammophila_CBS_110553	39420127	5	1	69	3	0.7044647523845807	0.4328955551567847	3.035109200875897	2.076109711601412	0.08679823468826472	0.0808155666611178	0.37416769748016926	0.39410888617596385
Solanum_lycopersicum	828349174	20	2	2129	3	1.2348010410518726	1.3336974548013305	6.158827870607172	4.113183327526437	0.0893947317024121	0.1625642546599889	0.4458787631832218	0.5132705990054773
Aureobasidium_namibiae_CBS_147.97	25428601	6	1	26	1	0.7135996454411143	nan	2.5099596372490613	nan	0.09990436634729033	NA	0.35159075484502156	NA
Asterias_rubens	417601740	57	4	2739	45	1.0405698967057433	1.7540622850620033	6.69358586994981	5.581644105858647	0.07481147441639552	0.17077569762165173	0.4812373123380375	0.5472862372922019
Amorphotheca_resinae_ATCC_22711	28632918	6	1	58	2	1.2812504636400912	0.0	2.677268572537723	0.6515147178977484	0.16319826933384987	0.0	0.3412696290216419	0.1879874105154507
Chaetomium_globosum_CBS_148.51	34886939	14	7	123	18	2.0294751781900566	1.5718254996054883	4.086215583549878	2.3591280134994124	0.25465981624719664	0.2538329276228761	0.5141395121721298	0.390260701346566
Zymoseptoria_tritici_IPO323	39686251	14	1	223	1	1.7420539683105472	0.7023366484921381	4.248512713748903	0.7990664035340891	0.19759889494388644	0.13739012641850085	0.48256482243529186	0.17629318556407275
Aspergillus_brunneoviolaceus_CBS_621.78	37477200	7	0	30	0	0.2506667882855795	0.0	1.6564564369382244	nan	0.03334916684331458	0.0	0.22044188192602304	NA
Boleophthalmus_pectinirostris	955752150	59	6	2453	8	2.0801157383406355	2.1263629864925435	6.42582765986203	4.04747210010929	0.14046963302838653	0.2051206053285656	0.4339351885138268	0.39333615171515696
Plasmodium_gaboni	20385537	3	0	7	0	0.9519612135994594	nan	1.3065743010567836	nan	0.13192412851342572	NA	0.18106691064986932	NA
Auxenochlorella_protothecoides	22924637	3	1	23	1	0.1978346447253453	0.0	2.8357581509708725	nan	0.031228563619413844	0.0	0.44788080588154394	NA
Ramularia_collo-cygni	32254922	8	0	91	0	1.433359876210681	1.1094028374031477	3.6872763746564114	2.1794769221675314	0.177377223622835	0.21576729500320696	0.45712639348404477	0.4449873844770046
Arachis_hypogaea	2557073284	20	4	1934	11	1.1451566191640776	1.2236662122644624	5.919072644579515	3.149061838948502	0.07685556172028	0.13072201691514573	0.39725104564796704	0.3395350785300815
Mastacembelus_armatus	591951587	62	5	1480	17	2.627387788243684	1.9850315134686864	6.146646911676306	3.185965017317202	0.2020267785959102	0.20170543204945593	0.4726376182168624	0.3250080144803258
Parasteatoda_tepidariorum	1445396121	58	5	2743	16	1.3325545375258279	1.7286335862710396	6.839511573224073	5.5597106100639575	0.09067716462946633	0.16534106826947773	0.4654137315233742	0.5341295091208933
Branchiostoma_floridae	521895125	52	4	2502	20	1.1891532604620443	1.0542306385680216	6.9823936451847946	5.2026451156001645	0.08680958833569301	0.10606031763282864	0.5097272256804635	0.5279963987531191
Chlamydotis_macqueenii	1086566339	25	0	297	0	1.1127278932910913	0.7905149637850732	4.221681926977504	1.9494155146384289	0.09034777502381897	0.11057496325072376	0.3427819500866647	0.2745964384529186
Yarrowia_lipolytica_CLIB122	20550897	8	6	49	9	1.5629791792699756	1.1279088353291213	3.1547126425313508	1.3819486540023305	0.22723247965551163	0.20595569104651773	0.4589898798611713	0.2566533422145068
Trypanosoma_cruzi	89937456	13	2	209	6	1.0031620178749778	1.7509441344022099	3.2803340762384994	2.8787583767767013	0.09149382291825563	0.2220932771671951	0.29919845318443145	0.3666069033435406
Xylona_heveae_TC161	24337763	3	0	10	0	0.9927988749144973	nan	1.4554865726954673	nan	0.18033407587438974	NA	0.26496819445921366	NA
Lagenorhynchus_obliquidens	2334467171	27	1	840	1	1.511272123021189	0.950095671473966	5.052323897601667	2.017462237631043	0.10195563268044255	0.10884872466686044	0.34084760832266936	0.23223643558680912
Melampsora_larici-populina_98AG31	101129028	27	2	1494	8	2.047346869511182	0.8451757503039884	6.380750011464729	3.175344763926967	0.18041865505974125	0.1122100185495933	0.5624927513886024	0.4319139286273752
Aptenodytes_forsteri	1254347440	29	0	342	0	1.315546742233708	0.4920606989370777	4.507056389455606	1.6498307457538153	0.10496874612321337	0.05601875813161734	0.35962342059369445	0.18802299452417492
Brassica_rapa	352983092	20	4	728	11	1.8422575056436683	1.6139121552179212	5.286034587655168	3.339955216964548	0.15248023941525166	0.20099136868306716	0.4375347662882292	0.4200749827198234
Struthio_camelus_australis	1225041896	28	0	275	0	1.1256021355166423	0.13574082934014145	4.334013594478766	0.2325156138141739	0.09184960614550142	0.018455580405850294	0.3536580133975216	0.031663096565371356
Erythranthe_guttata	322166964	27	3	1465	9	1.7499913855894282	1.7865501419833032	6.026008594437717	4.143293388254204	0.13441161757941103	0.20307014643015958	0.4628508541707035	0.47828290030685777
Drosophila_virilis	189443829	22	5	714	10	1.9994089227820995	1.9074578200695935	5.2617431185325065	3.365343875095445	0.16676279328186114	0.22647322789095234	0.43890212497481346	0.4029346939582461
Histoplasma_capsulatum_NAm1	33030326	16	1	217	1	2.1874505935499275	1.6485411762135542	4.27286936667339	2.5741556147796767	0.2425690445308906	0.23497844230323595	0.4742976083349531	0.37174002926843747
Cricetulus_griseus	2399770464	29	1	1024	1	1.9766778994221812	1.7050682424447892	5.539791663437484	3.499575495141686	0.13049964669841768	0.19140534800555964	0.36573534874644165	0.3959509440204396
Aspergillus_nomiae_NRRL_13137	36137300	5	0	27	0	0.4343845963947327	0.0	3.03035722184851	nan	0.06773015923167115	0.0	0.47249966704190666	NA
Balearica_regulorum_gibbericeps	1127605500	24	2	335	2	1.2713517262302565	0.9877260224600312	4.566497258540746	2.6167794448113084	0.10258002888289616	0.13006010508476154	0.36845332467879166	0.3470243712493165
Ornithorhynchus_anatinus	1858552590	25	0	809	0	1.1458342736622498	0.11439900795054486	4.697170872844839	1.0515773688375951	0.07295967481065883	0.011529075052606044	0.29908698548899254	0.10615790451978982
Aspergillus_glaucus_CBS_516.65	27993362	9	2	103	5	1.3931782222536522	1.2390776943691406	3.926356746652246	2.3225606086627053	0.17501527414691534	0.24536891598301605	0.4942458197688621	0.4868401060828541
Mustela_erminea	2445217270	29	1	740	2	1.3146870749043114	0.4365752357294256	4.834383158321503	0.9033060830482276	0.08742624010195853	0.04371173094878875	0.32148493095481684	0.09052269260133256
Pseudochaenichthys_georgianus	1026101545	71	25	2937	152	2.6960103344973394	2.6039962192362305	7.009018305525085	5.732287143914257	0.18666067635537276	0.208006232174478	0.4852786727272686	0.45806864572454203
Citrus_sinensis	327829540	28	1	2077	6	1.5820097886953055	1.3783078566502307	6.751635067587104	4.715202218074975	0.12262692845955345	0.15229829786513077	0.5233620144021559	0.5289367438285235
Opisthorchis_viverrini	620452578	33	2	929	5	1.9732826158553571	1.7036655378680254	5.536607595528981	3.599543340074765	0.1455662874026025	0.2080369602487759	0.40842964196443204	0.4441964437092109
Endocarpon_pusillum_Z07020	37130611	15	1	350	2	1.8419444400534595	0.8936957848521219	4.658486250363524	2.135280738648886	0.18950425721181388	0.15005375892801218	0.47961688178661144	0.38217034343702594
Vavraia_culicis_subsp._floridensis	6118689	2	0	13	0	0.6701094254858044	nan	2.30105504185029	nan	0.10429931302762575	NA	0.3582386065667397	NA
Monoraphidium_neglectum	69711829	13	0	83	0	2.110234535996064	0.8474791404550657	3.379943127347034	1.3218983326116807	0.21392914980342084	0.18285408760842864	0.3426627948446431	0.33966068095524005
Pichia_membranifaciens_NRRL_Y-2026	11582150	4	1	15	1	0.735272500323137	0.28399481566395357	2.0907680935588204	1.2020815114230345	0.1224157955393837	0.060775779666805765	0.3492499550173009	0.264583648878365
Monomorium_pharaonis	257976923	33	2	1475	10	1.0968491061504542	0.48840273453915356	6.734280467924934	4.556239389534246	0.08769044759986613	0.057505789905264386	0.5384024134155158	0.5468317768887175
Trematomus_bernacchii	867125071	66	23	2669	154	2.5635750491988323	2.5513859088686828	6.881834880759491	5.792187286933001	0.18216765083928754	0.21353052390478805	0.48902632496502557	0.48509103560631917
Guillardia_theta_CCMP2712	87145349	9	2	122	7	1.245854601529772	1.2513322828410618	3.9046605292236864	2.822248048363024	0.13166881435339337	0.17373193722413133	0.41272384065858064	0.3951163719711397
Schizophyllum_commune_H4-8	38482026	7	1	180	4	1.3487910799533	0.956149292338056	3.942484550646051	1.546917741555652	0.16323622925785028	0.17757455085171622	0.47917546867445304	0.30260591488090616
Aspergillus_aculeatus_ATCC_16872	35424414	8	2	38	2	1.3870337854749315	0.6801061471965448	2.4698028512141335	0.9431890589027878	0.19486240908032856	0.19129101720399025	0.34705818722309595	0.2746629508901152
Apaloderma_vittatum	1070836417	21	1	344	2	0.9684846610486952	0.9307273802485095	4.288639756500878	3.218593644633345	0.07656050746777933	0.11649788291278904	0.3390261250385546	0.40466774887651025
Equus_asinus	2391051217	28	1	933	1	1.667772556492873	0.2791472146075271	5.469074553934101	0.8187911344531221	0.11198597616405742	0.033182436112697056	0.36723249851631645	0.09801776726253852
Prosopis_alba	707161903	28	3	1590	7	1.3039393143465805	1.365005458202982	6.165053093835347	3.6288577184946664	0.09489191781274862	0.15945141204274738	0.44865496490814305	0.4302527578719292
Trichoderma_virens_Gv29-8	39022666	6	1	36	1	1.1721632203369858	0.6842906628195398	2.6541078743757622	0.0	0.1575706004221302	0.27537882072065767	0.3568124530895159	0.0
Trichoderma_gamsii	37908251	8	0	43	0	1.1735854143345656	0.0	2.6189784292852574	0.0	0.1573188771064084	0.0	0.35156441781618564	0.0
Globicephala_melas	2333870982	29	1	809	1	1.5210300151272595	1.1389194193981034	5.0705607051590125	2.8138622670016864	0.10250233905778035	0.13735495514050083	0.3417058215344676	0.3419233811492514
Galdieria_sulphuraria	13712004	2	1	4	1	0.05383865898631664	nan	0.6635972110542881	nan	0.019418191581917762	NA	0.2393421013839421	NA
Exophiala_xenobiotica	31405760	3	0	11	0	0.9814195059421358	0.4249345508509222	1.6431016238764953	0.41632419831134104	0.1707944312790444	0.1656697624905424	0.28594561824432124	0.16754118242102162
Photinus_pyralis	471511253	63	10	4324	96	1.5618233114217424	1.7970886874758663	7.447169840630049	6.1299281457636505	0.11262923709248654	0.16384203867748098	0.5370525067380695	0.5613411044318961
Microcaecilia_unicolor	4685939420	48	9	3298	28	2.0079509765362533	2.2130768258168882	6.66583375205296	3.3129393306820587	0.12297008997831084	0.17875315559239122	0.40822638209426926	0.26775826102148825
Parastagonospora_nodorum_SN15	37213987	6	1	69	1	1.4382568893756258	0.0	3.385675103100428	0.5758778334833434	0.18254509288087759	0.0	0.43021195308957966	0.17102086141497602
Ostreococcus_lucimarinus_CCE9901	13204888	3	0	15	0	0.8671629999797583	0.6872015951508343	1.7085088927282712	0.6872015951508343	0.12141676829978393	0.2191685099145348	0.23932493667991137	0.2191685099145348
Octopus_bimaculoides	2338188782	55	1	3006	1	2.488742251387373	1.8615512039841813	6.624946833164861	4.3800188024445665	0.1570699473065618	0.17071625307840232	0.4181149332452773	0.4030318982926954
Beta_vulgaris_subsp._vulgaris	566550431	21	1	2701	9	1.4099668616827326	1.1406729943096574	6.919217573601907	5.026988069671328	0.10331619723013101	0.12029336578627009	0.5070163394641998	0.5362213641994569
Lepisosteus_oculatus	945878036	49	4	1449	6	2.3073116941242025	1.8628011076394835	6.233169229053285	3.7103643399002486	0.1677723397871095	0.20046343607811973	0.4532366945301145	0.4016900036261105
Volvox_carteri_f._nagariensis	137684403	24	10	621	29	2.2665066705426407	2.128968888691675	5.641730424374206	4.047780450070895	0.20295968550986238	0.24708579781833584	0.5052621884354792	0.47318684294742147
Pseudovirgaria_hyperparasitica	35440147	11	1	97	1	1.1904496051594653	0.6733180756674271	3.1726911351114264	1.336059495927032	0.14367406567075722	0.14820039375279356	0.38331860970616755	0.31343181624381744
Pseudogymnoascus_destructans_20631-21	30684937	16	7	350	20	1.8966598155414238	1.7557697760984559	5.072071659653652	4.111104713179086	0.19420241376520267	0.22432671492268894	0.5193843155509866	0.5325865476951444
Seriola_lalandi_dorsalis	732509836	58	10	1925	20	1.7378524938467386	2.202778158894419	6.430137307654176	4.30499289514343	0.1262322424002378	0.23097232659238728	0.4670661506001967	0.4556998429334695
Prunus_dulcis	227599157	28	3	1580	7	1.8039534508883437	1.7247413980608932	6.349600817795359	4.031379188485011	0.146057387194745	0.2055867712299585	0.5141402493610205	0.48903462528445035
Rousettus_aegyptiacus	1910250568	29	0	769	0	1.7862353734684429	1.2080061166737175	5.347239829338478	1.0545072106429012	0.12490178824683446	0.19795076080710894	0.3739040715954306	0.18738063372417538
Drosophila_biarmipes	169378599	26	4	1023	5	2.0860536174314195	2.370702770490072	6.06577951401186	3.917708105598279	0.17610551607191355	0.2933614822040369	0.5121258889973692	0.4998887710035921
Macaca_mulatta	2971331530	31	1	972	1	1.8712421143329723	0.17991580034984736	5.065975214524241	0.3130845761188382	0.12268104623401045	0.019373782395339045	0.33213217350453944	0.03385175585184223
Loa_loa	91365832	15	1	283	1	1.5608254442381293	0.40126099628201695	5.0556362136041875	1.7924391348108188	0.15676958911060815	0.07956120830185448	0.5079684151288429	0.39093824397867766
Plasmodium_berghei_ANKA	18780606	1	0	13	0	0.0	nan	1.9308341766229506	nan	0.0	NA	0.27360408931262264	NA
Plasmodium_sp._gorilla_clade_G2	22190694	7	0	42	0	1.3331418229137797	0.0	2.5137915095356855	nan	0.1594921698926014	0.0	0.30079982747510664	NA
Epinephelus_lanceolatus	1087415941	69	5	3624	58	2.295453341373966	1.779128437732977	7.250957020031391	3.891969546391113	0.15663893073831178	0.16385417977234537	0.49479942260921117	0.35989359466396736
Vitis_riparia	500266779	26	2	1927	15	1.6043929816906988	1.663068603861357	6.520809640907905	3.930937713670854	0.12076752579570492	0.1990921275377696	0.4908514834655999	0.4801426161403968
Kluyveromyces_marxianus_DMKU3-1042	10966467	4	1	16	1	0.8820154600100616	0.0	2.183713109274758	0.6629374984706076	0.15850700427827766	0.0	0.3927060123519343	0.18499623131787366
Lonchura_striata_domestica	1060269806	23	0	405	0	1.5647895669279688	0.7519882101802695	4.896776398546919	1.3025296424255997	0.12615141911520264	0.11496480069246008	0.3947731625316018	0.2050941711952876
Glycine_soja	1013211804	21	3	1656	4	1.4920576865396002	1.6964423806441395	5.453699856445393	2.985869375533323	0.10771801737500848	0.18625673439538942	0.39372895805020547	0.3300698944216492
Sarcophilus_harrisii	3086674442	29	1	1104	2	1.8552326417004081	0.0464948881467003	5.372521798330487	0.08570296069259063	0.11804560560001631	0.004580673161993936	0.3418454203680325	0.008463126563384415
Homo_sapiens	3272089205	30	1	953	1	1.8383496859982558	0.9309992999506944	5.033164691479039	1.8277701356899863	0.1198231435199989	0.11395870920508894	0.32806045187403365	0.22701437572119218
Monopterus_albus	684144148	63	7	2374	28	2.2856260801505064	1.6887351449864085	6.9120547954287215	3.762867347321946	0.16728444286026384	0.1655364625933757	0.5058971647399498	0.37065471375553166
Brugia_malayi	93659149	9	3	206	12	1.064141842548122	0.9471469342306668	3.7580460023891873	2.7180756329230635	0.09285330238256698	0.11208576391614736	0.3279305654886594	0.3224163842769585
Terrapene_carolina_triunguis	2571267249	57	3	2483	11	2.398894162912208	2.0475189084818304	6.6775091658448815	2.987104084759443	0.15637867584679807	0.18715844691083847	0.43529288770085683	0.27350982238061977
Acipenser_ruthenus	1830501248	71	5	3484	25	2.186916031503469	2.0932636304711423	7.066215019848019	3.768266217988179	0.14513139700615268	0.17785347247064506	0.4689396064278207	0.3207758761631397
Notothenia_coriiceps	636613682	60	10	2452	43	2.2678052172958707	2.3072871914485966	6.988985831037531	5.548162681694761	0.16572146057192305	0.20597297406695667	0.5107273932664156	0.4962543516996953
Hevea_brasiliensis	1373527118	21	2	1164	5	1.2301863514753895	0.633373239440712	5.099430661293903	1.7028333013913683	0.08724262057820037	0.0641820991600954	0.36164356300219463	0.17305189869804133
Drosophila_ananassae	217108776	33	14	1197	43	2.1554347014640842	2.1536957923776234	5.792998368312742	4.231718370792326	0.1768397636939325	0.22576099530246985	0.47534097680297904	0.44602297533400076
Moniliophthora_perniciosa_FA553	26663261	2	1	91	2	0.6855640586411583	0.46661046183958876	3.630880683301752	0.9092296060859557	0.08991453341939178	0.11097373912368785	0.47728390101018103	0.2647737315090769
Dendronephthya_gigantea	286150628	55	4	2212	48	1.898396274558562	2.276806597684334	6.9763825607835015	5.767513832525692	0.14769223953442154	0.229634344447852	0.5427663798011321	0.5865748422574699
Strigops_habroptila	1148597545	25	2	318	3	1.1102566750814606	1.12407313458109	4.0085217313867085	1.953568124289377	0.08870579904921082	0.13131601778852298	0.32027171687338746	0.2287568529941448
Rhinolophus_ferrumequinum	2075768562	33	1	804	1	1.8317278837405369	1.3404135437806803	5.327466357715668	2.2366596982837943	0.12585887106352725	0.15593784186946638	0.36605307697178974	0.2615547561628626
Trichoderma_reesei_QM6a	33395713	4	0	35	0	0.40117743053394805	0.0	2.71466094219474	nan	0.059251204758681786	0.0	0.40162130789420336	NA
Perca_flavescens	877439799	77	8	3777	37	2.388631876812428	2.307545278180462	7.315112357961737	4.645083500699467	0.1658003282095551	0.20612682120888132	0.5077608352093017	0.4165027931438882
Papilio_xuthus	243890167	40	6	699	7	2.1173492444424946	1.7346853613136795	4.981286174643741	3.896012967650318	0.16686706882372077	0.19441932607389897	0.39257466769312044	0.43909089451618943
Coniophora_puteana_RWD-64-598_SS2	42968544	10	2	273	6	0.9486828532765922	0.7367042302410667	5.055385158620663	2.580487024573503	0.11040842358140009	0.13159140837123895	0.5895434684634662	0.5103563244183976
Castor_canadensis	2518306565	33	2	930	3	1.7652587104985604	0.18342799594974105	5.120730160581616	1.3117852824750014	0.11648484295556107	0.01854596513437685	0.33790388053540776	0.13281985447382927
Aspergillus_thermomutatus	30945974	7	1	88	11	1.5693227993274483	0.47643327399193314	3.569014666885178	2.450394077025765	0.2170837015236626	0.0879661081980716	0.49597634811959196	0.46470591355277874
Thamnophis_sirtalis	1424897867	49	4	2238	20	2.01464823515008	1.6187549293520835	6.576205347995652	4.058981659118977	0.1368593220991346	0.15197940572106017	0.44673647991804116	0.38200246109802205
Tremella_mesenterica_DSM_1558	28639919	11	3	184	5	1.250449030322081	1.200619565258338	3.5146597544477305	1.9847398779760612	0.1396199235275169	0.17974425288911478	0.3929788149965199	0.30192218476818744
Parambassis_ranga	551012959	60	22	1622	91	2.8579588917777508	2.931009946281404	6.558496810384315	5.28618998822351	0.21854991388357153	0.28214897980721154	0.5015387179133951	0.5101785822530113
Oreochromis_niloticus	1005681550	63	15	1824	39	3.008162607964179	2.823414838280206	6.529039948724613	4.508067143221385	0.21397403058155795	0.25522419070773367	0.4644199868577206	0.40803678987915665
Phocoena_sinus	2371524154	27	2	851	3	1.4287563523471396	0.26777954779677043	4.917603515404634	0.828174556551876	0.09620624159311203	0.028697951586350808	0.3311303672211613	0.08893374031883697
Clupea_harengus	725686888	66	12	2188	48	2.8145350025927165	2.8842590974327416	6.888407102171973	5.427097747287339	0.2035306784962048	0.27283820150933963	0.4981328275165618	0.5151571551167965
Pogonomyrmex_barbatus	235645958	33	2	870	7	1.7455993886642904	1.2152183758665245	6.0550216418569445	3.3761547442409356	0.15024820261448213	0.15957593801824976	0.521235048107618	0.4556745269566979
Rhinopithecus_roxellana	3038477066	29	3	977	4	1.8395180517393284	0.12927253178993278	4.862059136891363	0.5263866535086178	0.12033006680203522	0.012839528646692	0.31804673420528984	0.05235406113049194
Papaver_somniferum	2715377404	29	1	2464	13	1.3755428174123896	1.7851198750693964	6.042886692168796	4.478900815520257	0.0915549646569423	0.17293714509957736	0.40221027437836077	0.4358801132876714
Acanthamoeba_castellanii_str._Neff	42019824	9	3	83	3	1.4532541401152406	0.7590168128873189	3.7757620669680607	1.6093760314543428	0.18942739172853296	0.159963681745884	0.49227911027412186	0.3494715648839876
Xenopus_laevis	2718433805	34	2	2453	14	0.9771393161257507	0.6362215100957971	6.498710551402294	4.192418654336963	0.06272860145545438	0.055178915294326884	0.41719248242407214	0.36412072185945077
Larimichthys_crocea	657939657	64	5	1991	25	2.3536031032489744	2.5832889822917378	6.775893123642476	4.83193423869696	0.17351008096889417	0.2589022986130128	0.4995275329644279	0.4873444748720371
Spinacia_oleracea	869946296	24	2	2148	23	1.4601123083960716	1.034681508890543	5.773794367011156	2.950002040830092	0.10499668612266787	0.09639836995098515	0.4151974919252955	0.27561523763352785
Ostreococcus_tauri	13032761	3	1	42	2	0.45649904918989437	0.0	3.31753089952174	1.0696319686700346	0.06849805403538874	0.0	0.4995392107503843	0.26691865118971475
Phialophora_attinorum	30363635	1	0	32	0	0.0	nan	2.98232121725595	nan	0.0	NA	0.41448833568128385	NA
Aphanomyces_astaci	75844385	33	2	1486	12	1.7423119025331792	0.5364898789359641	6.455202995796128	4.415827461178164	0.15746336985721898	0.06685619634283095	0.5838748737017083	0.5745852293602467
Prunus_mume	234030239	26	2	1853	8	1.3142994316051007	1.0766241075151814	6.715345231934448	4.227153413429202	0.10492806802362244	0.12711190625576455	0.5361586185630113	0.512246537139922
Folsomia_candida	221702752	36	3	940	6	1.6789211895956928	2.121180590050243	6.110325060731408	3.732305334178763	0.13879379861905358	0.23591443326931102	0.5051473629530938	0.41813927298410997
Aspergillus_caelatus	40016351	11	0	76	0	1.5951870770214063	0.5084473323032804	3.738310601711002	0.9226515964607797	0.21238074851089145	0.11705112981011581	0.4982595016246596	0.2712725822486322
Drosophila_serrata	198035861	30	9	636	18	1.890745489390385	1.8518400185524098	4.820316017152306	2.954235304290946	0.16254111451895556	0.21429970644865284	0.4144267427454626	0.3446353936263991
Musa_acuminata_subsp._malaccensis	472231289	20	2	1107	5	1.246161739274665	1.34801368385342	5.346286273525837	3.4926249680279557	0.09760967555453733	0.17910997059384173	0.4187777326358252	0.47705709816923647
Phalaenopsis_equestris	1064200343	20	1	2004	3	1.3178851239513785	0.9248895271381911	5.932182721829532	3.659022331321059	0.09217702321850368	0.11189555674514261	0.4149174202743981	0.4516207150352132
Populus_euphratica	496032534	22	3	1345	3	1.281304862041987	1.1642767838208996	5.8208123733099475	2.8073981326506856	0.09713020762137113	0.12981258161776107	0.4412536082883659	0.3142215275888256
Bathycoccus_prasinos	15074320	2	0	19	0	0.26478238071151616	0.0	2.402887262847547	0.18917710431061116	0.03666784752629624	0.0	0.3328601354178825	0.06424894713361202
Bombus_vosnesenskii	275577952	33	7	1021	45	1.7527050067333927	1.9736581587006836	5.923820254917379	4.292368019582334	0.14318371442079725	0.21795839718497562	0.48394872417268503	0.475445396530813
Plasmodium_fragile	25914542	5	1	159	1	0.4619938872245123	0.0	4.309338651699739	0.6650558714385642	0.05220049134180486	0.0	0.48740987038572225	0.21515585161763237
Aspergillus_welwitschiae	37511876	8	1	73	1	1.3160635233586488	0.3712564286230976	3.4293865031906865	0.6925228788485052	0.1764725761610443	0.0993283159129532	0.46060365010742277	0.2624129726463602
Bactrocera_dorsalis	414984608	41	2	1407	9	2.1587435823960304	1.1600718553407	6.140289392344437	3.1849430431225985	0.16505807049881407	0.13440946875502519	0.46949592797730566	0.37579914941240744
Apis_cerana	228331812	11	0	154	0	0.5896874743612062	0.0	4.5081374378584655	0.0	0.05663787606374031	0.0	0.4329980777687086	0.0
Fusarium_pseudograminearum_CS3096	36973259	6	1	57	1	0.7369881593141091	0.0	3.043988048817748	1.8061207964965083	0.09141014608934049	0.0	0.377759241587856	0.4223198038457226
Neodiprion_lecontei	239677193	43	1	1176	9	1.167643496364072	0.7596187715519818	6.422323550352443	3.8583703650452215	0.09617074843611478	0.10019082841467705	0.5289778753352694	0.5283631981672152
Acromyrmex_echinatior	295944863	37	4	1932	17	1.3424946607212658	1.5050404396598502	6.797180234731003	3.6977460573365017	0.10345452453574946	0.17458180372540427	0.5238169789219232	0.4375374768382271
Trypanosoma_theileri	29822211	18	3	140	3	1.9616373841832544	0.874497483844582	3.4011886699497627	1.2260497306019107	0.21494062616351878	0.18234688849109612	0.372853320826864	0.2717995825032089
Agrilus_planipennis	353072773	61	10	2468	55	2.0366935699607502	1.6195363375393548	6.652268812344043	4.392952300588415	0.15327698039615795	0.1573156547368666	0.5006458509030178	0.4285874276466918
Fragaria_vesca_subsp._vesca	214373013	21	3	1340	7	1.3913284399762116	1.6988571040148341	6.358594987728807	4.012358981293341	0.11590765397722917	0.21258055266743386	0.5297485284769693	0.5169970620699109
Drosophila_mauritiana	152313266	23	13	593	33	2.232061587823233	2.179998826037582	5.249427198614445	3.949049561911119	0.2060591231089041	0.2526650544101583	0.4847770152189852	0.4606986824508569
Labrus_bergylta	805480521	61	18	2192	90	2.7120743645553826	2.7393906714436738	6.854719803308443	5.435198753089472	0.19444930908148156	0.24988481137239216	0.4914699247850408	0.4968546283833476
Leptosomus_discolor	1136244952	29	1	299	1	1.1856981914894849	0.9155279131846681	4.25682434884717	2.8234306464331422	0.09646559177730625	0.1175217878433302	0.34632564709282887	0.36374241038153354
Haliaeetus_leucocephalus	1178409481	29	1	343	1	1.3566983227661709	1.1498360550673983	4.5973726296320905	1.8733593462096931	0.11044159271185253	0.18740508420646415	0.3742493378157861	0.3110111472371554
Ichthyophthirius_multifiliis	48799969	2	0	20	0	0.05386787215548341	nan	1.4995745043391562	nan	0.0076539630445841885	NA	0.2133115622454318	NA
Phytophthora_infestans_T30-4	228543505	40	10	1271	36	1.8638634907868175	1.852684963695079	5.4784218612633895	4.234521311728192	0.15778832214368987	0.20127983446196163	0.46385528737019815	0.46282382905957087
Laccaria_bicolor_S238N-H82	64877444	24	3	813	18	1.374242296091231	1.5036120776121495	5.729883592061713	3.0416510870532374	0.13039451095872118	0.2109772855976274	0.5440333000963251	0.4447895375776135
Cryptotermes_secundus	1018932804	48	8	2482	16	2.290279199717402	2.2017814874544337	6.296862922373698	4.141824188341481	0.15382459618505367	0.21263549166140117	0.42292373857288745	0.4016141185751866
Echinops_telfairi	2947119619	30	1	942	5	1.974157904223176	1.0549743016425022	5.270527749598768	2.305073119507642	0.12773793234662523	0.11240305440820851	0.341029721396385	0.2465819837884495
Cryptococcus_gattii_WM276	18374760	6	3	39	5	1.447647965220476	1.298589732572687	2.8969480226596853	1.6665695089628314	0.20827025513511696	0.2484984086781157	0.41829589229650105	0.3300231742390904
Colletotrichum_higginsianum_IMI_349063	50716103	11	4	87	5	1.8386318141271114	1.627061630742631	3.4522885194165456	2.1069822720979605	0.22294666795515933	0.2696897692036486	0.41881358310559247	0.3516639805729935
Moniliophthora_roreri_MCA_2997	52204869	6	1	301	2	0.8172549927015493	0.0	4.276195473571105	2.8928550023507853	0.08585777350255944	0.0	0.44930019785127734	0.5231742656551085
Aspergillus_fumigatus_Af293	29384958	10	2	39	2	1.6441574909448788	1.26413654298763	2.850864738339948	1.2164670663543322	0.2426261040969317	0.2830637150162571	0.42155534025392816	0.28352839201498914
Guillardia_theta	672788	1	1	1	1	0.0	nan	0.0	nan	NA	NA	NA	NA
Sipha_flava	353179758	52	2	2444	10	2.071264343119933	2.0968704830954064	7.322635993711755	5.00002027800685	0.16061890207592103	0.24171274801439174	0.567855650670179	0.5974507088549664
Phyllostomus_discolor	2117764065	32	1	876	1	1.575585532655639	1.4902825635666843	5.359620014459216	2.217659856313055	0.10735966522634839	0.19641776389456259	0.36520247768527236	0.29736873710604717
Momordica_charantia	285613949	24	1	1866	5	1.31544923331032	0.7195090660972484	6.657848405336666	3.4545878354152983	0.10198285128017935	0.08814794899610667	0.5161874378391044	0.4357030709799683
Meyerozyma_guilliermondii_ATCC_6260	10609954	2	0	4	0	0.1738691504012569	nan	0.7483501480472328	nan	0.03913634907697281	NA	0.1684467460627165	NA
Drosophila_ficusphila	152439475	34	4	718	19	2.4193510831591505	2.018956745089156	5.885038795524489	4.5794920492554105	0.2186756799955835	0.2389302322404667	0.5320539278032117	0.5485693358313545
Drosophila_melanogaster	143726002	23	11	713	31	2.02799854611022	1.9761019613047062	5.445248594000273	3.721584783342	0.18718772181295598	0.23145384418472123	0.5028534734294409	0.43980528681293485
Xiphophorus_hellerii	732906125	57	8	1949	33	2.5193433062034516	2.713860837823979	6.671093306216552	4.474670348291198	0.18165063334434217	0.2701030587973563	0.48100436009171416	0.4472633573010478
Caenorhabditis_elegans	100272607	24	6	560	7	2.290125638407746	2.550832979925531	5.464810214772644	3.514223361264188	0.2005593720759715	0.34336491838421146	0.4786256302451413	0.4856838499581509
Hyposmocoma_kahamanoa	731440758	57	7	3728	32	1.9510165019848018	2.1552989443015917	6.966274689170776	4.245739520811899	0.132953107504731	0.19741879499386736	0.4747224275223034	0.39116798034856337
Acanthisitta_chloris	1035876403	19	0	335	0	0.851217820531558	1.080785990804023	4.221079990611381	2.5730716151544564	0.06714526905182314	0.16530481450933684	0.3329664165122647	0.4062779106928931
Monodelphis_domestica	3598443077	29	1	1399	4	1.8322060777468983	0.997579279825171	5.701889267025809	1.4673944664312415	0.1149688728478711	0.1003342072895065	0.3577872314313339	0.14816572665386127
Theileria_annulata	8358125	1	0	24	0	0.0	0.0	2.639286914858263	0.9933730682278654	0.0	0.0	0.3544291617854189	0.29811287548363435
Hydra_vulgaris	852170992	69	9	4871	35	2.7226771433879424	3.0114329437801537	7.688696214056957	6.138494709138814	0.18913471205098223	0.283169158511986	0.5341095997100381	0.582492898229445
Acinonyx_jubatus	2384851327	32	0	761	0	1.4932862294893912	0.9928775615596359	4.9747815156578055	2.020017346107211	0.09945336203634125	0.12826054156026825	0.3313223645364013	0.26339938647933814
Melopsittacus_undulatus	1171617451	25	4	352	13	1.2826315538747808	1.3374347131481252	4.2804418236558535	3.2791586142233697	0.10032084184026782	0.14954036675756321	0.33479766111581966	0.36731203015987424
Vulpes_vulpes	2421568072	29	0	690	0	1.512198756731432	0.37470296887888177	4.7808329007566925	1.202781130903422	0.10044524326096779	0.03954548629520804	0.31755886289345253	0.12706966817855964
Mandrillus_leucophaeus	3061992840	33	1	1047	1	1.8282531641415818	1.375853332104135	5.251359066490525	2.50448198819399	0.11999322348998788	0.1524902829747345	0.3446610973680737	0.279264328308748
Suricata_suricatta	2353578744	30	0	766	0	1.5692075758520736	0.811817327343529	4.963347589805851	1.6510785638401713	0.10549731056934912	0.09816701173856249	0.3336843937113117	0.20100310273333194
Caenorhabditis_remanei	145442736	24	1	777	3	1.2855857619232938	1.7525127587802212	5.809474108543535	3.6034008764643484	0.10879515395855006	0.2272582023935353	0.4916473792545471	0.48424213550104783
Theileria_parva_strain_Muguga	8347606	1	0	11	0	0.0	0.0	1.806699145458377	0.0	0.0	0.0	0.26370608363060083	0.0
Eremothecium_sinecaudum	8948761	3	1	13	1	0.3549588198497307	0.0	2.182745308015662	nan	0.06744816949287188	0.0	0.4155810503619279	NA
Camelus_dromedarius	2169346739	32	0	865	0	1.8172830690233834	1.2686280606151275	5.304239913173241	2.997816251631029	0.12536621981832047	0.16769093170350488	0.36591604942379896	0.40305173812816103
Anoplophora_glabripennis	706968555	51	9	4233	73	1.4624632146886924	1.7822378210500327	7.4260069508216615	5.066781872855852	0.10231722372177493	0.15965460615027496	0.5195450123601679	0.455741828898176
Astatotilapia_calliptera	880445564	60	11	2319	50	2.7089523928205943	2.644886210879725	6.758152532626637	4.884329416776354	0.19380133150290568	0.23762900713862029	0.4834877920255259	0.43951788053986157
Actinia_tenebrosa	238200427	49	1	2053	11	1.002408139966716	0.6569511322168622	6.906761756244817	5.497836877927498	0.07733055138295465	0.06840340781602694	0.5328329355568557	0.5794301854435521
Aspergillus_uvarum_CBS_121591	35850703	6	1	46	1	0.6372880399733998	0.0	2.198685240226593	1.2954618141945398	0.08802402949682253	0.0	0.3036886341818248	0.38088404430131934
Geospiza_fortis	1065292181	23	0	435	0	1.5200665648443232	1.0926926689474739	4.938809587791587	2.1694683930797556	0.12104839698856865	0.18330677573533768	0.3932952657867138	0.39862217647968023
Halyomorpha_halys	998240896	54	5	2833	11	2.1364276716874864	1.6011385782776917	6.72415159964413	3.7758666439818223	0.14487622748384596	0.15936856995750973	0.4559816185717817	0.3784882143193371
Tetrapisispora_blattae_CBS_6284	14048593	6	0	42	0	0.9771317344811841	1.2225194454767936	3.3825239759109444	2.1323920468218005	0.13229778452684626	0.23541875670837153	0.4583981908416905	0.42389789520184556
Prunus_persica	227411381	18	3	1530	10	1.605585520970105	0.7816642652136062	6.112733989113748	2.344132892521354	0.13228953780949448	0.0934345128232071	0.5036758683188103	0.2836346567986899
Chelonia_mydas	2208393880	50	2	2280	3	2.273099748705041	0.8561593843912325	6.611111660242903	2.3573448421037315	0.14921574567401968	0.08070944345460816	0.43398117726535923	0.2227350964839028
Bombyx_mandarina	398588931	51	9	1704	45	2.3333194073899914	2.2019453470085435	5.934895541046077	4.857144345614971	0.16805275586232607	0.20471447656628533	0.42745171612488003	0.4526065644694093
Ceratotherium_simum_simum	2464367180	32	1	1011	1	1.8210317095645654	0.9689494750534234	5.630989960160945	2.838707614699066	0.12159314835366031	0.11129259392967729	0.3759904634855231	0.32777260237197753
Lupinus_angustifolius	609203021	20	3	2200	7	1.3183933903371063	1.4224608865155317	6.529194724510905	3.826439272197	0.09554304935136923	0.16727946248227105	0.4731716263229888	0.4613197214883005
Colletotrichum_orchidophilum	48556462	7	0	32	0	0.7441800202315907	1.0800031165975892	0.9749596238116615	1.4204820740376936	0.10133961954677335	0.2627186219479823	0.13288374089603278	0.35610121711596204
Lucilia_cuprina	378290214	47	1	1800	4	1.2427652217301755	1.1014688227435938	6.243565153932677	4.967579060161855	0.09192002545460473	0.1128451614791031	0.4618047525103927	0.5138896865297384
Paramormyrops_kingsleyae	799421083	65	8	2103	29	2.577806874600391	2.072135550648522	6.841109784808413	4.3828168638187135	0.18746963287911897	0.21117491372242292	0.49751904098487615	0.44972510518225506
Python_bivittatus	1435052152	38	3	1818	14	2.042350481240631	1.409995099152225	6.429739081182929	4.0438013448632715	0.13952201231620465	0.1332254811639718	0.4392445639909842	0.38264385148170094
Lynx_canadensis	2408883772	30	1	720	1	1.4784392487669493	0.7380529372512732	5.002972159085922	1.3490574733951854	0.09805470735313071	0.06909322944258384	0.33181303417601843	0.12634608888549864
Ixodes_scapularis	2081329876	61	3	3568	11	1.9403276106397793	1.9083214754387292	7.302717008207759	4.7278648302870065	0.1258667774516597	0.1742519355178764	0.47371913794035403	0.4332977127806086
Macaca_nemestrina	2948703511	32	1	976	1	1.76161709069787	1.4289572711454406	5.207791776805598	2.8412596880487317	0.11529286711892879	0.17527252219929726	0.3408355586518711	0.35341336960098346
Oreochromis_aureus	918953803	60	5	2429	15	2.4798964546780446	2.1519917355427034	6.858884936105839	4.514219423289275	0.17714409457799343	0.20905078684591147	0.48994638621585973	0.4406885134229751
Crocodylus_porosus	2049536252	50	2	2171	6	1.7257100773436453	1.3338641779448503	6.560186117649047	3.6852682688443457	0.11537162311572705	0.1549869062396378	0.43857920128798883	0.4341965146064478
Ailuropoda_melanoleuca	2444077458	30	0	756	0	1.4794906627428546	0.08592664768934373	4.94374026867867	0.36308019240070133	0.09963155831104821	0.008828709210956546	0.33292055562138073	0.03734729804291858
Alternaria_arborescens	33943449	5	0	44	0	1.2441885778488806	0.0	3.011444840443662	0.5623351446188083	0.16851233110402344	0.0	0.4082134007147884	0.21308182217503768
Trichophyton_benhamiae_CBS_112371	22224160	1	0	3	0	0.0	nan	1.061320948149282	nan	0.0	NA	0.24658571029165813	NA
Dissoconium_aciculare_CBS_342.82	26537235	5	2	30	2	1.131015961384322	1.026377392808004	2.903652694704466	1.3500742055237125	0.16913378078738375	0.23291190911360918	0.434950506971841	0.32108749146073506
Harpegnathos_saltator	334536844	46	4	1898	25	1.6894097206470275	1.7733191899678789	6.505454100268858	3.8090892916269192	0.13109961034143575	0.18070589162672504	0.5048427795878333	0.39039954732337123
Helobdella_robusta	235376169	50	5	1068	10	2.940701017356896	2.4900405995511847	6.070430979559817	4.044109068340875	0.22519540980451278	0.27501636487849374	0.46487630115077755	0.4497546709093381
Crassostrea_gigas	647887097	55	3	2533	16	1.3719345691600424	1.762519395959229	6.893804690115187	5.611609266216602	0.09943882260440329	0.16969682278585965	0.49967255330154364	0.5433547045259158
Arachis_duranensis	1084261490	22	4	2167	16	1.2296522007672583	1.4799355716846403	6.2329634138041285	4.485193723410575	0.08740859726953489	0.1603627996901891	0.4430673496097449	0.49099741299740063
Mus_caroli	2553128900	34	0	1000	0	1.9021595101914788	1.4403833871625058	5.697009983301296	3.3548003602042193	0.12588917048989776	0.15213669527560802	0.37704123801523265	0.35536858109127234
Gregarina_niphandrodes	14009070	11	2	223	3	1.4469900505753523	0.6439467609235642	4.777842611251897	0.4333988732907457	0.17253536330163288	0.13808409371885955	0.5705085922883708	0.12395193365718696
Corapipo_altera	1095745976	25	0	429	0	1.495922275215289	1.2431520042280328	4.9390584197024054	2.3816473769211544	0.11878117750467945	0.17993864942927545	0.3921806419127332	0.3560224284127352
Aspergillus_terreus_NIH2624	29364022	5	1	26	1	1.228341829289202	0.4835654724773528	2.315145989624961	0.0	0.1938960236999919	0.15883130519443453	0.3662760414316777	0.0
Candida_dubliniensis_CD36	14618422	2	1	27	2	0.1517330208517707	0.0	2.855763916819845	1.3344926248855455	0.025600626730772735	0.0	0.4856301160837078	0.3695715763054595
Candida_orthopsilosis_Co_90-125	12659401	3	0	5	0	1.0254983331266019	nan	1.2828437773908619	nan	0.20493791708119485	NA	0.2563664154162977	NA
Lingula_anatina	406308128	55	1	1652	7	1.3483810497724142	1.6956764150830408	6.70604486987167	5.187197568903672	0.1043117777150746	0.1815182249817427	0.5187920262061342	0.5613852456963139
Atta_cephalotes	317671980	34	2	1724	5	1.158565368430033	0.39665595044550206	6.713814644754335	1.4047732430239472	0.08965481456268129	0.048092660959060694	0.5195581496826343	0.17416891814024604
Kuraishia_capsulata_CBS_1993	11371246	1	0	1	0	0.0	nan	0.0	nan	NA	NA	NA	NA
Candida_tropicalis_MYA-3404	14630139	4	1	18	2	0.33666599414197645	0.0	2.00499675716257	0.3357814734017583	0.05317316524951016	0.0	0.3172981285980621	0.09603338974646096
Sporothrix_schenckii_1099-18	32375103	3	0	17	0	0.6660744615096722	0.0	2.508872774528955	0.5228365220746942	0.1113573542953108	0.0	0.41944474766658396	0.2038389259241094
Maylandia_zebra	957485262	63	14	2357	57	2.8013578366366003	2.772951516143571	6.775135632661353	4.95481067491492	0.19919591775757328	0.24554113430672297	0.48176149032134696	0.43927557029541936
Chrysochloris_asiatica	4210110458	27	3	881	3	1.553004075756563	1.08156334902572	4.7941500304535865	1.8666543249623382	0.09567175235740216	0.10528375427740443	0.2953403304972906	0.18199781335255794
Nicotiana_tabacum	3643471356	23	1	1997	4	1.194036144060982	1.0636991799344886	5.848270417414909	4.49959426852377	0.07674477203909895	0.11144099898313432	0.3758885063331526	0.4757064821737476
Olea_europaea_var._sylvestris	1141145264	28	1	2198	3	1.3173108599709265	1.2492549390521936	5.826049066715199	3.211496437451286	0.0904355247960027	0.13218546893690256	0.39996905548338774	0.342159140855074
Trichechus_manatus_latirostris	3103808406	29	0	935	0	1.9478321725618555	1.2411357176770648	5.117223289027834	3.358095092756368	0.12595770291716815	0.14538987377453125	0.33090831345927435	0.3976000575149784
Athene_cunicularia	1157069330	29	0	353	0	1.3743215659000951	1.2011596395481876	4.444438849508299	2.042125715678027	0.11160701327479837	0.19200889286355272	0.3609309928065418	0.3376881156337376
Phaseolus_vulgaris	521076696	18	2	1968	6	1.4814791311093223	1.303413196754369	6.2321840385633624	3.858331985458875	0.11149160909124436	0.1575438375116973	0.4690261477171629	0.47731969986534567
Equus_przewalskii	2395954271	34	0	944	0	1.7933752725061272	0.34424436876143305	5.329235934581819	1.1458145113601528	0.12015713952008576	0.04003756039249227	0.3570620914700446	0.13419289431018308
Stegastes_partitus	800491834	59	0	1971	0	2.1704198186589454	2.0735900212940916	6.648712696290021	3.8203275273860315	0.15674016138508695	0.22775630703865155	0.4801490620421354	0.4250796407360984
Pyrenophora_teres_f._teres_0-1	33583335	10	2	224	2	1.631121904982235	0.8956568209802758	5.11312398953647	2.970534374313298	0.1828149180234197	0.14473474356716984	0.5731008049409574	0.5080929585692905
Amphiprion_ocellaris	880720895	61	7	2010	25	2.2924073505543046	2.3258345349708556	6.3847112425426396	4.007271889216143	0.1633737817655587	0.2292082040427965	0.45502310648621175	0.3964304511730583
Carica_papaya	370418818	23	2	1100	3	1.4205012671517199	0.9412591720884083	5.189901625368977	2.1759764230869587	0.11428242291879198	0.14340034881689456	0.41755394227572745	0.34720070089242616
Miniopterus_natalensis	1803099001	30	2	884	2	1.8498044492722323	0.9698884489345989	5.4693222784847615	2.8547663808138277	0.12666616265259162	0.12611864452464744	0.3745146719257434	0.37660884489980617
Neurospora_tetrasperma_FGSC_2508	39146333	9	1	165	2	1.2413494013477964	0.6070461481359434	3.9399837483188844	0.6897610938313978	0.14910121898878698	0.158553932131803	0.47380821933253314	0.2302479096415044
Bigelowiella_natans	442036	1	0	1	0	0.0	nan	0.0	nan	NA	NA	NA	NA
Grammomys_surdaster	2412664998	33	2	1066	6	1.9714042748032028	0.5452263614908188	5.657274753765133	1.2322352904721199	0.13067393527155194	0.058997914920342176	0.3749910992941473	0.1338932938029981
Tetranychus_urticae	90828597	13	1	382	1	1.2455865977961709	0.6094392938559978	5.03545680185024	2.0451443696335785	0.12245815964580603	0.10536959099626769	0.4951864876578315	0.41094108615882374
Anas_platyrhynchos	1126176092	22	2	384	2	1.1913640581715779	1.2902650236431379	4.680024297475651	3.0283506904627258	0.09501209278896434	0.14690844816363213	0.37323660979877654	0.34571520958071356
Micromonas_pusilla_CCMP1545	22000071	1	0	42	0	0.0	0.0	2.0342993424713676	2.132389292958243	0.0	0.0	0.21454742026571172	0.3295403128642331
Plasmopara_halstedii	75321785	21	3	717	23	0.8632116945466514	1.388055041633293	4.381353363888991	3.8745754604103095	0.07694040095558137	0.18710015345791142	0.39062013016932706	0.5394577430976564
Fonsecaea_multimorphosa_CBS_102226	33447075	2	0	20	0	0.685251520564309	0.0	1.9843692957851076	nan	0.10898011047924681	0.0	0.3155874574465699	NA
Plasmodium_inui_San_Antonio_1	27405027	7	0	37	0	1.3365121982395916	0.0	2.8722551634531466	nan	0.17657955105672388	0.0	0.3797671539156716	NA
Strongylocentrotus_purpuratus	921855793	60	12	3014	78	1.0529919962551548	1.6691163424217055	7.093307361768092	5.74316622199074	0.07338154312559714	0.14863550320855023	0.4943246729048513	0.5126816844725499
Galleria_mellonella	401914826	47	3	1892	15	1.8958605029143918	2.0334963844068557	6.08724105493452	4.468418750073556	0.1339183032119263	0.2075040285339351	0.42998706335870024	0.45967764153717966
Acyrthosiphon_pisum	541137574	52	3	1970	13	1.5682049414990422	1.8611024945631247	6.314620250819942	5.7775819828284725	0.11589315907194561	0.19019107025687662	0.4666641954486717	0.5956594086246074
Columba_livia	1107989085	26	1	342	1	1.1475182353770543	0.7802798307788661	4.5508298916370675	2.513440066427605	0.0920568860341937	0.09824279067474842	0.3650821900737143	0.31780478083384023
Fonsecaea_nubica	33787447	3	0	33	0	0.8796295078931995	0.0	2.791046648550752	0.0	0.13597085671727124	0.0	0.43174391274965396	0.0
Leishmania_mexicana_MHOM_GT_2001_U1103	32108741	12	3	232	11	0.9132738542621576	1.1817752326177453	4.488216037439459	2.2124733443789073	0.10497583998395753	0.21966501495424076	0.5177591689581148	0.4220870137422557
Debaryomyces_hansenii_CBS767	12181948	4	1	29	1	0.6976896661199814	0.21501884005573368	2.399879416616485	0.790376259192985	0.11933583724445875	0.05209882208703133	0.41383705341740906	0.21888513622127834
Coffea_arabica	1094446607	22	2	2165	16	1.1949873814022687	1.6859234598607997	6.343585535703035	4.086186235810083	0.08476141363869104	0.18078384021397728	0.44995842580340467	0.4418489744836747
Latimeria_chalumnae	2860591921	51	3	3067	21	1.6918592336788785	1.5773143657497077	6.529264869236326	5.1604668404143235	0.1079002252556522	0.14416961269009534	0.41641153077839593	0.47288223364827214
Cynoglossus_semilaevis	470199494	50	3	1025	9	2.3662297782729516	2.026149620903692	6.105909828378094	3.5774291639804003	0.1846206831708727	0.229168650673862	0.47640560309641716	0.4096095104765466
Trichogramma_pretiosum	187641947	32	1	727	4	1.3439766007223963	0.9240941048663229	5.6931856332706525	3.651569690565508	0.1160777482875179	0.1173152222213285	0.4917403102089892	0.4732455243254578
Periophthalmus_magnuspinnatus	752621858	55	7	2182	15	2.1392303255644154	2.3570304234195207	6.417526035055083	3.69166902104181	0.14849315338780705	0.2355139780366324	0.4454704945385532	0.37167343803560654
Lachancea_lanzarotensis	11092131	2	0	11	0	0.22410646648869365	nan	1.8150572893495063	nan	0.0343533879146731	NA	0.27823100388548777	NA
Phycomyces_blakesleeanus_NRRL_1555_-_	53939167	24	0	354	0	2.274282456962084	1.6205605837180366	4.937723729648917	2.935679100841253	0.22799572029057102	0.23223143392955253	0.49522675240703307	0.4309351714067425
Ctenocephalides_felis	775452550	61	6	1952	26	2.215617414170477	2.3656857630648718	6.310182731030656	5.16073662375943	0.1541986026715123	0.22411877415007642	0.43916663979042536	0.49051667511596503
Schizosaccharomyces_pombe	12591251	5	1	21	2	0.8668076760248977	0.4908893672775084	2.1639199386222177	0.37266543666267266	0.14193620884649305	0.12249776711517218	0.35713417086487187	0.10172216893262147
Rhodotorula_toruloides_NP11	20223942	4	0	19	0	0.7610047514868354	nan	2.3159947827761793	nan	0.13430064366372962	NA	0.4110170824255024	NA
Schistosoma_haematobium	375894156	21	1	1220	1	1.5925526580250926	1.4762999228076141	5.851525445417244	3.7700760250153262	0.11766920581563088	0.17861218881646035	0.4323564109385286	0.46385522266896806
Zootermopsis_nevadensis	485009472	47	9	1733	40	1.7565678219832555	1.802300763061106	6.125898398537584	3.4707954224415607	0.1273050145065358	0.17162228301093596	0.4439677606813593	0.33106089924526877
Varroa_destructor	368942295	27	1	270	1	1.720582553215048	0.11509629819359052	4.540986127082009	0.07325069753569736	0.15149776009005345	0.032917503014155546	0.39983670474767596	0.025343002101921613
Capra_hircus	2922813246	31	3	832	8	1.9105684674018029	1.5568119849940545	4.6533629126079665	2.8540491612994665	0.12399240959684768	0.15423166854937984	0.30199495880467236	0.28312212931800085
Drosophila_kikkawai	164292578	29	3	917	11	2.295581113168177	2.1609860509971495	5.99529982872102	4.736208215950528	0.2003176621103776	0.24929560514820603	0.5232484181349949	0.5532914035595091
Phaeoacremonium_minimum_UCRPA7	47465449	6	0	46	0	1.2279245184032734	0.0	3.0483794374768016	0.0	0.15732401931211482	0.0	0.39056415789781457	0.0
Cryptococcus_neoformans_var._neoformans_JEC21	19051922	9	4	44	5	1.3569072380728642	1.1856084535874423	3.0573268175645882	2.4297715646420848	0.18484370451681115	0.2004002637233982	0.4164821286382472	0.4124097581732823
Fusarium_verticillioides_7600	41844914	5	1	27	1	1.0907891254115887	0.0	2.3183357292547755	0.6127533336790261	0.14504722122961736	0.0	0.30848029751623673	0.15828507275971196
Trichinella_spiralis	63525422	23	2	192	9	2.2035170576513843	2.2606644217236034	4.710615982161595	3.2657801848907866	0.21999747250292181	0.3372521229499877	0.4703148183268227	0.49301751606927907
Cucurbita_moschata	269943085	20	2	1382	5	1.2567324701888907	1.1213264198300237	5.968141651294685	3.303143385981876	0.09862000566031386	0.12863150149895244	0.46835918470019683	0.38494894016464626
Penicillium_rubens_Wisconsin_54-1255	32223735	8	2	104	2	1.577546295254064	0.6927949345353247	4.106897855988941	nan	0.1992838216175329	0.18535478126435118	0.5195996599866072	NA
Aedes_albopictus	2538387871	43	2	3538	27	1.6808441769782316	1.6363658260247052	6.729965070811353	5.166428684886911	0.10751300602336587	0.13127944038686587	0.43047379316186873	0.41473819885334845
Physeter_catodon	2512149402	31	1	905	1	1.5496048541587546	1.1364394131652216	5.388033428046975	3.4333912981924306	0.10372989444655034	0.1237343593922127	0.36067291752302455	0.3750578067511029
Zasmidium_cellare_ATCC_36951	38247703	6	0	54	0	1.1548525671916487	0.9699834866605483	3.4236343309161312	1.0735825338366245	0.16411084770812487	0.23690812336861916	0.48862326961260266	0.2951359738836751
Chelonoidis_abingdonii	2300739315	56	1	2430	3	2.291982625087147	1.826005332438715	6.744737893944287	3.205839734358576	0.15104874288321882	0.18692631108868057	0.44449976296141974	0.3302300469771241
Gossypium_raimondii	761565430	23	1	2340	1	1.325688894484581	1.3535875451380857	6.45894337828247	3.8588027858600036	0.09500609148254908	0.16861245482789494	0.4628909444717855	0.4926212583204153
Stylophora_pistillata	400103141	63	4	3024	11	2.0563379312746606	1.9563569557147802	7.210805495135882	4.858607736950239	0.15588874708632763	0.19919529798647098	0.5466565737412981	0.5006998555687358
Erpetoichthys_calabaricus	3811038701	60	11	2998	50	2.580203098914771	2.1202604641366327	6.875248825651584	3.8432055476091396	0.16275688850992898	0.1722797940850159	0.4336849304194261	0.3124579313016267
Stomoxys_calcitrans	971188624	37	5	1786	13	1.752448812697226	1.6360974465215425	5.574808979649074	3.054733542334568	0.11824879328438317	0.15017472367474385	0.3761684477630824	0.28120507057819977
Nilaparvata_lugens	1140803929	54	4	3195	60	1.4453017026874726	1.6687534360890315	7.062758455159411	6.001755025283174	0.0983725022416303	0.14505579476486355	0.48071876033190114	0.5226844474396068
Westerdykella_ornata	26979746	7	1	40	1	1.2410365689171645	0.5494530538937938	3.0697954730323733	1.0683737746212323	0.17904373035386476	0.15104880812915863	0.4435690194438197	0.2981353783723885
Phytophthora_parasitica_INRA-310	82389172	21	1	588	1	2.068083485037026	0.46083916504173356	5.760026198178702	2.597133966650676	0.21049111352474686	0.07524293675765842	0.5868474050727192	0.4606191201089458
Phanerochaete_carnosa_HHB-10118-sp	46293325	11	2	347	5	1.2299391578841457	0.9844392687740164	4.649082730295756	2.9336102999172935	0.1323507749231873	0.15365345861238458	0.5009255617078575	0.47359029877670494
Anser_cygnoides_domesticus	1119151626	26	0	254	0	1.0006138240833686	0.634320202152037	4.292378466529378	1.7621256794044786	0.08190603389401925	0.09340296228499124	0.351356879164318	0.26240135194518854
Colius_striatus	1075931597	20	0	263	0	0.9134360651855412	0.4163666861634917	3.944668890776863	2.2163736586974703	0.07227016933539186	0.059219901353126936	0.3120984299926807	0.31847201375709966
Capsella_rubella	133063876	18	1	746	2	1.4570719778070844	1.4063560197578988	5.821898307779623	3.8376303432690415	0.13216577500494592	0.1958694057826923	0.5281851268159508	0.5538874787127323
Populus_alba	416960588	30	2	1676	2	1.3696183933669501	1.47226614760005	6.38818782928868	3.0556799927856004	0.10423251335410828	0.1618716946851178	0.48617113090754127	0.3380832829083809
Saccharomyces_paradoxus	12092683	5	4	30	6	0.7230344582393039	0.6931251300660013	2.4750937305312757	1.2645865598657324	0.1045493596743518	0.1419523341423729	0.35841039080001497	0.2665130976914411
Schizosaccharomyces_cryophilus_OY26	11554764	5	1	32	1	1.201716899155953	0.0	3.144946921611247	nan	0.19458269528764885	0.0	0.5100946920333748	NA
Thalassiosira_pseudonana_CCMP1335	32437365	9	1	104	2	1.3736881756563022	1.0884412465801598	4.140567453597667	1.7524547693955275	0.17340391209065906	0.20937614084106268	0.5234207730561068	0.3884968633724353
Dictyostelium_discoideum_AX4	34204973	9	5	71	8	1.4707798520863373	1.2988028481082003	3.3855410102072994	2.270056778366152	0.1659822601334908	0.19954661484774847	0.38208759323913694	0.35192112044621565
Sordaria_macrospora_k-hell	38391383	8	2	121	2	0.7925553616213352	0.572645425722986	4.243355595038598	1.9424900094138045	0.09842211250058396	0.1096947114164185	0.5276244902078775	0.38715998959446885
Vitis_vinifera	486196837	29	2	1710	8	1.599309033351054	1.9153900768456245	6.307861159799044	4.236434889044566	0.1211554948038856	0.2274328459118377	0.47786109775290275	0.5112129957590159
Nestor_notabilis	1053559886	25	0	301	0	0.9679979894782001	0.6194604150013127	4.1993131262775005	1.2978992280852883	0.07720677768254396	0.07313675557807768	0.33493524254376494	0.15350093996155106
Talaromyces_marneffei_ATCC_18224	28643865	12	6	85	12	2.001283461145143	1.6992105631260228	3.4994032090030562	2.4946060664408187	0.2629341787354079	0.27803643032547015	0.460453730559375	0.41381732082699985
Nelumbo_nucifera	804647751	27	1	2684	2	1.5113391723011955	0.9980576314733747	6.687539944421673	4.07905691753489	0.10716319184020554	0.12370433122391726	0.4741934655264645	0.5324732604220502
Vittaforma_corneae_ATCC_50505	3213516	1	0	4	0	0.0	nan	1.3550753006005445	nan	0.0	NA	0.3004029051764667	NA
Vanessa_tameamea	357124929	49	4	1357	8	2.003141436221248	2.095366534087771	6.057329613772956	4.035065919911375	0.14911342442384637	0.22188793331687562	0.4509101697291271	0.43004629320031373
Saimiri_boliviensis_boliviensis	2608588537	30	1	958	1	1.7129743774748671	0.7563996670407155	5.202425302317125	2.4475953652201823	0.11332925039771533	0.07790371426682649	0.3441892175945747	0.2525209430363562
Sphaeroforma_arctica_JP610	121631465	24	0	326	0	1.5810378878030664	1.454410275421239	4.377129424790728	2.3659327944511106	0.14247453607440705	0.21573343897853098	0.39446304085886025	0.36292059221116074
Cutaneotrichosporon_oleaginosum	19835558	2	0	7	0	0.5601635449496019	0.0	1.814324052310544	nan	0.12011812176486862	0.0	0.3890528032415521	NA
Vanderwaltozyma_polyspora_DSM_70294	14674591	5	1	42	1	1.114987182501901	0.6662407260747011	3.0563740481597708	1.7000336230354927	0.1585848079397885	0.12598469824002065	0.43575860860261295	0.32915858113362134
Pan_troglodytes	3050398082	31	0	961	0	1.872950105748599	0.5915993469457337	5.144470212536504	1.2682380484295874	0.12271240268553055	0.0668792950442805	0.33705686418273206	0.1442650143444913
Trichoderma_asperellum_CBS_433.97	37464610	6	0	39	0	0.8900555204871747	0.0	2.676633671911954	0.0	0.11916528642609572	0.0	0.35841648914991914	0.0
Elaeis_guineensis	1535178229	28	1	1733	3	1.3972298934287446	0.8220715152070022	6.008291683099823	3.6242140034580546	0.09967324644301273	0.10829045586316054	0.42861144859438194	0.4924986120111067
Fonsecaea_pedrosoi_CBS_271.37	34688880	3	0	28	0	0.8197603876885997	0.0	2.123088014132841	nan	0.12818246370565453	0.0	0.3324139862321223	NA
Lindgomyces_ingoldianus	69030646	17	1	205	1	1.8240579080976167	1.5551670428334687	3.8219388257916447	2.703862498526143	0.1730399326480561	0.23549065287931242	0.3625987475585516	0.4152285388399337
Tuber_melanosporum	124945702	23	1	905	1	1.3967855903848039	1.4383281642817163	4.884362885906171	1.941212624783926	0.12223417844269607	0.22206797924949154	0.42747774825272405	0.3178656213455892
Brachypodium_distachyon	271298618	22	1	1094	2	1.6115562539026131	1.0435572826103343	5.484227544934342	1.772349528180647	0.13176597285101677	0.1421703978417633	0.4484241981653886	0.24948107822448679
Aethina_tumida	234344249	23	0	778	0	1.3970703069231767	1.643129056687733	5.814485838075651	3.2007087596296633	0.11510378853086875	0.21701575319317468	0.4790820426015124	0.441524873301763
Fomitiporia_mediterranea_MF3_22	63354419	10	0	216	0	0.916873523917338	0.5625111113615644	3.535668809485324	2.9423061056912685	0.09232976857550236	0.08849930513920504	0.35615257095933484	0.48022995387597184
Aspergillus_mulundensis	45341896	8	1	114	1	0.9498986359726798	0.0	3.355036223539411	0.9981088685594028	0.10705607122773514	0.0	0.3784574368438093	0.2458128007133601
Bubalus_bubalis	2655780776	29	0	833	0	1.8119897530573201	0.5054877568328151	4.909431550814644	1.133503512997376	0.11716715028179893	0.05173960476328206	0.31745447030386764	0.11624095513378126
Syzygium_oleosum	431290611	29	4	2221	19	1.2692221287160237	1.5436164091563955	6.539379337781408	4.0625779345010065	0.096570868873842	0.18989287357763304	0.49757635539458644	0.5129463709404778
Piliocolobus_tephrosceles	3037997551	33	0	963	0	1.7652579344084685	0.509195340450927	5.032864298928193	1.3499433168084902	0.11548050091759778	0.055371161790910804	0.32924251452366227	0.14739752983489826
Drosophila_willistoni	235516348	37	10	1600	44	2.2176538333047584	2.077790904306397	6.331923346209244	5.178910001583332	0.1801332609248263	0.21023716778078907	0.5143774059389341	0.5269512240354756
Elephantulus_edwardii	3843982861	34	1	782	1	1.4872734080472367	1.7266020135106857	4.593024329708905	3.047726469424323	0.09317587566500218	0.17123514084006788	0.2877474072283995	0.3027669986343951
Merops_nubicus	1062961556	23	0	335	0	1.0918657941309884	1.0125906497157304	4.306888607127335	1.4589460989761829	0.0871152885319713	0.13372849899143527	0.3436287618507546	0.19401672576095072
Nannospalax_galili	3061424619	32	1	1029	1	1.9406390845236743	1.7159286566297896	5.393256554096032	4.194108310687049	0.12409453627301872	0.18241820334227377	0.34487287566617375	0.448172622770713
Calypte_anna	1059687259	25	1	397	1	1.2306766085509564	1.660858943246649	4.531070358813106	3.0393474376390115	0.09785572967269265	0.22112419954929088	0.3602862187174192	0.4090579742059411
Sinocyclocheilus_rhinocerous	1655786410	70	7	4038	28	2.684571282459071	2.453809287399355	7.374619893387118	5.924563646753749	0.17682542194096074	0.20459971100141985	0.4857465905300996	0.49470438921762944
Dictyostelium_purpureum	32967225	13	1	162	1	1.6144257613082433	1.5960114258383902	4.462464337428782	2.8357681900123817	0.17794127401118362	0.2502202549477008	0.49198161478366403	0.45543266516037284
Pseudocercospora_fijiensis_CIRAD86	74141167	18	1	549	1	1.5689330112641788	0.8478074433240894	4.687975367007746	1.0675406586775062	0.15353603325604281	0.14097898243021725	0.4590801622160831	0.19211331479473606
Aspergillus_niger_CBS_101883	35853610	6	0	46	0	0.8373139216584203	0.6541035860668294	2.8581170034784167	0.9900253646328638	0.12387665328937995	0.17500305079592485	0.42299032146993176	0.3304785856108383
Talaromyces_atroroseus	30858562	4	0	19	0	0.47526564052287645	0.674364643090656	1.6718466865239026	0.674364643090656	0.06328074495266739	0.27138429652807655	0.22265202735566145	0.27138429652807655
Colletotrichum_graminicola_M1.001	51644307	9	1	216	1	1.3688983759297098	0.3389730418036695	3.9428592789979247	1.3291791821497192	0.14783699856634827	0.06453834638417459	0.4260631743866923	0.2722164861943993
Nymphaea_colorata	409013923	31	3	2116	10	1.7213180526010528	1.7088661061759325	6.603592276454315	4.339485755228917	0.13120511596406487	0.1974536569393134	0.5033633454296877	0.5085493866238806
Fusarium_oxysporum_NRRL_32931	47906303	9	1	78	1	1.3206126481635092	0.5003086139432369	3.3073322595848795	1.2351215017414916	0.15657340165179381	0.11985198823101649	0.39215154704860583	0.34466721760193064
Amborella_trichopoda	706332640	27	1	2385	5	1.5556356085562482	1.024745036142061	6.345366806912519	2.393435184484871	0.11107556672776668	0.13347552279142313	0.45307806648914856	0.3291751305040725
Cryptosporidium_parvum_Iowa_II	9102324	16	0	61	0	1.4600701643712826	nan	2.751658138109289	nan	0.495873806420204	NA	1.5357296475150137	NA
Ogataea_parapolymorpha_DL-1	8874589	1	1	2	1	0.0	nan	0.5048401981175019	nan	0.0	NA	0.1470128361160251	NA
Zea_mays	2134373047	19	1	1531	2	1.223706411414272	1.6456521096531984	5.365316344161034	3.4374640923101913	0.08578070071571343	0.1783631998978261	0.376105653563118	0.37588666821516337
Eutypa_lata_UCREL1	54005819	4	0	96	0	0.14663580344266589	0.0	3.670503947876048	0.6740082195745877	0.01728370340961986	0.0	0.43265691401667244	0.20687177672884033
Neomonachus_schauinslandi	2400934290	31	0	791	0	1.3345367535805346	0.6343766538318597	5.071983901144868	1.5544162401467074	0.08899123631411605	0.06485968288102449	0.3382165754628126	0.15909514734465824
Ictalurus_punctatus	783274721	67	2	2112	4	2.5685862846960656	1.4877510438947419	6.577007075528472	3.0289740191772943	0.18175478156714775	0.1579171257267266	0.4653947423032	0.32537461423284103
Heterobasidion_irregulare_TC_32-1	33649967	11	1	128	1	1.0553374875942072	0.7631998796314708	3.351003683998401	0.9770714455926296	0.12562555395528952	0.1605523086654303	0.3994025204332768	0.21992980974259807
Drosophila_suzukii	232923092	31	4	1453	7	2.1568239503038713	2.1489487753232566	6.43247830224872	5.061546421732683	0.1767169734059682	0.24778924480654255	0.5270818657064059	0.5993657550209534
Encephalitozoon_cuniculi_GB-M1	2497519	2	1	4	1	0.6857437730540141	nan	1.0423313861594308	nan	0.19287669201274796	NA	0.29810642986919883	NA
Thalassophryne_amazonica	2446592878	69	11	3354	69	2.3160719525406925	1.3363804890624813	6.567151457867184	3.6799162215757355	0.14966738432560917	0.10604931120372965	0.4243779032189869	0.2921885508745924
Mitosporidium_daphniae	5635072	1	0	6	0	0.0	nan	1.5714315230707752	nan	0.0	NA	0.31845978808804365	NA
Manduca_sexta	419424057	48	6	1556	17	1.606656603490345	1.9356754517887158	5.873857607233978	4.524770470845943	0.11897044181783564	0.19885344901104227	0.43495184828733413	0.46770000197760614
Exophiala_dermatitidis_NIH_UT8656	26376767	7	0	47	0	1.3953815875927302	0.686462429555436	2.822954040184941	nan	0.19964439170427528	0.2331386163586827	0.4049179902600912	NA
Mastomys_coucha	2507184835	30	1	1024	1	1.883995477280855	1.7220579517425207	5.697552606689097	3.726897239630946	0.12408649479051445	0.1887367016678847	0.3752607759555047	0.4105490361340384
Drosophila_yakuba	165709965	24	10	1005	20	2.10101072456211	2.1383153250502422	5.910975782197511	4.692328986106351	0.1840107857212067	0.2422181825149445	0.5178441387758442	0.5371152375655887
Aotus_nancymaae	2861684817	34	1	964	1	1.6795570931524435	0.7658907778859876	5.126439515067354	1.063982699963219	0.11007389542819056	0.07728993903150541	0.33597397502825105	0.1075635274630832
Lodderomyces_elongisporus_NRRL_YB-4239	15547272	4	2	17	2	0.9718475075638268	0.10639436380798475	2.0977819856900313	0.9664369115677992	0.13960726582441457	0.02230169717410346	0.30172067585462575	0.2033067371638252
Plasmodium_malariae	33618035	8	0	116	0	1.198791056110609	0.0	3.7637482083165303	0.0	0.1175788558741131	0.0	0.36920296577762696	0.0
Microcebus_murinus	2487409138	31	1	973	1	1.9035821680709006	1.1327021222164821	5.4383088379167255	2.513918164198334	0.1278230021378775	0.13203422167895223	0.3651753644904576	0.29504047537549916
Saprolegnia_diclina_VS20	62885792	8	1	173	2	0.478772341245873	0.1381934626715262	4.442580694385854	2.231254248544862	0.05590721526682233	0.025312079518400827	0.5196207213061835	0.46060447474914734
Cynara_cardunculus_var._scolymus	725197765	31	1	2491	6	1.4722344438466124	1.1990231597354768	6.316229830676958	5.050934210640133	0.10485096652224511	0.13241770272561995	0.4498418745730159	0.5680976544334929
Thamnophis_elegans	1672190305	47	9	2149	28	2.3291078984002063	2.0406336532058837	6.477818241079313	3.1833302397520264	0.15423983512323788	0.18402330250579452	0.42897947543378956	0.2875445034539389
Trematosphaeria_pertusa	47745773	5	1	97	1	0.8471448100236454	0.6107546338830301	3.065172153661504	0.9771042558711157	0.09897367395690182	0.134429893535958	0.35847333848589835	0.25106612870729755
Drosophila_mojavensis	193826310	26	8	524	17	2.0842743342163956	2.0360963900113225	5.060588174551859	3.6599329301841173	0.1742605638227444	0.21735715180997456	0.4231161676312406	0.39171017516160905
Penicillium_arizonense	33729052	9	0	126	0	1.5711889494435578	0.19869155860428586	4.081100531612853	0.0	0.1893729790226351	0.05350416123218503	0.49249864298604334	0.0
Sesamum_indicum	275059498	24	1	1562	2	1.4895496720901167	1.47202813595909	6.263671080359074	3.4534921062561117	0.11617221919455994	0.19913715499107743	0.4885261996611168	0.49088276552923776
Micromonas_commoda	21109336	2	0	28	0	0.5547032517529316	0.0	2.673711410166798	1.4679859249054772	0.07832901410844104	0.0	0.3775517415970296	0.3167360871873148
Drosophila_pseudoobscura	163282969	26	7	566	9	2.2088960654826466	2.137417353902471	5.001583303834565	3.6104019207617264	0.1957385240197592	0.26466635789795234	0.4432612951528882	0.45309452272288586
Trichoderma_citrinoviride	33215161	4	0	24	0	0.608301795926433	nan	1.897009823334216	nan	0.08630369571873958	NA	0.269340728588017	NA
Chrysemys_picta_bellii	2365766571	52	3	2590	13	2.269263976443313	1.793686564526357	6.77883994097871	3.534038598182566	0.14832807528671482	0.16441441170981705	0.4430921903864654	0.3245549746268935
Megachile_rotundata	272660569	41	1	1129	3	1.0221122862171081	1.2127995126643525	5.749199453510402	4.316576109712939	0.0820996287378347	0.1437133899739774	0.4618063939807372	0.5190653183266147
Babesia_sp._Xinjiang	8447544	1	0	10	0	0.0	nan	1.943716811755861	nan	0.0	NA	0.3631854139775944	NA
Ursus_arctos_horribilis	2328659882	31	0	786	0	1.5259281724930402	1.154669890977492	5.115302146495066	1.9290201950076944	0.10244013211624463	0.12619261092360554	0.3434058946913	0.21136669393648397
Puma_concolor	2432966684	30	1	778	1	1.4830941691841704	0.5980555744212049	5.088313277162639	1.170437804038163	0.09834030239662336	0.05606804058127559	0.33739361309901095	0.10977270373822158
Leptonychotes_weddellii	3156902762	32	1	763	1	1.5647012398386324	1.416279389675544	5.134460008752256	3.10299926355068	0.10440139165004365	0.14290462377827726	0.34258615457178165	0.31341897662083695
Gallus_gallus	1065365434	20	2	335	3	1.3724321805056665	1.5420663291157166	4.307274732372028	3.00396545468287	0.10825654553082163	0.21331332652715587	0.33975691442102535	0.4195897435987854
Saprochaete_ingens	21189208	13	3	66	6	1.5775832073113412	1.0205223755656434	2.441056623086237	1.4503395601681852	0.20014211859419498	0.1611817227191963	0.30992590004512494	0.2320552488530915
Fusarium_graminearum_PH-1	36458046	4	2	36	3	0.7675732279955428	0.0	2.5722138018070195	0.554581825983843	0.10136321233731103	0.0	0.33977056774158954	0.1957430516650987
Aspergillus_bombycis	37474605	6	0	34	0	0.9478635276399506	0.0	3.0669474431449406	0.6328860583597504	0.14112263127392172	0.0	0.4571185457696599	0.22338101000670452
Pochonia_chlamydosporia_170	44215803	14	1	186	1	2.0445262612822135	1.6235088050066164	4.48312486080887	1.7697955199354771	0.24169433281036995	0.29926705311109014	0.5309122178077804	0.3566090925241784
Chaetomium_thermophilum_var._thermophilum_DSM_1495	28322806	4	0	59	0	0.7581084921883642	nan	3.482942926885166	nan	0.09922101831396636	NA	0.45622073264340324	NA
Denticeps_clupeoides	567401054	65	11	1755	25	2.777507217433184	2.9169188813154006	6.28374708502787	4.579746370542787	0.20198308120048036	0.2886388076233488	0.45696344264412525	0.45549263826109815
Anolis_carolinensis	1799143587	60	5	1306	11	3.0689383137938213	1.9689592643067013	6.3835672455449	3.0661498241645138	0.20044735105706646	0.18030517515465058	0.4169423106360758	0.2812013610921144
Melanaphis_sacchari	300271876	36	0	613	0	1.5698288711546444	2.420774566959488	5.594895953679385	3.831553930986575	0.13103082220750648	0.3260407060340543	0.46700138112158035	0.5272157585187283
Tetrapisispora_phaffii_CBS_4417	12115070	4	0	17	0	0.8797317797830329	0.10177514736799609	1.7760004249781685	0.0	0.13528528117489952	0.023646284422764008	0.2731136039204691	0.0
Exophiala_spinifera	32912349	4	0	37	0	1.151341463700191	nan	2.642234557244662	nan	0.16667374815713537	NA	0.38311608869331676	NA
Antrostomus_carolinensis	1119683066	27	1	349	1	1.029422101952332	0.802596099322529	4.455763248569696	3.150433860095355	0.08124051419467847	0.09649461698818436	0.35164243778818255	0.37992288982132416
Catharus_ustulatus	1131616430	26	2	489	2	1.6628287784141547	1.688551293364264	5.002070819536542	2.662383139013278	0.12950457011545927	0.23443436353487465	0.3895746764174445	0.37559672729692595
Meira_miltonrushii	17383515	3	0	11	0	0.41159056728319576	0.0	1.9100311279944804	0.0	0.07150955550295524	0.0	0.3323988144273983	0.0
Sus_scrofa	2501912388	24	0	715	0	1.5397344788220904	0.677158437181818	4.764508165325212	1.882472391833154	0.1014937645775	0.08458805592393606	0.31405932344425114	0.23774892994788005
Fibroporia_radiculosa	28378039	3	1	98	1	0.7142756938062511	0.21034123793383164	3.3951845115846293	1.8029603874197913	0.08811459831944386	0.04349234432167727	0.4191973671736053	0.40582982622951264
Spathaspora_passalidarum_NRRL_Y-27907	13182099	3	0	8	0	0.6492687035131024	nan	1.3695155144858817	nan	0.13839704916630388	NA	0.291923675000444	NA
Falco_cherrug	1174811715	25	1	298	1	1.254766173105276	0.3204863091129794	4.239089723615407	1.5594220607577869	0.103289500576477	0.0522157968721684	0.34895543145766617	0.25941652824844824
Myotis_lucifugus	2034575300	35	5	1123	16	1.9778002474376135	1.4047283391909389	5.600641105114013	3.5559941566233064	0.1311807536844318	0.13503200789406467	0.37147185254183474	0.34224721610700337
Rhinolophus_sinicus	2073344508	33	1	877	5	1.9339486303330942	1.493442140690376	5.414825520820394	3.327402386786238	0.13291473460687095	0.16478242118918734	0.37214565072730593	0.3684384590266835
Arachis_ipaensis	1353504219	21	1	2127	8	1.1472113197648564	1.1695238548876663	5.967867308567316	4.376581682288591	0.08012847805871978	0.1304718783553675	0.41683673956346384	0.49668116251511396
Pyrus_x_bretschneideri	508550595	30	2	2294	20	1.4100912646166022	1.0827842825800236	6.590668623343782	3.130990271423598	0.10410489441477387	0.11772517883845147	0.4865890291556721	0.34437586152824806
Arabidopsis_lyrata_subsp._lyrata	206667935	18	3	1082	11	1.6488794261138588	1.49916060870065	5.8866846587857555	3.85424597515032	0.14058329795732488	0.18303977273704095	0.5019599303586181	0.47795665470691695
Acanthaster_planci	383860178	55	1	2657	3	0.9237097308626749	0.31989940520579685	7.1959210042311454	3.9746942915801333	0.06980389288159211	0.03825873065233138	0.5438017022739228	0.4960504887751166
Coccidioides_immitis_RS	29016019	14	0	52	0	1.6995779694869058	0.6782788922906403	3.165982599718398	0.4728616658106696	0.21497833900283564	0.1994235606400377	0.4005562202961261	0.1635989088666071
Athalia_rosae	155841210	17	0	227	0	0.9152636321899397	0.6910898366250359	4.558958291026837	1.5657452599256645	0.08840862837814889	0.1246289850134629	0.440407030309092	0.3088922570759677
Verticillium_nonalfalfae	31747483	7	0	47	0	1.2048206269555306	0.4218077183898291	2.5253374857510944	0.0	0.16626544686072514	0.11961559671660123	0.349014705793205	0.0
Danaus_plexippus_plexippus	248676414	33	1	473	1	2.4135018265058337	1.5268736967551926	5.243038264862517	2.1008762624458948	0.20341011319269212	0.18842164186241062	0.44189596338837994	0.26125710569990684
Suhomyces_tanzawaensis_NRRL_Y-17324	13136204	5	0	17	0	1.4308265100309656	0.3892278242089757	2.45440490927705	nan	0.28443378735402625	0.143729914626603	0.48791078383841097	NA
Acanthochromis_polyacanthus	991584656	61	7	2631	77	1.92269387072987	1.3433399964597237	6.894353274676648	5.672989401651893	0.135821515113295	0.1220516466048163	0.4870279470903048	0.5163968570405546
Phaeodactylum_tricornutum_CCAP_1055_1	27450724	4	1	119	1	0.8105148991346658	0.5609967473538691	3.86894784799629	1.9828880513582414	0.09932497632791037	0.10568358254210107	0.4748924102854911	0.3978821367482903
Verruconis_gallopava	31780469	8	1	85	3	1.0352419357584721	1.6671668169663543	3.127466022849485	2.3701018398929135	0.12529313728834512	0.289021158528113	0.3787120556873036	0.42832731090432447
Habropoda_laboriosa	296954667	40	3	1814	17	0.9836663963259672	1.2701867675769767	6.486898872778072	4.30136807899815	0.07634204365439691	0.1373568823761258	0.5034528468191708	0.47000459957149404
Cimex_lectularius	510848842	49	4	2367	13	2.2030128853704976	1.4982283246239143	6.533454392353237	3.176116145262589	0.1589076025412267	0.15367844251624005	0.4712746561504013	0.32847912784919403
Charadrius_vociferus	1219859583	26	1	331	1	1.0034490955968034	0.8638196104972976	4.202522368891758	2.373322935594705	0.08032825882332259	0.11457163874631902	0.3364215636309752	0.31670174484526287
Drosophila_innubila	167978031	36	3	709	9	1.7608975422861464	2.1119262050806444	5.534128359897972	3.583888758017777	0.14689493581875304	0.25182747998452587	0.4616788739193536	0.43370984834477067
Nasonia_vitripennis	297309692	52	13	1218	38	2.5246997587179068	2.5709225834650384	5.749603504522066	3.505121679606861	0.20294120557480883	0.2777435972319827	0.46218876751553045	0.3814469600721761
Culex_quinquefasciatus	579042118	38	5	1714	28	1.2429793413487087	1.586910713927502	6.132918620492002	4.402229140339784	0.08889980765772179	0.14715014205179353	0.4386382296130434	0.40914659981876145
Trichophyton_rubrum_CBS_118892	22530013	3	0	6	0	0.3987854508969435	nan	0.4931520677801605	nan	0.08001944799572551	NA	0.09895485442852076	NA
Ceraceosorus_guamensis	24148100	3	0	10	0	0.7220391151858658	0.0	2.0111083025577883	nan	0.15081782987395478	0.0	0.42081111849411995	NA
Metschnikowia_bicuspidata_var._bicuspidata_NRRL_YB-4993	16055203	7	2	34	2	1.4139721073340779	0.7693805136766225	2.7516269489056775	1.1415872774311566	0.19408013676424132	0.15708568370985382	0.377685056019008	0.24103451108940305
Empidonax_traillii	1123485537	22	2	437	3	1.427631928071027	0.9903205406341357	4.82322293274411	3.3515145765449827	0.11362379223433378	0.12679587987080643	0.3838778205159546	0.43329233686434987
Brassica_oleracea_var._oleracea	488954160	23	2	2770	25	1.357121597620761	0.8756016555163445	7.012999323410735	4.458177874107972	0.10150185474896553	0.09582450596800686	0.5245285761102387	0.49774572692059715
Notolabrus_celidotus	846744125	60	4	2271	11	2.604276565601608	2.4396126907607787	6.710485465868023	4.156473103269736	0.18519000289583043	0.23886315404787514	0.4771835998506272	0.40925515785960265
Postia_placenta_Mad-698-R	90891856	6	5	160	12	0.7217233011335373	1.000128778162173	3.124352872539674	2.412267646580299	0.07411125064545743	0.14497320815135117	0.32083862488024717	0.3525874341921151
Etheostoma_cragini	643078674	70	3	2734	8	2.13279435522496	2.204760905766714	7.116513712852665	4.29701153173386	0.15366386805204643	0.2276830766858013	0.5127362252895291	0.4497437345452299
Solanum_tuberosum	705934411	23	2	2708	11	1.2672756510407437	0.918455587316858	6.576568421950028	4.524993210724907	0.09103412728700004	0.09843936436347701	0.47242998620442933	0.4925447142331262
Tinamus_guttatus	1047056493	26	2	229	2	1.0976042283070524	1.5130413219229628	3.8022112251909466	2.3755220325099	0.09222590001237152	0.2085345307820691	0.3194812318246765	0.330326827045088
Lacerta_agilis	1391404169	48	6	2519	28	1.9574950902157828	2.025888612453862	6.616895552743556	3.2297028238535397	0.13066794078798985	0.1827248521803845	0.44169609344223365	0.29176854881402225
Ziziphus_jujuba	437753511	32	4	1558	13	1.7739116560380939	2.135129102400213	6.061156226649349	4.07342002714831	0.13643474966326022	0.2388890437524248	0.46618070261839367	0.4607035732560796
Calidris_pugnax	1229094286	29	1	346	1	0.8241590814478952	0.5240318393259249	4.391072732195222	2.3624704315281964	0.06529802301569758	0.06735365363083864	0.3479053370549926	0.30525401000994223
Osmia_lignaria	177071571	42	3	661	10	1.608801855055589	1.9344775258430804	5.813432721037975	3.811896995780914	0.13826428928532591	0.23741290930119743	0.49962110805417204	0.4753608352205838
Malassezia_pachydermatis	8150648	1	0	1	0	0.0	nan	0.0	nan	0.0	NA	0.0	NA
Pyrenophora_tritici-repentis_Pt-1C-BFP	37997465	10	6	205	20	1.860542923192185	1.939158214375993	4.425574878015539	3.292534874221967	0.20636228631268558	0.25754463186903825	0.49148231836554007	0.4401200806710953
Punctularia_strigosozonata_HHB-11173_SS5	34171901	5	2	195	7	1.217800179817365	0.5813215742414455	4.695326069096561	2.7737404373236307	0.1486871165499037	0.09967991922090726	0.5750897377237452	0.5146972570391223
Juglans_regia	699672627	28	2	2649	53	1.5823403905808262	1.2773306987090582	6.864708821639823	4.7358900006920415	0.1132723867263254	0.13125235880772837	0.4914170308318727	0.4900246399349186
Leptosphaeria_maculans_JN3	45124619	11	3	101	3	1.185558537213844	0.9878666363824877	2.8090403686562784	1.0600410913832639	0.13159952492986976	0.18038404291654128	0.3119495309102854	0.2018251916822813
Bipolaris_sorokiniana_ND90Pr	34409167	7	2	132	2	1.5315747027295814	1.422332989425484	4.0167772794232235	2.501057737571119	0.1831346058614986	0.23264751872733344	0.48063332794233726	0.415387483564786
Serpula_lacrymans_var._lacrymans_S7.9	42797233	18	5	385	7	1.412844665694436	1.2404407773095465	4.029717397472373	2.3379299533160594	0.14362906789772117	0.17438717775526263	0.4099383853931944	0.33432359464646794
Aquila_chrysaetos_chrysaetos	1203454851	26	1	367	1	1.484005555341574	1.5857402318303637	4.6193698986270455	2.581033659295318	0.12026646140939383	0.21687156996795237	0.3743659726286071	0.3552485892244452
Venustampulla_echinocandica	33639795	6	0	66	0	1.378415950741203	0.6834038896302789	3.1573437781058957	0.0	0.1799250497509393	0.1828422411353071	0.4125873800558018	0.0
Rhagoletis_zephyria	1113962544	53	8	4465	39	1.6529377967723584	1.6863210220845368	7.4799369088249446	6.100235786166998	0.11051781597567614	0.14593927549593438	0.5001204450038474	0.5294868996182525
Chondrus_crispus	104980420	29	9	1198	31	1.9093900945781854	2.373002818609714	5.983341428779573	4.127469430482852	0.17157255394175588	0.2791953121873291	0.5378678598422175	0.4923229883960393
Leishmania_braziliensis_MHOM_BR_75_M2904	32068771	12	3	251	6	0.7234617448726443	0.4932593421168444	4.632716432541681	1.4425351841918086	0.08411025046836298	0.09884099895941834	0.540348364554495	0.30237487860631285
Cyprinodon_variegatus	1035184475	66	4	2597	24	2.2511887696940502	2.043542610161173	6.955573109937355	4.6167147304973835	0.157337423165266	0.19345333002403176	0.48613297385512344	0.4388682438598319
Bipolaris_maydis_ATCC_48331	32929167	5	1	66	3	0.4472888841609977	0.0	3.5920377615959964	1.5844216889371716	0.06003813515948195	0.0	0.48275316693954623	0.4138339230177324
Phasianus_colchicus	1017524032	27	0	394	0	1.1784161136483602	1.369077976512814	4.456968604242373	3.2504225603617747	0.09231908411726147	0.18627231317324447	0.34916659006741996	0.44820716750615597
Quercus_lobata	846070421	31	1	2686	4	1.5717897153642773	1.7087788579288017	6.655814488135739	4.253919238565112	0.111252375459688	0.19197402415738074	0.47110674207468867	0.48819409009042497
Eremomyces_bilateralis_CBS_781.70	26864015	12	3	136	3	1.9231310041307557	0.9889418315212439	4.33506173036181	2.643277839035544	0.23989216361047974	0.16670616272128094	0.5417002877346746	0.4636968693759551
Yamadazyma_tenuis_ATCC_10573	10747050	2	0	4	0	0.6654686071396594	nan	1.2860195742245704	nan	0.17381325076563744	NA	0.3358944965187557	NA
Drosophila_takahashii	182106768	36	3	1084	12	1.7749640301607335	1.2677676871833337	6.034752156867886	4.856913096619483	0.14732548538722945	0.12951198474474854	0.5009342357432125	0.498288820494637
Panicum_hallii	535889049	19	3	1524	14	1.072269343805653	1.874719030152266	5.298411731850553	3.440206688686282	0.08364881279391957	0.23274440941002414	0.4133528834428182	0.4346649219401483
Poecilia_mexicana	801711499	54	2	1968	12	2.224096337209707	2.1079009260252857	6.701628328611298	4.807801419350755	0.16122261354685305	0.22364307366400654	0.4857974229033508	0.5151839201217262
Aspergillus_oryzae_RIB40	37912014	10	1	34	1	1.774251095203172	1.2735196612650899	2.684381645236243	1.529254921646255	0.2715501126853639	0.29778327927037057	0.4112130744577289	0.37200239466695123
Morus_notabilis	320378613	30	2	1766	3	1.4388253441434944	1.6347724912512518	6.452488288116585	3.604775096554786	0.10985220225174307	0.2075569779612426	0.4926469499430039	0.47632670999499815
Pygocentrus_nattereri	320378613	66	16	2815	80	2.1382704881917234	2.0304529316176314	6.652755850965349	4.482325047921817	0.14217409462908545	0.17777308339062045	0.44234371024449237	0.39299962249834913
Ficedula_albicollis	1118343587	17	0	357	0	1.4142596370681018	1.039147902904606	4.578305779114672	1.8162500753525352	0.1137364402575585	0.15848452493878365	0.36819491085761624	0.2855154399206438
Macroventuria_anomochaeta	33336106	8	1	104	2	1.447217991241385	0.8740085217230721	4.001299626136698	2.336094303928798	0.1716547465047582	0.1549136685049556	0.474828526193243	0.4224838164947299
Gossypium_hirsutum	2189140010	19	2	2234	9	1.089951890930712	1.0595516877170803	6.3072990465739425	3.298138631038973	0.07282384124691171	0.11209498763014988	0.4214162536819886	0.35142788249720325
Chelonus_insularis	135730493	36	1	582	2	2.0690806129362715	2.374762680171922	5.6085487604614945	4.091346579742652	0.18499505290016144	0.30350553906959643	0.5014651466361392	0.5327793495490196
Marmota_marmota_marmota	2510587379	27	2	907	2	1.9300230293300635	1.1793082261577328	5.309118166526746	1.7251562153910953	0.12760709712078835	0.12425841895299801	0.3510225498559713	0.182277688959495
Drosophila_miranda	287096000	31	4	452	6	2.073112991361731	1.8804556062077618	4.429872117210104	3.4743876440075705	0.16999109511269447	0.2025346327208272	0.36324541976913904	0.37529702733685105
Alligator_mississippiensis	2161713562	53	1	2210	4	1.8085042214556808	1.1913028622448338	6.6285227839377505	4.0211248597823745	0.11996635150234308	0.12416853242742326	0.43970099261479023	0.4212575432226383
Drosophila_navojoa	147357603	24	0	215	0	2.355139448985845	0.8925216116943638	4.559311869369203	3.2463577279259463	0.20942870671398092	0.11365607817077931	0.40543468725449433	0.41595124199085337
Drosophila_sechellia	154170815	20	10	657	32	2.2052990604157587	2.1359142845171983	5.240613680308187	3.694798245898414	0.20062182462609093	0.2352062051834476	0.4769382162031328	0.40886044622998463
Trypanosoma_brucei_brucei_TREU927	26075494	8	2	74	2	1.3779591184029862	0.7633736986493513	3.1262200320340567	0.9970013871384066	0.1615892979532954	0.16612704859634778	0.3668847755212254	0.22102248711094555
Gaeumannomyces_tritici_R3-111a-1	43768664	7	1	124	1	1.4393321909774415	0.0	3.183069411207458	1.0176647091419602	0.17266645177867054	0.0	0.3822588120864105	0.3022201673162907
Abrus_precatorius	347230236	23	3	1572	5	1.6364325943988465	1.4728547331301178	6.325937935942826	2.9749388806385455	0.12861961819469336	0.20940547029001252	0.4972237189168357	0.4368394497516347
Oncorhynchus_tshawytscha	2425713975	60	3	2614	9	2.1400693633406807	1.5780923826436732	6.41005154845787	3.4218545063766572	0.13926362566771464	0.13435813796108642	0.4171304413746485	0.29178650215642693
Blastocystis_sp._subtype_4	12919355	4	0	37	0	0.4408844478819135	0.0	3.090046183309339	1.0757826996478652	0.0669129408842566	0.0	0.4703637906193316	0.3591050873086229
Sitophilus_oryzae	770567808	56	18	3133	79	1.6568656560542727	1.6771042613472396	6.8340652171978435	5.832070163927701	0.1151033140425294	0.14361292107243737	0.47476874389007445	0.500128338715026
Agaricus_bisporus_var._burnettii_JB137-S8	32614392	12	2	96	6	1.6678055551729314	1.3391066316500715	3.435865425175212	2.9636165691828147	0.1927170157307213	0.19781055426991423	0.39701854280217685	0.4399811993438709
Pediculus_humanus_corporis	110781312	16	1	147	1	1.8058236276339124	1.3197598937741362	4.384768500715538	1.8444066580487637	0.16430189778813367	0.1998852442896478	0.398969075632787	0.282350316983132
Helianthus_annuus	3027844945	27	3	2391	9	1.1962769450219346	1.184989645355541	6.073494802013232	4.867751451405367	0.07897026215929813	0.11274423886322343	0.4009328604855382	0.4652772143831877
Aspergillus_pseudotamarii	38243929	8	1	59	1	1.1994019414074426	0.666378900816158	3.634557612111947	1.0957247382589121	0.16681709661441704	0.18319260948207539	0.5056665237537779	0.3404060292707245
Paramecium_tetraurelia_strain_d4-2	984602	1	0	1	0	0.0	nan	0.0	nan	NA	NA	NA	NA
Blastomyces_gilchristii_SLH14081	75404732	11	0	164	0	1.0812312155872352	1.0175673293894152	3.593620380638458	1.5656515059117724	0.10341008121375404	0.18058657040488102	0.34374589522456866	0.29691857329459415
Aspergillus_clavatus_NRRL_1	27859441	7	1	69	6	1.0719599577705887	0.0	2.7339945908367915	0.0	0.14730293622514634	0.0	0.3762656393496626	0.0
Hyalella_azteca	550885727	47	4	1651	25	1.469444631258507	1.270430960643046	6.547204839821115	4.900710605579017	0.1110927897044874	0.12301188598367621	0.494987590659727	0.476052190245514
Sparassis_crispa	39020349	17	4	402	15	1.6596554408884483	1.8106631855281377	4.6852182887516	2.3287265824878483	0.18225329704600254	0.27041779598775256	0.5154331401722728	0.36245510590538393
Drosophila_grimshawi	200467819	15	7	400	14	1.1528117416181087	1.8829252098078975	3.2480637200859652	3.436466576492115	0.099196834510237	0.2169568188628204	0.2795012466280633	0.3976524015112785
Penicilliopsis_zonata_CBS_506.65	26088231	3	0	31	0	0.658569364790942	0.4591297571278603	2.041036872794754	0.0	0.09099054258471644	0.13370165052688282	0.2821944117619428	0.0
Trachymyrmex_septentrionalis	291747019	51	4	1903	27	1.507530443501958	1.4843207990920597	6.824355607567892	3.2811758083629687	0.11657575161856855	0.16584323553695265	0.527732525197159	0.370738648522757
Coccomyxa_subellipsoidea_C-169	48826616	6	3	95	5	1.3785303697583668	1.0337046677833068	3.237726353042393	1.5704430390380943	0.14752974545737876	0.17027661449038356	0.34652608760827747	0.2618953701003832
Eimeria_tenella	51894357	12	2	193	7	0.9131991329712023	0.011965987899001168	4.345937743045299	2.2603551032079103	0.0826619664614967	0.001979483437544234	0.39340854273171616	0.39746173696498865
Carassius_auratus	1820635050	69	10	2994	45	3.048878068448571	2.597016901556653	7.066804701492312	4.9326109347091	0.20418355817488504	0.2258847004762485	0.47326535658730273	0.42986318172537635
Myotis_brandtii	2107242811	39	6	1121	14	2.1295109714825733	1.4399584059819668	5.5659045115747725	3.1647676931952415	0.14071898404682776	0.13330377618106234	0.36779749570177706	0.2932307149280327
Cottoperca_gobio	609391784	61	10	2012	18	2.410745834838022	2.05355329150793	6.594007325746329	3.400241939116899	0.17771147764550752	0.20273223150363046	0.48608866341184964	0.33745912435644837
Agaricus_bisporus_var._bisporus_H97	30233745	10	3	85	3	1.7121578381158424	1.61343582560673	3.1978852456740223	1.62402460144615	0.20953266950311092	0.29789621790431386	0.39143625006196064	0.31479108233117975
Eimeria_maxima	45975062	14	1	442	1	1.105298339669054	1.1195428880996037	4.66382418171499	2.1386563991047582	0.09572514854323634	0.208456217350009	0.40395984453629735	0.45676985444475204
Tursiops_truncatus	2378522213	30	2	854	2	1.5300050978970088	1.1951881642154036	4.987561294800359	1.5465177006587751	0.10296542931557894	0.11894045279108507	0.33565035548303623	0.15404257793002502
Plasmodium_vivax	27013691	7	2	67	4	0.8433505718035258	0.0	3.8434369712833054	1.0718821697459942	0.10697739718376864	0.0	0.4881896289771008	0.20192692434685627
Mus_musculus	2818974548	21	3	1142	11	1.7630171864723208	1.037793248250427	5.566105875947572	2.424334856581128	0.1156585130646287	0.10018694284325687	0.3651513102477691	0.23437116442033942
Ustilago_maydis_521	19664356	5	0	31	0	0.8558938269621861	0.09696149064103693	2.202003903327465	0.3640451883259537	0.11778094979155011	0.023493659666712685	0.3032551498454471	0.09258935220728752
Xiphophorus_maculatus	704321165	55	11	1996	37	2.4650171041228757	2.743993083796304	6.589826310549833	4.605254760606604	0.1787151322825841	0.2800083978576578	0.4777692471663649	0.47234576576716386
Entamoeba_dispar_SAW760	30633164	10	4	118	21	1.6185790688393802	0.6396276086121808	3.6173820255717826	2.597960659285274	0.17243734917978637	0.07914738404009641	0.3854236638547356	0.32205450564264104
Fusarium_coffeatum	37769732	4	2	44	3	0.46995264562296946	0.5222321012623716	2.956895029967062	1.3556582532666077	0.05968138563193944	0.12211196449035003	0.3756364934531048	0.34653637041130836
Nothobranchius_furzeri	1242518059	60	11	2830	42	2.439154752074099	2.4872152442127646	6.857291869814368	4.66915535572962	0.17044704122524038	0.22091083319677496	0.4791876684236002	0.41561571973497935
Phoenix_dactylifera	556480649	25	2	2058	6	1.6018017267344258	1.646692530192221	6.451434136008146	4.670960703201549	0.11993832554144704	0.19374137756520493	0.4830725914068341	0.5611865289451292
Sinocyclocheilus_grahami	1750287761	66	4	3725	15	2.771062360161868	2.2284186029141932	7.300172321133751	5.332158159554329	0.1831686145375534	0.1920957649082861	0.48254575400715766	0.46074743426977416
Pundamilia_nyererei	830133247	53	7	2030	18	2.417935976601713	2.090573407898039	6.704678420217307	4.31358063634749	0.1763739144819741	0.2026522986193067	0.48906830390757344	0.4196620970433478
Bos_mutus	2645145588	32	0	857	0	1.824220335326805	0.8232094989339048	5.079731446817881	2.290319010904938	0.11856249478613691	0.08116873438457736	0.33014970865089355	0.22610993375042945
Solanum_pennellii	926426464	28	1	2262	5	1.2601484692377791	0.985671770951634	6.165910087566223	2.7832030591934243	0.0903150232596122	0.10918983671736758	0.44191594846688487	0.31192998310594827
Petromyzon_marinus	1089050413	50	5	1284	17	2.699270863683509	1.8124429999169285	5.444439216971615	3.0206050485650233	0.1819404730415465	0.16583563649632507	0.3669750639884642	0.27666348315464484
Auricularia_subglabra_TFB-10046_SS5	74920202	11	2	529	4	1.1943511678077992	0.712443953146928	5.581292778525336	3.4804540128132184	0.12260446809272268	0.10913733852720615	0.5734998047276505	0.5596844861903989
Camponotus_floridanus	284009182	44	5	1236	21	1.7194482476921036	1.7997982131573222	6.09126374714284	4.340189944140014	0.14133860374351445	0.1958989892663296	0.5007411872292805	0.47573385235295873
Plasmodium_yoelii	23083521	3	0	36	0	0.11453395359706753	0.0	2.521219979599041	0.0	0.013296883713841648	0.0	0.29277042305814893	0.0
Eremothecium_cymbalariae_DBVPG#7215	9669424	2	0	10	0	0.10765280602924421	0.0	1.2211606286945729	0.5373767755078038	0.019216444611637046	0.0	0.2187089524486542	0.14668151580730548
Galendromus_occidentalis	151724311	33	2	415	2	2.3917507127229194	1.7439080048863236	5.615980306694567	3.657052247522087	0.2301284908884072	0.24466651885531968	0.5403784041487389	0.5285754223525172
Echeneis_naucrates	544229245	56	6	1164	18	2.8193031187658484	2.640279230576979	6.2139011649444225	4.019558947097411	0.22257750700433798	0.29724403739116173	0.4905789704203886	0.45686396632157655
Aspergillus_fischeri_NRRL_181	31770017	15	4	95	8	1.8693254713827812	1.262536050319341	3.9634460535426994	2.0412042998985997	0.252053677765675	0.24445079751489387	0.5359551607041947	0.4026914335852967
Salarias_fasciatus	797507141	66	2	2077	10	2.615646795901494	2.677009889961994	6.868198418949635	4.858879879690514	0.19173752769080804	0.2695093777017437	0.5034688436066891	0.49242550680750224
Aspergillus_niger	33975768	7	0	24	0	1.528642677888695	0.40230076783844587	2.147432864161187	0.35665449749310846	0.25398670809099444	0.10507663846694025	0.3567998014866553	0.0980470239967967
Tetrahymena_thermophila_SB210	103014375	5	0	44	0	0.4306615992827605	0.532520912591421	2.8114817213635312	1.4979196667533217	0.05214326236383909	0.11721029299475769	0.3404060851312242	0.36294424339103654
Kwoniella_pini_CBS_10737	20828584	3	0	3	0	1.0121110564716556	nan	1.0121110564716556	nan	0.26287591052928005	NA	0.26287591052928005	NA
Mizuhopecten_yessoensis	987568220	45	2	2293	14	1.3546230412307687	1.5646370961664555	6.733226738825295	5.009618733155602	0.09595525389516835	0.14915596247433097	0.4769532529060548	0.47990186369731813
Nicrophorus_vespilloides	195273382	29	2	709	3	1.3678663857139635	1.5977945088961585	5.703641933110251	3.793443615690577	0.11370412002634601	0.20026726395231614	0.47413286878595584	0.48968302649156265
Coturnix_japonica	927656957	23	0	316	0	1.067862482555725	1.2447992438757753	4.45202129837288	2.4912141215336727	0.08487996002864373	0.1643172508962464	0.35387425623593316	0.33105392280844104
Branchiostoma_belcheri	426123519	58	2	2747	41	1.5222252128379496	1.1065151760748662	7.043199566679355	5.297958211692272	0.11148989929384809	0.10799433472350775	0.5158607429403687	0.5206739944168821
Nosema_ceranae_BRL01	7860219	14	0	233	0	1.4239620527192753	0.6399398876998318	5.1294651443376775	2.1456040438563435	0.1585940413230191	0.11393376667346976	0.5713834583401305	0.44662669540313765
Pipra_filicauda	1110963465	29	2	416	3	1.5805380329457108	1.6196313033281933	4.787754938324058	3.3186706368352974	0.12572625992990355	0.2161434314787797	0.3808525914771101	0.44722530130573107
Fonsecaea_monophora	35229797	2	1	43	1	0.6105550761289288	0.41623627833000454	2.7712459189724594	1.1641214788647125	0.08777901618215968	0.0934449540295377	0.3989139910818392	0.3023576234707634
Xiphophorus_couchianus	688541509	56	8	1932	35	2.401896229491641	2.5128632844299954	6.5528310258930045	4.007162299350666	0.1744422546232791	0.2534716505507608	0.4759149284444671	0.40607152522075474
Zeugodacus_cucurbitae	374820345	40	5	1289	23	2.085420952070649	1.7209919318602753	6.001902175858302	4.937557848916936	0.1624547104252084	0.17471190656411578	0.46755829996249937	0.5037747284369504
Bombus_impatiens	246856484	28	1	888	1	1.2230965400017275	1.1640929306753856	6.097831620245402	3.323372427705578	0.10137342903029181	0.16228381625162733	0.50541382362127	0.47925902239162577
Pseudogymnoascus_verrucosus	30174856	9	2	108	3	1.4529372416273962	0.3423164887339624	3.6728293617473113	0.0	0.18398773001765972	0.092796875851338	0.46633896830664445	0.0
Plasmodium_relictum	22607426	2	0	37	0	0.6590408297497603	0.6510526734278157	2.707220986469902	1.454084868651334	0.06986246272633445	0.14263869584814595	0.2869921471546796	0.33783988791136926
Pneumocystis_carinii_B80	7661456	1	0	7	0	0.0	0.0	1.3000581061523167	0.0	0.0	0.0	0.25553483816104183	0.0
Alternaria_alternata	32990834	5	0	24	0	1.3080739067463187	0.0	2.7155996696556257	0.6922940257101133	0.19017328019780122	0.0	0.3952210141328862	0.2699055338836236
Cordyceps_fumosorosea_ARSEF_2679	33485962	6	1	67	2	1.041188496844943	0.5565394925428427	3.489823481500587	0.20837599215955005	0.13571585025001165	0.12494299512993537	0.4552207743710603	0.052997261736443854
Eurytemora_affinis	389032277	34	1	2077	6	0.6770167057725264	0.8309734051505734	6.548156607915681	5.144203374749702	0.049028206607081716	0.08618158297570441	0.4742069646967417	0.5394240653205651
Millerozyma_farinosa_CBS_7064	21459642	5	1	10	1	1.2941464374853104	0.0	1.6505214782946096	0.0	0.25759896799203946	0.0	0.3285351774282598	0.0
Panthera_tigris_altaica	2391082183	29	1	806	1	1.5595609172314167	1.070478894993117	5.224759418499097	2.1255375757280683	0.10354644507723224	0.1297370566338444	0.34689609674613836	0.2593944465866771
Paracoccidioides_brasiliensis_Pb18	29952540	10	2	133	2	1.576460200415093	1.490257541688097	3.734712477407129	1.690233027545108	0.183116779506125	0.3140735212585974	0.4341357910682588	0.3765582435999317
Cladophialophora_yegresii_CBS_114405	27898422	3	0	13	0	0.6498030183832204	0.0	2.0625035503011837	0.0	0.11568978102974042	0.0	0.3684080202254334	0.0
Frankliniella_occidentalis	274989634	35	1	1561	4	0.7602561202339612	0.34749533308805347	6.68458781746197	5.388504291157938	0.0612349016485471	0.03807940717403182	0.5384211409548484	0.5988302216418164
Sander_lucioperca	900477767	76	8	3698	56	2.3444242326567974	2.4438026970177034	7.318723647295229	5.292149788464649	0.16261358563714412	0.21766363306281483	0.5076416078245398	0.47305244784491585
Nematostella_vectensis	356613585	53	20	1314	93	2.5378800036661344	2.7015974155034956	6.211984027150147	5.552632307783135	0.20209569257360033	0.26577633723598276	0.49467997818064824	0.5479058543818783
Chiroxiphia_lanceolata	1089631598	26	1	422	1	1.447893702355574	1.0985033678924179	4.841690481606706	2.3363189722670343	0.11521771573769005	0.1580831220765591	0.38528460200052494	0.3429537024282416
Drosophila_hydei	153741574	24	3	279	5	2.3564963285045426	1.7500607950470817	4.606157521126776	2.3974978121747603	0.2120742591263207	0.23262987362334703	0.4145555682166937	0.32128501142440125
Rosa_chinensis	514324162	29	3	2418	15	1.5754329953604609	1.7393154014951324	6.505183102855856	4.446434310935678	0.1185760812419223	0.1938311920797534	0.4896324237634756	0.5050111950779965
Limulus_polyphemus	1828271751	50	4	2271	13	1.7262516746096128	1.4026649128621693	6.567435975585024	4.739097536449575	0.11484425675590408	0.13312051409577402	0.436919404607515	0.45126636056390446
Drosophila_persimilis	195512972	31	9	946	53	2.2010624707536275	2.1371036331136057	5.667690617294229	4.520803472887819	0.18538642531247948	0.2202139259200421	0.4774128351025431	0.46729602917478413
Arthrobotrys_oligospora_ATCC_24927	40072829	3	0	30	0	0.8585988812885652	0.0	1.958930752272616	1.9595389093554174	0.119391965336079	0.0	0.27248366202442403	0.40651959490035683
Eutrema_salsugineum	243110105	18	2	1225	5	1.5057362820755908	1.6392856775199844	5.707819439370729	3.8835903656398676	0.1263994752400161	0.21977984085678123	0.47920748561479226	0.5464130970892509
Uncinocarpus_reesii_1704	22349738	5	1	34	1	1.1037431833768592	nan	2.979440726324358	nan	0.16953907596978168	NA	0.45903060120904104	NA
Haplochromis_burtoni	831411547	56	3	2121	23	2.4227011982405404	2.297841295085138	6.742232597826268	5.014404569712032	0.17647978785601215	0.22327267361169156	0.49113574519972675	0.489120091208345
Fusarium_fujikuroi_IMI_58289	43832314	7	1	62	1	1.4910664346955749	0.5831464552156794	3.110886659241444	0.7579497243924301	0.18368966844000345	0.13868943773115716	0.38339621700001375	0.2041026027711075
Hammondia_hammondi	67701403	5	0	105	0	0.24710549352421068	0.0	3.4060731643924	1.8110982892324015	0.025289133072249607	0.0	0.34858244662900745	0.3518407445389934
Nomia_melanderi	325881203	37	6	1608	80	0.6699905194639258	1.01136950230593	5.941229755428386	4.619384745581647	0.05148625760714493	0.10560940175611715	0.4565639550398831	0.4844756865815079
Aspergillus_heteromorphus_CBS_117.55	35607567	10	1	55	2	1.2384791614132948	0.2664967966485734	2.420547242908433	0.2633085287177753	0.14893065051283552	0.07689472138753828	0.2911119780551851	0.08081667490358421
Tilletiaria_anomala_UBC_951	18704010	2	0	13	0	0.6927680404446355	nan	1.7637272246881748	nan	0.11311083303907586	NA	0.28797035081199035	NA
Formica_exsecta	277633851	44	4	1203	17	1.6987854291583995	1.351548216774893	6.496841916659601	4.664061972376025	0.14081428371728513	0.14689794600851874	0.5385582578421662	0.5116947553740224
Schizosaccharomyces_japonicus_yFS275	11733154	6	4	65	8	1.1912332518379987	0.6583115175079643	3.52616529422015	1.9812599874569772	0.18418193275299735	0.14060082590045248	0.5505135870367063	0.4588918221327061
Electrophorus_electricus	551880868	53	1	1336	2	2.569887019782984	2.303294020319606	6.399810015673033	3.524662676037716	0.19808558253313505	0.2953500303174588	0.49330053858073053	0.4647647598735571
Odocoileus_virginianus_texanus	2380505687	25	1	846	1	1.9328947900009892	1.0859479425561034	5.16622697753842	2.403696261674278	0.12643172434954297	0.11663857924994428	0.33792588934474194	0.2589992998704091
Trametes_versicolor_FP-101664_SS1	44794008	8	4	210	7	0.9339140988863291	1.3208962875567798	4.80095758977855	1.7201854161368046	0.11105616788482427	0.23038856815994455	0.5718196914663307	0.31109638787518873
Peromyscus_maniculatus_bairdii	2630541020	28	1	1099	1	2.0086824152357723	1.6080663324547881	5.830156064839191	3.7254967004420516	0.131588184840782	0.17208975569639326	0.3819319227351994	0.40058718087581496
Aspergillus_homomorphus_CBS_101889	34054866	7	0	41	0	0.43541280973965557	0.36276608084703316	2.129635634770763	1.2221543879046752	0.059011949862771994	0.08972581765982154	0.28875413936429667	0.31921359598352667
Kazachstania_africana_CBS_2517	11130140	4	1	30	1	0.4267215926476741	0.6907641810008671	2.9415860786773647	0.0	0.06636706221867875	0.2345995912594595	0.45761323965512124	0.0
Cryptococcus_neoformans_var._grubii_H99	18916112	10	2	30	5	1.3486700907965603	0.5301675875645193	2.9308638793570605	2.045093285480605	0.1900191346593885	0.09950824132704382	0.41294028981613673	0.3897625124937779
Cyphellophora_europaea_CBS_101466	28781303	2	0	5	0	0.4263012961676217	nan	0.8673277990565434	nan	0.07958451041539967	NA	0.16220504152460283	NA
Ceratina_calcarata	199936949	36	2	944	11	1.3136563691093643	0.7892823013674377	6.2822435369084335	4.413615924675535	0.11162709380306618	0.08933372946954234	0.5338531010829111	0.5047864077829947
Aspergillus_piperis_CBS_112811	35280331	6	0	32	0	0.9053662341942856	0.5193760412601276	2.1096844139959368	0.692187547420117	0.1292982104497266	0.1594108815374528	0.30144766840922693	0.27855676086631703
Besnoitia_besnoiti	58845926	6	2	32	3	0.5685984188863878	nan	2.486042193725094	nan	0.07779202333143544	NA	0.340405902681135	NA
Pan_paniscus	3051901337	32	1	927	1	1.7997565645701217	0.3752925441731428	5.116520308172639	1.8926908751728388	0.1177418916586853	0.046465349472532	0.3347281109597695	0.23771349848951592
Giardia_lamblia_ATCC_50803	11213615	3	0	19	0	0.712420164725077	0.0	2.6471544861371514	0.0	0.10234016195068031	0.0	0.3802674773029344	0.0
Theobroma_cacao	324879930	25	1	1212	3	1.4965956300966674	0.3131559316947435	5.595490443653279	0.4253144522776502	0.11836250931004737	0.047256567058440356	0.44254900807591585	0.06734605578577287
Stereum_hirsutum_FP-91666_SS1	46511623	5	1	192	4	0.3853051242948606	0.5289474643068173	4.684224665340608	2.739907077081384	0.04636824380992511	0.09116454199754974	0.5647863327134219	0.49954576446600407
Manihot_esculenta	582117524	18	2	1440	2	1.1358429120478943	1.7736947068483608	5.482216907322396	3.1500182873719194	0.0859382958657286	0.22220022481704294	0.4147943877763269	0.4026897467868163
Aspergillus_costaricaensis_CBS_115574	36947918	6	0	35	0	0.692182284604986	0.5988886762149043	1.5436102074117435	1.078028996573878	0.0933013517375018	0.16234975516670996	0.20808473725561472	0.33921042692214287
Leishmania_infantum_JPCM5	32122061	7	2	261	12	0.4951355881179379	0.17565510347296637	4.764559782283035	1.0749252763390045	0.056989978959683475	0.029161887899254894	0.550806645258902	0.18056128667678642
Setaria_italica	405732883	25	2	1922	4	1.5655527566905059	0.8536037658287453	5.975422249423914	1.2596598034881434	0.12276890607751267	0.10280962033313767	0.46860885854518275	0.15467148502177722
Quercus_suber	953298670	31	3	2659	4	1.5075771758920171	1.3409636180675757	6.654815379538883	3.9217164188294102	0.1060604482684261	0.15824693133242201	0.46818021161270407	0.48218058830102084
Candida_auris	12741178	3	0	14	0	0.9052668982426202	nan	2.3315391903302047	nan	0.16492570027324419	NA	0.42477056702968485	NA
Drosophila_simulans	124963774	20	4	450	6	2.361899357489241	2.250052863197454	5.44678522042005	4.294745664738445	0.22486715246518055	0.2958884255886536	0.5186266575482515	0.5788082594459293
Drosophila_guanche	140653667	22	4	350	8	1.418801358503997	1.8739575744344579	3.940813634343692	3.562643624932792	0.12656376420328166	0.22367784440811225	0.3515489033084449	0.42805418504340964
Puccinia_graminis_f._sp._tritici_CRL_75-36-700-3	88724376	24	3	1069	4	1.5820326682785737	0.9869205856785639	6.020153691690981	2.857614853683311	0.1398385659620894	0.1307795152682722	0.5323112363773692	0.3893453473876579
Coccidioides_posadasii_C735_delta_SOWgp	27013412	11	1	49	1	1.3862481340994433	0.0	3.0832700581725856	0.0	0.17548501039617934	0.0	0.3904025845766639	0.0
Apis_dorsata	230340171	12	0	215	0	0.67427699838426	0.568341788034936	4.799226851738027	0.0	0.06271906772322192	0.1346938618781869	0.4464165841975133	0.0
Oryza_sativa_Japonica_Group	374422835	18	4	1867	7	1.4303752641139091	1.704216938501961	6.232492512316222	3.1500525697031927	0.10923787824643302	0.20739710018607452	0.47598831459064683	0.39220196228463816
Aplysia_californica	927310431	56	2	1625	6	2.3383572109576893	2.2116588161836885	5.834555657194299	4.776549480534233	0.1647515866204407	0.22260449115952302	0.41108148964964014	0.4830817433276894
Eufriesea_mexicana	596278454	34	1	1077	1	0.5349538039859784	1.2766647177346795	3.0238132647593714	3.496754573868386	0.040164879884720096	0.1599825743579057	0.22703150320561663	0.44984902146832223
Rattus_norvegicus	2870184193	25	4	1059	5	1.7209148952284175	0.4315620917403407	5.499102625955092	1.5191442852197634	0.1128742701669759	0.042031407939261196	0.3606848978723644	0.14818240907803681
Emiliania_huxleyi_CCMP1516	167675649	15	5	588	36	0.9182084861561205	0.9786490094530613	5.1677278599539	4.644886926508692	0.0777034992714963	0.1006172661352582	0.4373294004829981	0.47861483380708214
Nylanderia_fulva	375107333	58	18	1688	108	2.434899996013759	2.6032083309350247	6.3197288439949	4.96029197562922	0.18886237077849224	0.24555445046190744	0.49020292401652393	0.46877377312993057
Sporisorium_graminicola	19565848	2	0	5	0	0.3074697865583018	0.0	1.3085420846376967	0.0	0.057762391534736404	0.0	0.24582747163090976	0.0
Acytostelium_subglobosum_LB1	31002963	14	2	92	5	1.574700143239331	1.7736670647141966	3.612667969850721	2.043964435682593	0.175872621270079	0.30715234780140493	0.4036260227103998	0.35941151624720663
Babjeviella_inositovora_NRRL_Y-12698	15221050	5	0	35	0	0.82141106634108	0.3585379285774874	2.977794899456176	0.35954915111978186	0.1286091415334664	0.09165026076789334	0.46673004824499015	0.09238585638045345
Orbicella_faveolata	485548939	60	3	3724	13	1.2035621257496025	1.276359463930888	7.46518094725435	5.752363924455756	0.08975544317723252	0.13442873942530026	0.5567247734225035	0.621977851797441
Aspergillus_sclerotioniger_CBS_115572	36720365	8	1	70	2	0.896820175521756	0.38558125685742384	2.5557822001017128	0.4303170035559546	0.11177345540495856	0.09045512869360765	0.31880933768039127	0.11512975931607085
Nomascus_leucogenys	2843982884	36	0	943	0	1.8550490700946025	0.3934361886990144	5.029879629899454	1.0703847456414965	0.12145992860435453	0.04127566464320161	0.3293333069206966	0.11258082330574952
Theileria_equi_strain_WA	11674479	3	0	175	0	0.47507413370173873	0.6895346112955689	4.469235895346346	0.5708444346778658	0.053201577614038875	0.14698006385489565	0.5006844953449665	0.15808845520385825
Bos_indicus	2673965444	31	0	861	0	1.7846279323076328	0.9861970082313098	4.8114124229907755	2.1475350216297304	0.11630772382370216	0.10301969271867262	0.31356931252056214	0.22492598804763
Diutina_rugosa	13445959	4	2	43	2	0.7105761141395269	0.27600236838858827	2.935783215009663	1.5650943839676896	0.10890005891166693	0.057452364554309174	0.4507415161167166	0.3452973037507178
Nematocida_parisii_ERTm1	4071346	1	0	14	0	0.0	0.0	1.7072278092242645	0.6555843390768172	0.0	0.0	0.2677279148336218	0.20366872620930032
Fundulus_heteroclitus	1021898560	61	3	3017	15	2.166197922658246	1.928781799273458	7.049452272818705	4.895830012329359	0.1498012177283358	0.18838266339378007	0.48750073855637904	0.48135043153401785
Sphaerulina_musiva_SO2202	29352103	8	0	106	0	1.5815694627908674	1.1627920116101127	3.1622860300873135	1.2415429383673078	0.1959745247635054	0.25777615328746645	0.39276513766930327	0.2963353819858689
Leptomonas_pyrrhocoris	30379903	9	2	51	3	1.5000847717894958	0.9809092893908302	3.3755755205144524	1.9197368891244866	0.21162503724422838	0.204535473362458	0.4774016733375842	0.41001347377945985
Cyclospora_cayetanensis	44034411	12	0	92	0	1.2833118037611022	nan	3.060889794835413	nan	0.12788472872770865	NA	0.30506013278102123	NA
Pyricularia_oryzae_70-15	40979121	10	8	75	12	1.6631320945089698	1.7490646469604927	3.0072770396577218	2.2203572911265455	0.19932569602992092	0.24253634986752373	0.36064770088061704	0.30878282939258417
Trichomonas_vaginalis_G3	176420065	19	14	373	103	1.2639268730732036	1.3805890638755707	4.361767477009473	3.9875505381919045	0.10446987373932667	0.12779347409403694	0.3605242070425224	0.3692286641502603
Scheffersomyces_stipitis_CBS_6054	15441179	5	1	27	1	1.0050250304859918	0.730115032337662	2.6030912009390463	1.3177380865394752	0.15221683480728918	0.14630295463202367	0.39466007024173627	0.2694568530772027
Marmota_flaviventris	2581355786	31	1	934	3	1.9567571753993027	1.1102277383609018	5.3222816615214565	2.5152676858799237	0.12861836533053567	0.11135291861714172	0.34983580566430456	0.2526857588913238
Orussus_abietinus	186398216	29	2	950	4	0.5742201331593244	0.7244465710992358	5.7841626701445055	3.5971620515833127	0.047359915088299405	0.08577481887183787	0.47708027540493636	0.43134020769596987
Cercocebus_atys	2848246356	34	0	1008	0	1.814401279049512	1.3670232548240402	5.200478700842408	2.4426022497470554	0.11919658621686853	0.1642105224560459	0.34164419646236366	0.2963048177993163
Cyanistes_caeruleus	1186980630	23	3	467	5	1.674982281399251	1.622548937290229	5.0832529674752855	2.8405227757881533	0.1338307827647459	0.23424974984148939	0.40615206855899383	0.42178099567206173
Aspergillus_ibericus_CBS_121593	33437983	7	1	31	1	0.7688225186110211	1.0176972981176082	1.5746982550400896	1.361271077397656	0.10506088074506134	0.2705778120848392	0.21530251852261723	0.40851966715754845
Mytilinidion_resinicola	47275052	12	1	157	1	1.8975111803622957	1.6030031277491583	3.952376353938151	2.7363544775966275	0.2012696327872998	0.25111638781562673	0.41923701197835406	0.43505218109587207
Spodoptera_litura	438956275	52	11	1657	60	2.0086630337987916	2.249457562024657	6.166943644361903	5.119630144250898	0.14588148534681594	0.2087329534924771	0.44788430556767167	0.4761261210973292
Arabidopsis_thaliana	119668634	15	1	569	1	1.7442468332678387	1.3889985936520535	5.581309989118701	2.531104219214267	0.16587592821205527	0.23631524880002308	0.5308805059469934	0.47210712286920153
Mirounga_leonina	2417320305	27	1	734	1	1.3331816487034016	0.22482063775040717	5.030752124684497	1.3570766866740829	0.08869750653342061	0.02564710500347986	0.3346996055988263	0.15530864718252443
Saccharomyces_cerevisiae_S288C	12071326	6	4	17	5	1.026980050515336	0.9123922666856215	1.323887772063387	1.150058304724796	0.15476014490129816	0.1972751632323037	0.1995024765425344	0.2502781956146609
Protobothrops_mucrosquamatus	1673876332	48	8	1976	48	2.1135621330384957	1.968890583422134	6.2633812045075965	4.612181722453306	0.1414649261257997	0.18075084801852873	0.41922129815696896	0.4240134029780482
Trypanosoma_rangeli	21157315	5	0	38	0	1.0596659287095682	nan	2.6763199167152623	nan	0.1426861814793753	NA	0.3605166352018924	NA
Acropora_digitifera	447497157	69	3	4157	21	1.7460911023391588	1.5802967648748452	7.699536955250137	5.923141531495376	0.12906422240991328	0.15546148758264405	0.5691300133738653	0.5907017242068373
Kwoniella_mangroviensis_CBS_8507	22654511	2	1	5	1	0.6838190905702067	0.0	1.4567704635227092	0.0	0.1776085390249677	0.0	0.37836743268639333	0.0
Buceros_rhinoceros_silvestris	1065782791	25	1	370	1	1.2713680931016245	0.7935242466782583	4.498584888659878	2.9826515311109674	0.10304308292793933	0.10578018045712016	0.36460867958631926	0.4004454669747547
Thecamonas_trahens_ATCC_50062	28680627	4	0	41	0	0.5959882133253909	0.6365141682948128	3.3259399735255	0.4705649359069083	0.07624826241599734	0.17903005761640198	0.4255069785126296	0.15707843456540024
Pteropus_alecto	1985958707	31	3	852	3	1.7932323676109945	1.0936669132899834	5.255718376854413	2.1471288911697184	0.12465033622891689	0.15284505108404367	0.36533330101765177	0.308522193035234
Setaria_viridis	395731502	22	2	1776	7	1.6334346073604715	0.8150297379209565	5.816548671045528	1.3696910241153528	0.1274629968497273	0.09609425153296479	0.4539074233206374	0.16331398935186392
