species	tree_tip	gini	l_arr	l_exp	logS
Aaosphaeria_arxii_CBS_175.79	Aaosphaeria_arxii	0.3262061403508772	0.6931471805599453	0.0	2.0794415416798357
Abrus_precatorius	Abrus_precatorius_-species_in_kingdom_Archaeplastida	0.5529821834157229	2.70805020110221	1.6094379124341003	6.214608098422191
Acanthamoeba_castellanii_str._Neff	Acanthamoeba_castellanii	0.39306599832915623	1.9459101490553132	0.6931471805599453	2.9444389791664403
Acanthaster_planci	Acanthaster_planci	0.5552512562583515	4.07753744390572	2.5649493574615367	6.848005274576363
Acanthisitta_chloris	Acanthisitta_chloris	0.7349033426745469	1.3862943611198906	1.0986122886681098	4.7535901911063645
Acinonyx_jubatus	Acinonyx_jubatus	0.8257347745487896	1.3862943611198906	1.0986122886681098	5.594711379601839
Acipenser_ruthenus	Acipenser_ruthenus	0.6292077721471959	5.66988092298052	4.02535169073515	7.371489295214277
Acromyrmex_echinatior	Acromyrmex_echinatior	0.6154892876637809	3.828641396489095	2.1972245773362196	6.47543271670409
Acropora_digitifera	Acropora_digitifera	0.5837886801594517	5.537334267018537	4.1588830833596715	7.313886831633462
Acropora_millepora	Acropora_millepora_-species_in_domain_Eukaryota	0.581885322467142	5.438079308923196	3.784189633918261	7.191429330036379
Actinia_tenebrosa	Actinia_tenebrosa	0.5877977545405493	4.770684624465665	4.143134726391533	6.7464121285733745
Acyrthosiphon_pisum	Acyrthosiphon_pisum	0.7037170481019177	4.61512051684126	1.3862943611198906	6.340359303727752
Acytostelium_subglobosum_LB1	Acytostelium_subglobosum	0.3992341797662233	2.8903717578961645	0.0	3.4011973816621555
Aedes_aegypti	Aedes_aegypti	0.5911270733803441	5.198497031265826	4.672828834461906	7.532623618788788
Aedes_albopictus	Aedes_albopictus	0.6064229278610285	5.393627546352362	4.6443908991413725	7.429520842786462
Aethina_tumida	Aethina_tumida	0.5840330437518108	3.5263605246161616	1.791759469228055	5.948034989180646
Agaricus_bisporus_var._bisporus_H97	Agaricus_bisporus	0.5131578947368421	2.302585092994046	0.0	2.995732273553991
Agaricus_bisporus_var._burnettii_JB137-S8	Agaricus_bisporus	0.5616530455434479	3.295836866004329	0.0	3.4657359027997265
Agrilus_planipennis	Agrilus_planipennis	0.6405401758506594	4.852030263919617	4.343805421853684	6.80128303447162
Ailuropoda_melanoleuca	Ailuropoda_melanoleuca	0.8093813317334596	0.6931471805599453	0.6931471805599453	5.5909869805108565
Alligator_mississippiensis	Alligator_mississippiensis	0.6165920389397398	3.2188758248682006	1.6094379124341003	6.890609120147166
Alligator_sinensis	Alligator_sinensis	0.6341543559125834	3.5553480614894135	2.1972245773362196	6.9440872082295275
Alternaria_alternata	Alternaria_alternata	0.5384105960264901	1.3862943611198906	0.0	2.6390573296152584
Alternaria_arborescens	Alternaria_arborescens	0.5457928802588997	1.3862943611198906	0.0	3.1780538303479458
Amblyraja_radiata	Amblyraja_radiata	0.7850748845608281	5.135798437050262	4.204692619390966	7.0630481633881725
Amborella_trichopoda	Amborella_trichopoda	0.686344552972267	2.8903717578961645	2.5649493574615367	6.951772164398911
Amphimedon_queenslandica	Amphimedon_queenslandica	0.6295537890746646	4.61512051684126	2.3978952727983707	6.431331081933479
Amyelois_transitella	Amyelois_transitella	0.7199338454430941	4.770684624465665	3.784189633918261	6.507277712385012
Anabas_testudineus	Anabas_testudineus	0.5596660152265133	2.995732273553991	2.3978952727983707	5.924255797414532
Ananas_comosus	Ananas_comosus	0.6753922934686017	3.5263605246161616	1.9459101490553132	6.838405200847344
Anarrhichthys_ocellatus	Anarrhichthys_ocellatus	0.6209470170959271	4.727387818712341	2.302585092994046	6.561030665896573
Anas_platyrhynchos	Anas_platyrhynchos	0.6683018507522185	3.1354942159291497	1.791759469228055	5.1647859739235145
Anneissia_japonica	Anneissia_japonica	0.6173986893367855	6.016157159698354	3.4011973816621555	7.3938782901077555
Anopheles_gambiae_str._PEST	Anopheles_gambiae	0.5564296061326374	4.2626798770413155	3.4011973816621555	6.091309882077698
Anoplophora_glabripennis	Anoplophora_glabripennis	0.5735576927887596	6.133398042996649	4.465908118654584	7.495541943884256
Anser_cygnoides_domesticus	Anser_cygnoides	0.6006799053052073	0.0	0.6931471805599453	4.23410650459726
Anthracocystis_flocculosa_PF-1	Pseudozyma_flocculosa	0.24486024486024485	0.6931471805599453	0.0	2.5649493574615367
Antrostomus_carolinensis	Antrostomus_carolinensis	0.6841819364734656	1.9459101490553132	0.6931471805599453	4.804021044733257
Aotus_nancymaae	Aotus_nancymaae	0.816510289484699	0.6931471805599453	1.791759469228055	6.016157159698354
Apaloderma_vittatum	Apaloderma_vittatum	0.7155204196860581	1.3862943611198906	2.302585092994046	4.787491742782046
Aphanomyces_astaci	Aphanomyces_astaci	0.5471083822720628	5.365976015021851	3.4657359027997265	6.709304340258298
Aphanomyces_invadans	Aphanomyces_invadans	0.41981521611922434	3.5263605246161616	1.791759469228055	6.19644412779452
Aphantopus_hyperantus	Aphantopus_hyperantus	0.7199191564903656	5.645446897643238	4.465908118654584	7.039660349862076
Aphis_gossypii	Aphis_gossypii	0.6895250435364012	1.9459101490553132	0.6931471805599453	4.770684624465665
Apiotrichum_porosum	Apiotrichum_porosum	0.2773972602739726	0.6931471805599453	0.6931471805599453	1.3862943611198906
Apis_cerana	Apis_cerana	0.4917152439511299	0.0	0.0	3.332204510175204
Apis_dorsata	Apis_dorsata	0.5332981493058827	1.0986122886681098	0.0	4.02535169073515
Apis_florea	Apis_florea	0.5326859467191132	1.0986122886681098	0.0	3.9318256327243257
Apis_mellifera	Apis_mellifera_-species_in_domain_Eukaryota	0.5200918053807775	2.0794415416798357	0.6931471805599453	4.127134385045092
Aplosporella_prunicola_CBS_121167	Aplosporella_prunicola	0.5554242165020609	1.9459101490553132	0.6931471805599453	4.007333185232471
Aplysia_californica	Aplysia_californica	0.7325082680815607	4.418840607796598	2.70805020110221	6.401917196727186
Aptenodytes_forsteri	Aptenodytes_forsteri	0.6667679858153192	2.0794415416798357	1.3862943611198906	4.3694478524670215
Apteryx_mantelli_mantelli	Apteryx_australis_mantelli	0.7363479219706658	2.4849066497880004	1.3862943611198906	3.9512437185814275
Apteryx_rowi	Apteryx_rowi	0.6232089494946861	2.5649493574615367	1.3862943611198906	4.394449154672439
Aquila_chrysaetos_chrysaetos	Aquila_chrysaetos	0.65559738965039	1.791759469228055	1.3862943611198906	4.584967478670572
Arabidopsis_lyrata_subsp._lyrata	Arabidopsis_lyrata	0.5218373477779965	4.04305126783455	3.1354942159291497	6.300785794663244
Arabidopsis_thaliana	Arabidopsis_thaliana	0.48296055873973326	2.833213344056216	1.0986122886681098	5.497168225293202
Arachis_duranensis	Arachis_duranensis	0.6399616422391061	4.219507705176107	3.4011973816621555	6.953684210870537
Arachis_hypogaea	Arachis_hypogaea	0.6549181835969413	3.7376696182833684	3.713572066704308	6.946975992135418
Arachis_ipaensis	Arachis_ipaensis	0.6572048066701387	3.784189633918261	3.8066624897703196	7.05444965813294
Archocentrus_centrarchus	Archocentrus_centrarchus	0.6183794598399556	4.875197323201151	3.6635616461296463	6.873163834212518
Arthrobotrys_oligospora_ATCC_24927	Arthrobotrys_oligospora	0.37855508336057536	0.0	0.0	1.9459101490553132
Arthroderma_uncinatum	Trichophyton_ajelloi	0.4444444444444444	1.0986122886681098	0.6931471805599453	2.4849066497880004
Asparagus_officinalis	Asparagus_officinalis	0.6513922236730877	4.0943445622221	2.833213344056216	7.198931240688173
Aspergillus_aculeatus_ATCC_16872	Aspergillus_aculeatus	0.49767441860465117	0.6931471805599453	0.0	1.6094379124341003
Aspergillus_alliaceus	Aspergillus_alliaceus	0.4278458059412041	2.8903717578961645	0.0	4.543294782270004
Aspergillus_bombycis	Aspergillus_bombycis	0.3909722222222222	0.0	0.0	2.302585092994046
Aspergillus_brunneoviolaceus_CBS_621.78	Aspergillus_brunneoviolaceus	0.5014705882352941	0.0	0.0	1.791759469228055
Aspergillus_caelatus	Aspergillus_caelatus	0.3642281851187247	1.6094379124341003	0.0	3.4339872044851463
Aspergillus_campestris_IBT_28561	Aspergillus_campestris	0.47576045627376423	0.0	0.0	2.0794415416798357
Aspergillus_candidus	Aspergillus_candidus	0.33986686390532544	0.0	0.0	2.5649493574615367
Aspergillus_clavatus_NRRL_1	Aspergillus_clavatus	0.41434248554913294	0.0	0.0	3.4657359027997265
Aspergillus_costaricaensis_CBS_115574	Aspergillus_costaricensis	0.6060606060606061	0.6931471805599453	0.0	1.9459101490553132
Aspergillus_eucalypticola_CBS_122712	Aspergillus_eucalypticola	0.4126984126984127	1.0986122886681098	0.0	2.6390573296152584
Aspergillus_fischeri_NRRL_181	Aspergillus_fischeri	0.32504410932454475	2.0794415416798357	0.6931471805599453	3.9318256327243257
Aspergillus_flavus_NRRL3357	Aspergillus_flavus	0.2894736842105263	0.0	0.0	0.6931471805599453
Aspergillus_fumigatus_Af293	Aspergillus_fumigatus	0.43227326266195526	2.0794415416798357	0.6931471805599453	3.044522437723423
Aspergillus_glaucus_CBS_516.65	Aspergillus_glaucus	0.3869858000292783	1.9459101490553132	2.0794415416798357	3.9889840465642745
Aspergillus_heteromorphus_CBS_117.55	Aspergillus_heteromorphus	0.6137504828118965	0.0	0.0	2.8903717578961645
Aspergillus_homomorphus_CBS_101889	Aspergillus_homomorphus	0.4291064740502943	0.0	0.0	2.1972245773362196
Aspergillus_ibericus_CBS_121593	Aspergillus_ibericus	0.5205831903945112	0.0	0.0	2.0794415416798357
Aspergillus_japonicus_CBS_114.51	Aspergillus_japonicus	0.3012345679012346	0.0	0.0	1.6094379124341003
Aspergillus_lentulus	Aspergillus_lentulus	0.3579638752052545	0.0	0.0	1.9459101490553132
Aspergillus_mulundensis	Aspergillus_mulundensis	0.6250117414991546	1.0986122886681098	0.0	3.871201010907891
Aspergillus_neoniger_CBS_115656	Aspergillus_neoniger	0.2687641083521445	1.0986122886681098	0.6931471805599453	2.772588722239781
Aspergillus_nidulans_FGSC_A4	Aspergillus_nidulans	0.3755156353958749	0.6931471805599453	0.6931471805599453	2.70805020110221
Aspergillus_niger_CBS_101883	Aspergillus_niger	0.2640761300555115	0.6931471805599453	0.0	2.5649493574615367
Aspergillus_nomiae_NRRL_13137	Aspergillus_dromiae	0.3026315789473684	0.0	0.0	1.3862943611198906
Aspergillus_novofumigatus_IBT_16806	Aspergillus_novofumigatus	0.44125742430827175	2.0794415416798357	1.3862943611198906	3.6635616461296463
Aspergillus_oryzae_RIB40	Aspergillus_flavus	0.3030769230769231	1.0986122886681098	0.0	2.302585092994046
Aspergillus_piperis_CBS_112811	Aspergillus_piperis	0.29852320675105487	0.0	0.0	1.3862943611198906
Aspergillus_pseudonomius	Aspergillus_pseudonomius	0.27425373134328357	0.0	0.0	2.0794415416798357
Aspergillus_pseudotamarii	Aspergillus_pseudotamarii	0.37319189971070393	0.6931471805599453	0.0	2.833213344056216
Aspergillus_saccharolyticus_JOP_1030-1	Aspergillus_saccharolyticus	0.4769694506536612	0.6931471805599453	0.0	3.6109179126442243
Aspergillus_sclerotioniger_CBS_115572	Aspergillus_sclerotioniger	0.46924829157175396	0.0	0.0	3.091042453358316
Aspergillus_steynii_IBT_23096	Aspergillus_steynii	0.6453546453546454	0.0	0.0	2.5649493574615367
Aspergillus_tanneri	Aspergillus_tanneri	0.47736176698290117	3.1780538303479458	2.0794415416798357	5.117993812416755
Aspergillus_terreus_NIH2624	Aspergillus_terreus	0.26151761517615174	0.0	0.0	1.791759469228055
Aspergillus_thermomutatus	Aspergillus_fischeri	0.3408117249154453	2.4849066497880004	2.1972245773362196	3.912023005428146
Aspergillus_uvarum_CBS_121591	Aspergillus_uvarum	0.5552783109404991	0.0	0.0	2.302585092994046
Aspergillus_vadensis_CBS_113365	Aspergillus_vadensis	0.5504688361831219	0.0	0.0	1.9459101490553132
Aspergillus_welwitschiae	Aspergillus_niger	0.31493242142973454	0.6931471805599453	0.0	3.1354942159291497
Astatotilapia_calliptera	Astatotilapia_calliptera	0.6126054409090053	5.375278407684165	4.189654742026425	6.923628628138427
Asterias_rubens	Asterias_rubens	0.6818636824400763	5.111987788356544	4.189654742026425	7.074116816197362
Astyanax_mexicanus	Astyanax_mexicanus	0.6246444236187779	5.19295685089021	4.110873864173311	7.348587530927593
Athalia_rosae	Athalia_rosae	0.5895045618155917	2.1972245773362196	1.0986122886681098	4.430816798843313
Athene_cunicularia	Athene_cunicularia	0.693407061342677	0.0	1.0986122886681098	4.718498871295094
Atta_cephalotes	Atta_cephalotes	0.5931382939604988	3.7612001156935624	2.0794415416798357	6.375024819828097
Atta_colombica	Atta_colombica	0.6153807167725571	3.828641396489095	2.1972245773362196	6.415096959171596
Aureobasidium_namibiae_CBS_147.97	Aureobasidium_pullulans	0.5338645418326693	0.0	0.0	1.9459101490553132
Aureobasidium_pullulans_EXF-150	Aureobasidium_pullulans	0.5770242943017813	1.6094379124341003	1.0986122886681098	3.295836866004329
Aureobasidium_subglaciale_EXF-2481	Aureobasidium_pullulans	0.4452614379084967	0.0	0.0	1.791759469228055
Aureococcus_anophagefferens	Aureococcus_anophagefferens	0.4917922367062468	3.5553480614894135	2.302585092994046	4.6443908991413725
Auricularia_subglabra_TFB-10046_SS5	Auricularia_subglabra	0.4090534782781826	3.7612001156935624	1.9459101490553132	5.616771097666572
Austrofundulus_limnaeus	Austrofundulus_limnaeus	0.6202870933288613	5.030437921392435	3.8918202981106265	6.9874902470009905
Auxenochlorella_protothecoides	Auxenochlorella_protothecoides	0.3121342177136169	0.6931471805599453	0.0	2.3978952727983707
Aythya_fuligula	Aythya_fuligula	0.732663118209952	2.70805020110221	1.791759469228055	4.9344739331306915
Babesia_bigemina	Babesia_bigemina	0.4059563543003851	0.6931471805599453	0.0	3.2188758248682006
Babesia_bovis	Babesia_bovis	0.38772455089820357	0.0	0.0	1.3862943611198906
Babesia_ovata	Babesia_ovata	0.4452474910138173	0.0	0.0	4.060443010546419
Babjeviella_inositovora_NRRL_Y-12698	Babjeviella_inositovora	0.3888888888888889	0.0	0.0	1.791759469228055
Bactrocera_dorsalis	Bactrocera_dorsalis	0.6089921040878384	2.70805020110221	1.3862943611198906	6.343880434126331
Bactrocera_latifrons	Bactrocera_latifrons	0.6672000605731253	4.23410650459726	2.8903717578961645	6.839476438228843
Bactrocera_oleae	Bactrocera_oleae	0.6899853744120334	4.04305126783455	2.302585092994046	6.658011045870748
Balearica_regulorum_gibbericeps	Balearica_regulorum	0.634553627293066	1.0986122886681098	0.6931471805599453	4.499809670330265
Bathycoccus_prasinos	Bathycoccus_prasinos	0.13071895424836602	1.0986122886681098	0.6931471805599453	1.0986122886681098
Baudoinia_panamericana_UAMH_10762	Baudoinia_panamericana	0.19382022471910113	0.0	0.0	1.3862943611198906
Beauveria_bassiana_ARSEF_2860	Beauveria_bassiana	0.37540528022232517	0.0	0.0	2.833213344056216
Belonocnema_treatae	Belonocnema_treatae	0.6315883304585239	4.77912349311153	2.8903717578961645	7.4377951216719325
Bemisia_tabaci	Bemisia_tabaci	0.7457548924191255	4.007333185232471	2.5649493574615367	6.364750756851911
Besnoitia_besnoiti	Besnoitia_besnoiti	0.3972972972972973	0.6931471805599453	0.0	1.6094379124341003
Beta_vulgaris_subsp._vulgaris	Beta_vulgaris	0.5846002706702547	4.110873864173311	2.4849066497880004	6.855408798609928
Betta_splendens	Betta_splendens	0.5781094475896535	4.442651256490317	3.091042453358316	6.013715156042802
Bicyclus_anynana	Bicyclus_anynana	0.6676470700126561	5.0689042022202315	3.8066624897703196	6.951772164398911
Biomphalaria_glabrata	Biomphalaria_glabrata	0.6990228170955934	4.804021044733257	2.6390573296152584	7.04141166379481
Bipolaris_maydis_ATCC_48331	Bipolaris_maydis	0.3811212814645309	1.6094379124341003	1.6094379124341003	2.995732273553991
Bipolaris_oryzae_ATCC_44560	Bipolaris_oryzae	0.3916249863093717	1.3862943611198906	1.9459101490553132	3.8918202981106265
Bipolaris_sorokiniana_ND90Pr	Bipolaris_sorokiniana	0.43104643104643103	2.0794415416798357	1.6094379124341003	4.394449154672439
Bipolaris_victoriae_FI3	Bipolaris_victoriae	0.41929683893383873	0.6931471805599453	0.0	3.9318256327243257
Bipolaris_zeicola_26-R-13	Bipolaris_zeicola	0.32444054776219106	2.4849066497880004	1.3862943611198906	3.871201010907891
Bison_bison_bison	Bison_bison	0.7739939004201006	2.9444389791664403	2.8903717578961645	5.840641657373398
Blastocystis_hominis	Blastocystis_hominis_-species_in_subkingdom_SAR	0.6312303852521808	3.044522437723423	1.3862943611198906	3.8501476017100584
Blastomyces_gilchristii_SLH14081	Blastomyces_gilchristii	0.6938815702555521	1.3862943611198906	2.1972245773362196	4.727387818712341
Boleophthalmus_pectinirostris	Boleophthalmus_pectinirostris	0.6862150873998611	4.997212273764115	4.127134385045092	7.10085190894405
Bombus_bifarius	Bombus_bifarius	0.5958710583697445	4.189654742026425	2.5649493574615367	5.84354441703136
Bombus_impatiens	Bombus_impatiens	0.6289895543611437	3.1354942159291497	1.9459101490553132	5.5134287461649825
Bombus_terrestris	Bombus_terrestris_-species_in_domain_Eukaryota	0.6267610657616335	3.044522437723423	1.3862943611198906	5.170483995038151
Bombus_vancouverensis_nearcticus	Bombus_vancouverensis	0.5783572948520992	4.574710978503383	2.9444389791664403	5.908082938168931
Bombus_vosnesenskii	Bombus_vosnesenskii	0.6183240324256394	4.51085950651685	3.091042453358316	5.973809611869261
Bombyx_mandarina	Bombyx_mandarina	0.71844782578081	5.099866427824199	4.31748811353631	6.648984550024776
Bombyx_mori	Bombyx_mori	0.7240058757917496	5.488937726156687	4.418840607796598	6.63200177739563
Bos_indicus	Bos_indicus	0.7811237262731634	2.3978952727983707	3.295836866004329	5.986452005284438
Bos_indicus_x_Bos_taurus	Bos_indicus	0.7696024378258914	1.9459101490553132	3.2188758248682006	5.945420608606575
Bos_mutus	Bos_mutus	0.7655659529182116	2.302585092994046	2.5649493574615367	5.860786223465865
Bos_taurus	Bos_taurus	0.7775639355252878	1.6094379124341003	2.995732273553991	5.916202062607435
Botrytis_cinerea_B05.10	Botrytis_cinerea	0.4775147928994083	0.0	0.6931471805599453	3.258096538021482
Brachypodium_distachyon	Brachypodium_distachyon	0.5821516529628801	3.4011973816621555	1.9459101490553132	5.860786223465865
Branchiostoma_belcheri	Branchiostoma_belcheri	0.6186002379522919	5.030437921392435	4.31748811353631	7.106606137727303
Branchiostoma_floridae	Branchiostoma_floridae	0.575671272674108	4.499809670330265	3.7376696182833684	7.001245622069476
Brassica_napus	Brassica_napus	0.607282177768813	3.713572066704308	1.6094379124341003	6.577861357721047
Brassica_oleracea_var._oleracea	Brassica_oleracea	0.5455577369284517	4.248495242049359	2.70805020110221	6.984716320118266
Brassica_rapa	Brassica_rapa	0.6040623145381698	2.1972245773362196	2.3978952727983707	5.575949103146316
Brugia_malayi	Brugia_malayi	0.8655936777897648	2.8903717578961645	1.0986122886681098	4.74493212836325
Bubalus_bubalis	Bubalus_bubalis	0.7491267358786878	2.0794415416798357	3.044522437723423	5.877735781779639
Buceros_rhinoceros_silvestris	Buceros_rhinoceros	0.6611221807179959	0.6931471805599453	1.6094379124341003	4.672828834461906
Byssochlamys_spectabilis	Byssochlamys_spectabilis	0.44595066731884564	1.0986122886681098	0.6931471805599453	3.4965075614664802
Caenorhabditis_elegans	Caenorhabditis_elegans	0.6309563464477819	2.9444389791664403	2.6390573296152584	5.66988092298052
Caenorhabditis_remanei	Caenorhabditis_remanei	0.676033460272631	3.367295829986474	1.6094379124341003	5.8916442118257715
Cajanus_cajan	Cajanus_cajan	0.6247880968381624	3.5553480614894135	0.6931471805599453	6.836259277277067
Calidris_pugnax	Calidris_pugnax	0.6877277071234287	2.0794415416798357	1.0986122886681098	4.8283137373023015
Callithrix_jacchus	Callithrix_jacchus	0.8119118648638222	1.791759469228055	2.3978952727983707	5.958424693029782
Callorhinus_ursinus	Callorhinus_ursinus	0.7951049359184793	1.0986122886681098	1.9459101490553132	5.54907608489522
Calypte_anna	Calypte_anna	0.6966410710012697	2.302585092994046	2.0794415416798357	5.099866427824199
Camarhynchus_parvulus	Camarhynchus_parvulus	0.6854474125241433	1.3862943611198906	1.6094379124341003	4.875197323201151
Camelina_sativa	Camelina_sativa	0.5730607348033988	3.9318256327243257	1.3862943611198906	6.5638555265321274
Camelus_bactrianus	Camelus_bactrianus	0.718612443485785	0.6931471805599453	1.3862943611198906	5.69035945432406
Camelus_dromedarius	Camelus_dromedarius	0.7411933038611295	1.791759469228055	0.6931471805599453	5.82600010738045
Camelus_ferus	Camelus_ferus	0.7008693647271168	0.6931471805599453	0.0	5.700443573390687
Camponotus_floridanus	Camponotus_floridanus	0.5892955284556836	4.976733742420574	3.044522437723423	6.4425401664681985
Candida_albicans_SC5314	Candida_albicans	0.19444444444444445	1.3862943611198906	0.0	1.3862943611198906
Candida_dubliniensis_CD36	Candida_dubliniensis	0.0992063492063492	1.6094379124341003	0.0	1.9459101490553132
Candida_duobushaemulonis	[Candida]_duobushaemulonis	0.2857142857142857	0.6931471805599453	0.0	1.9459101490553132
Candida_haemuloni	[Candida]_haemulonis	0.14864864864864866	1.0986122886681098	0.0	0.6931471805599453
Candida_orthopsilosis_Co_90-125	Candida_orthopsilosis	0.12162162162162163	0.0	0.0	0.6931471805599453
Candida_tropicalis_MYA-3404	Candida_tropicalis	0.24324324324324326	1.0986122886681098	0.0	1.3862943611198906
Candida_viswanathii	Candida_viswanathii	0.4659090909090909	1.0986122886681098	0.6931471805599453	1.3862943611198906
Canis_lupus_dingo	Canis_lupus	0.8083723789260977	1.3862943611198906	1.3862943611198906	5.638354669333745
Capra_hircus	Capra_hircus_-species_in_domain_Eukaryota	0.7692254990309274	2.70805020110221	2.9444389791664403	5.87493073085203
Capronia_coronata_CBS_617.96	Capronia_coronata	0.15079365079365079	0.0	0.0	0.6931471805599453
Capronia_epimyces_CBS_606.96	Capronia_epimyces	0.5297052154195011	0.6931471805599453	1.0986122886681098	2.6390573296152584
Capsaspora_owczarzaki_ATCC_30864	Capsaspora_owczarzaki	0.4720214462655672	2.8903717578961645	0.6931471805599453	3.8501476017100584
Capsella_rubella	Capsella_rubella	0.5630067137433781	3.713572066704308	1.0986122886681098	5.746203190540153
Capsicum_annuum	Capsicum_annuum	0.6478584759428068	2.9444389791664403	1.3862943611198906	7.1049654482698426
Carassius_auratus	Carassius_auratus	0.6035258140156814	5.564520407322694	3.871201010907891	7.126087273299125
Cariama_cristata	Cariama_cristata	0.65029588272501	0.0	0.0	4.110873864173311
Carica_papaya	Carica_papaya	0.6615210219077553	2.8903717578961645	1.9459101490553132	5.973809611869261
Carlito_syrichta	Carlito_syrichta	0.7981728913126526	2.70805020110221	1.9459101490553132	6.07073772800249
Castor_canadensis	Castor_canadensis	0.8232168525354016	1.9459101490553132	1.3862943611198906	6.0112671744041615
Catharus_ustulatus	Catharus_ustulatus	0.7009934282578273	1.9459101490553132	1.791759469228055	5.147494476813453
Cavenderia_fasciculata	Cavenderia_fasciculata	0.5291278023236786	2.302585092994046	0.6931471805599453	2.8903717578961645
Cavia_porcellus	Cavia_porcellus	0.7291512642738629	2.5649493574615367	2.0794415416798357	6.111467339502679
Cebus_capucinus_imitator	Cebus_capucinus	0.7961398059506337	1.0986122886681098	2.5649493574615367	5.955837369464831
Cephus_cinctus	Cephus_cinctus	0.5070416710265052	4.653960350157523	2.5649493574615367	5.942799375126701
Ceraceosorus_guamensis	Ceraceosorus_guamensis	0.22695035460992907	0.6931471805599453	0.0	1.0986122886681098
Ceratina_calcarata	Ceratina_calcarata	0.5939503629933837	3.871201010907891	2.833213344056216	5.733341276897746
Ceratitis_capitata	Ceratitis_capitata	0.6825031525455344	3.1780538303479458	2.9444389791664403	6.71295620067707
Ceratosolen_solmsi_marchali	Ceratosolen_solmsi	0.44924265474945324	1.0986122886681098	0.0	4.6443908991413725
Ceratotherium_simum_simum	Ceratotherium_simum	0.7330561484882923	2.1972245773362196	2.1972245773362196	6.049733455231958
Cercocebus_atys	Cercocebus_atys	0.8114519819925519	1.6094379124341003	1.3862943611198906	6.126869184114185
Cercospora_beticola	Cercospora_beticola	0.3668679727009378	1.3862943611198906	0.0	3.4339872044851463
Chaetomium_globosum_CBS_148.51	Chaetomium_globosum	0.49070693828156514	3.295836866004329	2.0794415416798357	4.382026634673881
Chaetomium_thermophilum_var._thermophilum_DSM_1495	Chaetomium_thermophilum	0.36209291557339096	0.6931471805599453	0.0	3.4339872044851463
Chaetura_pelagica	Chaetura_pelagica	0.7018043845663803	1.791759469228055	1.3862943611198906	4.795790545596741
Chanos_chanos	Chanos_chanos	0.6360959654374536	3.7376696182833684	2.3978952727983707	5.872117789475416
Charadrius_vociferus	Charadrius_vociferus	0.7088182190292235	0.6931471805599453	1.3862943611198906	4.276666119016055
Chelonia_mydas	Chelonia_mydas	0.6832081915959904	4.127134385045092	2.4849066497880004	6.620073206530356
Chelonoidis_abingdonii	Chelonoidis_abingdonii	0.6490249263556558	3.9318256327243257	3.091042453358316	6.97166860472579
Chelonus_insularis	Chelonus_insularis	0.4840439621175174	3.258096538021482	0.6931471805599453	5.327876168789581
Chenopodium_quinoa	Chenopodium_quinoa	0.6167336016265648	4.007333185232471	3.258096538021482	6.962243464266207
Chinchilla_lanigera	Chinchilla_lanigera	0.7797526330084718	1.6094379124341003	1.6094379124341003	5.918893854273146
Chiroxiphia_lanceolata	Chiroxiphia_lanceolata	0.7147506688057231	1.6094379124341003	1.6094379124341003	4.955827057601261
Chlamydomonas_reinhardtii	Chlamydomonas_reinhardtii	0.5905143844627377	3.9512437185814275	2.0794415416798357	4.983606621708336
Chlamydotis_macqueenii	Chlamydotis_macqueenii	0.6827619429293942	1.6094379124341003	1.0986122886681098	4.330733340286331
Chlorella_variabilis	Chlorella_variabilis	0.5908878106911815	3.4011973816621555	0.6931471805599453	3.784189633918261
Chlorocebus_sabaeus	Chlorocebus_sabaeus	0.8209775135382653	1.791759469228055	1.3862943611198906	6.159095388491933
Chondrus_crispus	Chondrus_crispus	0.501635754475319	5.017279836814924	3.713572066704308	6.5998704992128365
Chrysemys_picta_bellii	Chrysemys_picta	0.6577079988165333	4.454347296253507	3.5263605246161616	6.870053411798126
Chrysochloris_asiatica	Chrysochloris_asiatica	0.8350661652743419	1.791759469228055	2.1972245773362196	6.218600119691729
Cicer_arietinum	Cicer_arietinum	0.6181676663371835	4.143134726391533	2.302585092994046	6.79346613258001
Cimex_lectularius	Cimex_lectularius	0.7219448146501679	3.912023005428146	3.1780538303479458	6.747586526829315
Ciona_intestinalis	Ciona_intestinalis	0.772862608014744	3.4965075614664802	1.9459101490553132	5.817111159963204
Citrus_clementina	Citrus_clementina	0.551848605634011	3.1354942159291497	2.0794415416798357	6.42648845745769
Citrus_sinensis	Citrus_sinensis	0.5643604025969781	3.9318256327243257	2.0794415416798357	6.75343791859778
Cladophialophora_bantiana_CBS_173.52	Cladophialophora_bantiana	0.4470288115246098	0.6931471805599453	0.0	2.6390573296152584
Cladophialophora_carrionii_CBS_160.54	Cladophialophora_carrionii	0.20687134502923976	0.6931471805599453	0.0	2.0794415416798357
Cladophialophora_immunda	Cladophialophora_immunda	0.41265227021040973	1.0986122886681098	0.6931471805599453	3.044522437723423
Cladophialophora_psammophila_CBS_110553	Cladophialophora_psammophila	0.48587804709619503	1.3862943611198906	0.0	3.295836866004329
Cladophialophora_yegresii_CBS_114405	Cladophialophora_yegresii	0.26231884057971017	0.6931471805599453	0.0	1.791759469228055
Clavispora_lusitaniae_ATCC_42720	Clavispora_lusitaniae	0.17333333333333334	0.0	0.0	1.0986122886681098
Clupea_harengus	Clupea_harengus	0.557817732472473	5.43372200355424	3.6375861597263857	6.703188113240863
Coccidioides_immitis_RS	Coccidioides_immitis	0.4099956915122792	1.0986122886681098	0.0	3.5553480614894135
Coccidioides_posadasii_C735_delta_SOWgp	Coccidioides_posadasii	0.4475975062723333	1.0986122886681098	0.6931471805599453	3.332204510175204
Coccomyxa_subellipsoidea_C-169	Coccomyxa_subellipsoidea	0.6556133007119769	1.6094379124341003	1.0986122886681098	3.828641396489095
Coffea_arabica	Coffea_arabica	0.6086797696400297	3.8066624897703196	2.70805020110221	7.048386408721883
Coffea_eugenioides	Coffea_eugenioides	0.5926347699340944	3.912023005428146	2.5649493574615367	7.062191632286556
Colius_striatus	Colius_striatus	0.735070605644702	0.0	0.0	4.6443908991413725
Colletotrichum_fioriniae_PJ7	Colletotrichum_fioriniae	0.31099656357388317	0.6931471805599453	0.0	1.791759469228055
Colletotrichum_fructicola	Colletotrichum_fructicola	0.37793914246196403	2.1972245773362196	1.0986122886681098	3.4657359027997265
Colletotrichum_graminicola_M1.001	Colletotrichum_graminicola	0.5649428005816296	1.791759469228055	1.3862943611198906	4.663439094112067
Colletotrichum_higginsianum_IMI_349063	Colletotrichum_higginsianum	0.4596414809850896	1.0986122886681098	1.6094379124341003	3.8501476017100584
Colletotrichum_orchidophilum	Colletotrichum_orchidophilum	0.2718334297281666	0.0	0.0	1.9459101490553132
Colobus_angolensis_palliatus	Colobus_angolensis	0.7831825143586777	1.3862943611198906	0.6931471805599453	6.056784013228625
Columba_livia	Columba_livia	0.6610262759222607	1.791759469228055	1.0986122886681098	4.574710978503383
Condylura_cristata	Condylura_cristata	0.7919454848895172	1.0986122886681098	1.3862943611198906	5.493061443340548
Coniophora_puteana_RWD-64-598_SS2	Coniophora_puteana	0.3272447528086626	3.6635616461296463	1.791759469228055	4.890349128221754
Coniosporium_apollinis_CBS_100218	Coniosporium_apollinis	0.55724368144969	1.0986122886681098	0.0	3.912023005428146
Contarinia_nasturtii	Contarinia_nasturtii	0.5086445293085651	4.532599493153256	2.70805020110221	5.71042701737487
Copidosoma_floridanum	Copidosoma_floridanum	0.5600590226602623	3.8918202981106265	2.0794415416798357	6.93537044601511
Coprinopsis_cinerea_okayama7#130	Coprinopsis_cinerea	0.415179792179382	2.833213344056216	1.3862943611198906	3.871201010907891
Corapipo_altera	Corapipo_altera	0.6885108776407427	1.9459101490553132	0.0	4.997212273764115
Cordyceps_fumosorosea_ARSEF_2679	Isaria_fumosorosea	0.4090909090909091	1.3862943611198906	0.6931471805599453	3.784189633918261
Cordyceps_militaris_CM01	Cordyceps_militaris	0.6111258200217692	1.3862943611198906	0.0	3.295836866004329
Corvus_brachyrhynchos	Corvus_brachyrhynchos	0.6988856891398276	2.302585092994046	1.791759469228055	5.220355825078324
Corvus_cornix_cornix	Corvus_cornix	0.6941223274709598	2.0794415416798357	2.0794415416798357	4.762173934797756
Corvus_moneduloides	Corvus_moneduloides	0.7736584409420828	2.1972245773362196	1.3862943611198906	4.836281906951478
Cottoperca_gobio	Cottoperca_gobio	0.6092511370400553	4.890349128221754	3.6109179126442243	6.60934924316738
Coturnix_japonica	Coturnix_japonica	0.6307116207315735	1.3862943611198906	0.0	4.812184355372417
Crassostrea_gigas	Magallana_gigas	0.5996143867361052	5.0369526024136295	3.367295829986474	7.013915474810528
Crassostrea_virginica	Crassostrea_virginica	0.7180777713763504	4.2626798770413155	1.9459101490553132	6.102558594613569
Cricetulus_griseus	Cricetulus_griseus	0.7346964170554467	2.3978952727983707	1.0986122886681098	6.052089168924417
Crocodylus_porosus	Crocodylus_porosus	0.6342889647941582	2.6390573296152584	1.0986122886681098	6.871091294610546
Cryptococcus_amylolentus_CBS_6039	Cryptococcus_amylolentus	0.40305727554179566	1.791759469228055	0.0	2.772588722239781
Cryptococcus_gattii_WM276	Cryptococcus_gattii	0.3246422893481717	2.0794415416798357	1.3862943611198906	2.833213344056216
Cryptococcus_neoformans_var._grubii_H99	Cryptococcus_neoformans	0.3223371777476255	2.5649493574615367	0.0	2.772588722239781
Cryptococcus_neoformans_var._neoformans_B-3501A	Cryptococcus_neoformans	0.13978494623655913	1.0986122886681098	0.0	1.6094379124341003
Cryptococcus_neoformans_var._neoformans_JEC21	Cryptococcus_neoformans	0.47057962529274006	2.70805020110221	1.0986122886681098	3.332204510175204
Cryptococcus_wingfieldii_CBS_7118	Tsuchiyaea_wingfieldii	0.3164352599289635	2.302585092994046	1.0986122886681098	2.9444389791664403
Cryptotermes_secundus	Cryptotermes_secundus	0.7587132041949707	4.406719247264253	3.1354942159291497	6.875232087276577
Ctenocephalides_felis	Ctenocephalides_felis	0.726646340222759	4.762173934797756	3.5553480614894135	6.9650803456014065
Cuculus_canorus	Cuculus_canorus	0.7454484489248475	0.6931471805599453	0.0	4.465908118654584
Cucumis_melo	Cucumis_melo	0.5813755441056404	4.07753744390572	1.791759469228055	6.779921907472252
Cucumis_sativus	Cucumis_sativus_-species_in_domain_Eukaryota	0.5328936011085226	4.07753744390572	1.3862943611198906	6.249975242259483
Cucurbita_maxima	Cucurbita_maxima	0.6455121960360657	5.087596335232384	2.995732273553991	6.587550014824796
Cucurbita_moschata	Cucurbita_moschata	0.6584444820657177	4.204692619390966	2.9444389791664403	6.553933404025811
Cucurbita_pepo_subsp._pepo	Cucurbita_pepo	0.6608298245575167	3.6375861597263857	1.0986122886681098	6.472346294500901
Culex_quinquefasciatus	Culex_quinquefasciatus	0.6828015382598015	4.6443908991413725	3.713572066704308	6.639875833826536
Cyanidioschyzon_merolae_strain_10D	Cyanidioschyzon_merolae	0.5580562538538159	0.0	0.6931471805599453	3.367295829986474
Cyanistes_caeruleus	Cyanistes_caeruleus	0.6903527078417396	0.0	0.0	4.976733742420574
Cyberlindnera_jadinii_NRRL_Y-1542	Cyberlindnera_jadinii	0.2860215053763441	0.0	0.0	1.6094379124341003
Cyclopterus_lumpus	Cyclopterus_lumpus	0.6371636854633146	4.6913478822291435	3.2188758248682006	6.324358962381311
Cyclospora_cayetanensis	Cyclospora_cayetanensis	0.7585404035384157	0.0	0.0	3.6888794541139363
Cynara_cardunculus_var._scolymus	Cynara_cardunculus	0.6724829962857038	3.912023005428146	2.5649493574615367	7.0587581525186645
Cynoglossus_semilaevis	Cynoglossus_semilaevis	0.6015842082697469	4.127134385045092	2.4849066497880004	5.786897381366708
Cyphomyrmex_costatus	Cyphomyrmex_costatus	0.5535110667943975	4.844187086458591	3.091042453358316	6.60934924316738
Cyprinus_carpio	Cyprinus_carpio	0.6140775365426472	5.568344503761097	3.4339872044851463	7.266128779556451
Dactylellina_haptotyla_CBS_200.50	Dactylellina_haptotyla	0.41134155946442635	0.6931471805599453	0.6931471805599453	2.5649493574615367
Daldinia_childiae	Daldinia_childiae	0.5501320237889593	2.302585092994046	0.6931471805599453	3.8918202981106265
Danaus_plexippus_plexippus	Danaus_plexippus	0.642789490026346	2.70805020110221	0.6931471805599453	5.198497031265826
Danio_rerio	Danio_rerio	0.6617310065554652	5.10594547390058	3.8918202981106265	7.440733707389261
Dasypus_novemcinctus	Dasypus_novemcinctus	0.7586387311571147	2.5649493574615367	1.3862943611198906	6.135564891081739
Daucus_carota_subsp._sativus	Daucus_carota	0.5815740535357783	4.110873864173311	2.3978952727983707	6.672032945461067
Debaryomyces_hansenii_CBS767	Debaryomyces_hansenii	0.4126436781609195	1.3862943611198906	0.6931471805599453	2.302585092994046
Delphinapterus_leucas	Delphinapterus_leucas	0.7362683113447978	2.772588722239781	1.9459101490553132	5.924255797414532
Dendrobium_catenatum	Dendrobium_catenatum	0.6856724854939759	1.6094379124341003	0.0	6.423246963533519
Dendroctonus_ponderosae	Dendroctonus_ponderosae	0.5781104574976269	4.465908118654584	2.0794415416798357	6.142037405587356
Dendronephthya_gigantea	Dendronephthya_gigantea	0.5616144796248677	5.272999558563747	3.8501476017100584	6.883462586413092
Denticeps_clupeoides	Denticeps_clupeoides	0.7112071597602742	4.77912349311153	3.5263605246161616	6.741700694652055
Dermatophagoides_pteronyssinus	Dermatophagoides_pteronyssinus	0.6726508167556202	1.0986122886681098	0.0	2.1972245773362196
Desmodus_rotundus	Desmodus_rotundus	0.7322590142705935	2.3978952727983707	1.0986122886681098	5.872117789475416
Diabrotica_virgifera_virgifera	Diabrotica_virgifera	0.6261341832583288	6.555356891810665	4.532599493153256	7.781138509845015
Diachasma_alloeum	Diachasma_alloeum	0.6187709520588165	4.820281565605037	3.6109179126442243	7.313220387090301
Diaphorina_citri	Diaphorina_citri	0.7045621814625365	5.488937726156687	4.060443010546419	6.633318433280377
Dichomitus_squalens_LYAD-421_SS1	Dichomitus_squalens	0.5006217838765008	4.07753744390572	2.302585092994046	5.170483995038151
Dictyostelium_discoideum_AX4	Dictyostelium_discoideum	0.5531712158808934	2.5649493574615367	1.6094379124341003	3.2188758248682006
Dictyostelium_purpureum	Dictyostelium_purpureum	0.47471607086644807	3.044522437723423	1.6094379124341003	4.290459441148391
Didymella_exigua_CBS_183.55	Didymella_exigua	0.5453320933072513	2.995732273553991	2.0794415416798357	4.6443908991413725
Dinoponera_quadriceps	Dinoponera_quadriceps	0.5926695552772392	3.970291913552122	2.4849066497880004	6.368187186350492
Diplodia_corticola	Diplodia_corticola	0.5946502057613169	1.6094379124341003	0.0	2.9444389791664403
Dipodomys_ordii	Dipodomys_ordii	0.7794004230510995	2.4849066497880004	3.258096538021482	5.616771097666572
Dissoconium_aciculare_CBS_342.82	Dissoconium_aciculare	0.4687661331956634	1.3862943611198906	0.0	2.5649493574615367
Diuraphis_noxia	Diuraphis_noxia	0.6595004664865335	3.367295829986474	2.0794415416798357	5.726847747587197
Dothidotthia_symphoricarpi_CBS_119687	Dothidotthia_symphoricarpi	0.6990388667054598	1.0986122886681098	0.6931471805599453	3.7612001156935624
Dromaius_novaehollandiae	Dromaius_novaehollandiae	0.5651255413285806	1.791759469228055	0.0	3.9889840465642745
Drosophila_albomicans	Drosophila_albomicans	0.7363241639527877	4.189654742026425	1.791759469228055	5.680172609017068
Drosophila_ananassae	Drosophila_ananassae	0.6632509998975694	5.19295685089021	3.828641396489095	6.635946555686647
Drosophila_arizonae	Drosophila_arizonae	0.7074175387375475	2.302585092994046	1.791759469228055	4.465908118654584
Drosophila_biarmipes	Drosophila_biarmipes	0.5943353242129864	4.276666119016055	2.0794415416798357	6.318968113746434
Drosophila_bipectinata	Drosophila_bipectinata	0.6558371603274192	4.90527477843843	2.1972245773362196	6.2285110035911835
Drosophila_busckii	Drosophila_busckii	0.5595147235839018	2.6390573296152584	0.6931471805599453	4.718498871295094
Drosophila_elegans	Drosophila_elegans	0.6515545464509466	4.454347296253507	1.9459101490553132	6.163314804034641
Drosophila_erecta	Drosophila_erecta	0.6211531873511584	4.454347296253507	2.772588722239781	5.886104031450156
Drosophila_eugracilis	Drosophila_eugracilis	0.5593737383416172	4.727387818712341	2.0794415416798357	6.180016653652572
Drosophila_ficusphila	Drosophila_ficusphila	0.6037904629982244	4.564348191467836	2.5649493574615367	5.8377304471659395
Drosophila_grimshawi	Drosophila_grimshawi	0.702757704006328	4.1588830833596715	2.4849066497880004	5.3230099791384085
Drosophila_guanche	Drosophila_guanche	0.7214831711390381	3.8918202981106265	3.1354942159291497	5.231108616854587
Drosophila_hydei	Drosophila_hydei	0.634937677458526	3.044522437723423	1.791759469228055	4.7535901911063645
Drosophila_innubila	Drosophila_innubila	0.6410987743924332	3.912023005428146	2.4849066497880004	5.905361848054571
Drosophila_kikkawai	Drosophila_kikkawai_-species_in_domain_Eukaryota	0.631330783965029	4.584967478670572	2.995732273553991	6.100318952020064
Drosophila_mauritiana	Drosophila_mauritiana	0.5997834768863511	4.875197323201151	3.1780538303479458	5.926926025970411
Drosophila_melanogaster	Drosophila_melanogaster	0.6035626929605274	4.672828834461906	2.833213344056216	6.052089168924417
Drosophila_miranda	Drosophila_miranda	0.6925621018108779	3.871201010907891	1.791759469228055	5.247024072160486
Drosophila_mojavensis	Drosophila_mojavensis	0.7273079761447634	4.23410650459726	2.0794415416798357	5.575949103146316
Drosophila_navojoa	Drosophila_navojoa	0.6103728548659146	2.8903717578961645	0.0	4.356708826689592
Drosophila_novamexicana	Drosophila_novamexicana	0.7042984454844377	3.7376696182833684	2.4849066497880004	5.82600010738045
Drosophila_obscura	Drosophila_obscura	0.6543419384729795	4.219507705176107	2.772588722239781	6.013715156042802
Drosophila_persimilis	Drosophila_persimilis	0.6418052885436403	5.170483995038151	3.6375861597263857	6.269096283706261
Drosophila_rhopaloa	Drosophila_rhopaloa	0.6951380126128737	4.955827057601261	2.995732273553991	6.359573868672378
Drosophila_sechellia	Drosophila_sechellia	0.5838017237368051	4.812184355372417	3.044522437723423	5.973809611869261
Drosophila_serrata	Drosophila_serrata	0.6907704751136758	4.343805421853684	2.4849066497880004	5.908082938168931
Drosophila_simulans	Drosophila_simulans	0.6020659489988747	3.9889840465642745	1.3862943611198906	5.332718793265369
Drosophila_subobscura	Drosophila_subobscura	0.6554783083253324	3.5553480614894135	2.302585092994046	5.049856007249537
Drosophila_suzukii	Drosophila_suzukii	0.5944299109965319	4.68213122712422	2.3978952727983707	6.587550014824796
Drosophila_takahashii	Drosophila_takahashii	0.6648013250350524	5.062595033026967	3.713572066704308	6.317164686747284
Drosophila_virilis	Drosophila_virilis	0.7064665575311583	4.290459441148391	2.5649493574615367	6.0330862217988015
Drosophila_willistoni	Drosophila_willistoni	0.6286674147299588	5.602118820879701	2.8903717578961645	6.705639094860003
Drosophila_yakuba	Drosophila_yakuba	0.6530807455742347	5.204006687076795	2.1972245773362196	6.343880434126331
Dufourea_novaeangliae	Dufourea_novaeangliae	0.5670538860998123	3.8501476017100584	2.3978952727983707	6.45833828334479
Durio_zibethinus	Durio_zibethinus	0.675528609084595	2.1972245773362196	1.6094379124341003	6.1779441140506
Echeneis_naucrates	Echeneis_naucrates	0.6007987438800133	4.343805421853684	2.3978952727983707	5.8998973535824915
Echinococcus_granulosus	Echinococcus_granulosus	0.7690463533965993	0.0	0.0	4.04305126783455
Echinops_telfairi	Echinops_telfairi	0.7672432037916305	2.6390573296152584	2.302585092994046	6.198478716492308
Egretta_garzetta	Egretta_garzetta	0.6541550301559267	1.9459101490553132	1.0986122886681098	4.543294782270004
Eimeria_acervulina	Eimeria_acervulina	0.7622508769040631	0.6931471805599453	0.0	4.127134385045092
Eimeria_maxima	Eimeria_maxima	0.7222806425369129	1.0986122886681098	0.0	5.123963979403259
Eimeria_mitis	Eimeria_mitis	0.6619758229425248	1.6094379124341003	1.0986122886681098	5.713732805509369
Eimeria_necatrix	Eimeria_necatrix	0.7513790560864432	3.58351893845611	0.6931471805599453	5.313205979041787
Eimeria_tenella	Eimeria_tenella	0.7604517302875282	2.302585092994046	0.0	3.8501476017100584
Elaeis_guineensis	Elaeis_guineensis	0.626269023716083	1.9459101490553132	1.6094379124341003	6.429719478039138
Electrophorus_electricus	Electrophorus_electricus	0.6268917979990434	2.9444389791664403	1.3862943611198906	5.883322388488279
Elephantulus_edwardii	Elephantulus_edwardii	0.7875532669575755	2.4849066497880004	1.0986122886681098	6.008813185442595
Emiliania_huxleyi_CCMP1516	Emiliania_huxleyi	0.7156708714680637	4.976733742420574	3.1354942159291497	5.564520407322694
Empidonax_traillii	Empidonax_traillii	0.6994868239580918	2.302585092994046	0.0	4.9344739331306915
Endocarpon_pusillum_Z07020	Endocarpon_pusillum	0.4773296953546764	2.302585092994046	1.3862943611198906	5.3706380281276624
Enhydra_lutris_kenyoni	Enhydra_lutris	0.8229619900255082	1.0986122886681098	1.3862943611198906	5.62040086571715
Entamoeba_dispar_SAW760	Entamoeba_dispar	0.654717285807773	2.4849066497880004	1.0986122886681098	3.6635616461296463
Entamoeba_invadens_IP1	Entamoeba_invadens	0.5044376674811457	4.532599493153256	2.302585092994046	5.934894195619588
Entamoeba_nuttalli_P19	Entamoeba_nuttalli	0.3417924096936443	0.0	0.0	2.8903717578961645
Epinephelus_lanceolatus	Epinephelus_lanceolatus	0.6038799320767063	5.54907608489522	4.0943445622221	7.366445148327599
Equus_asinus	Equus_asinus	0.738458993561606	1.0986122886681098	0.6931471805599453	5.963579343618446
Equus_caballus	Equus_caballus	0.7585574578977412	1.0986122886681098	0.6931471805599453	6.016157159698354
Equus_przewalskii	Equus_przewalskii	0.7855677747652486	1.0986122886681098	1.3862943611198906	5.918893854273146
Eremothecium_cymbalariae_DBVPG#7215	Eremothecium_cymbalariae	0.37358490566037733	1.0986122886681098	0.0	1.6094379124341003
Eremothecium_sinecaudum	Eremothecium_sinecaudum	0.2233115468409586	1.0986122886681098	0.0	1.791759469228055
Erinaceus_europaeus	Erinaceus_europaeus	0.8089945105516595	3.044522437723423	2.70805020110221	6.093569770045136
Erpetoichthys_calabaricus	Erpetoichthys_calabaricus	0.642815383270642	5.53338948872752	4.382026634673881	7.266827347520591
Erythranthe_guttata	Erythranthe_guttata	0.6767271626383072	3.9512437185814275	2.302585092994046	6.470799503782602
Esox_lucius	Esox_lucius	0.6324026878510968	4.8283137373023015	3.8501476017100584	6.960347729101308
Etheostoma_cragini	Etheostoma_cragini	0.56224591586922	4.23410650459726	2.302585092994046	6.974478911025045
Etheostoma_spectabile	Etheostoma_spectabile	0.6154423069842522	5.298317366548036	3.4965075614664802	7.1770187659099
Eucalyptus_grandis	Eucalyptus_grandis	0.6165997231915115	3.2188758248682006	2.1972245773362196	6.833031732786201
Eufriesea_mexicana	Eufriesea_mexicana	0.7552094693191673	2.772588722239781	1.0986122886681098	5.638354669333745
Eumetopias_jubatus	Eumetopias_jubatus	0.7930652942137205	1.6094379124341003	1.6094379124341003	5.720311776607412
Eurypyga_helias	Eurypyga_helias	0.7319727644892672	0.0	0.0	4.5217885770490405
Eurytemora_affinis	Eurytemora_affinis	0.6885307400318488	4.382026634673881	3.044522437723423	6.799055862058796
Eutrema_salsugineum	Eutrema_salsugineum	0.5773950376894631	4.02535169073515	2.8903717578961645	6.349138991379798
Eutypa_lata_UCREL1	Eutypa_lata	0.3858589296349868	0.0	0.0	3.1354942159291497
Exaiptasia_pallida	Exaiptasia_pallida	0.5434413974163076	5.3706380281276624	3.713572066704308	6.673297967767654
Exophiala_aquamarina_CBS_119918	Exophiala_aquamarina	0.5175700459919302	3.258096538021482	1.3862943611198906	4.110873864173311
Exophiala_dermatitidis_NIH_UT8656	Exophiala_dermatitidis	0.4043941841680129	2.0794415416798357	0.0	3.2188758248682006
Exophiala_mesophila	Exophiala_mesophila	0.0	0.0	0.0	0.6931471805599453
Exophiala_oligosperma	Exophiala_oligosperma	0.3196286472148541	1.3862943611198906	0.6931471805599453	3.258096538021482
Exophiala_spinifera	Exophiala_spinifera	0.32228147461163925	0.6931471805599453	0.0	2.9444389791664403
Falco_cherrug	Falco_cherrug	0.6670910405640638	1.791759469228055	0.0	4.564348191467836
Falco_peregrinus	Falco_peregrinus	0.6896824226228693	1.0986122886681098	0.0	4.477336814478207
Felis_catus	Felis_catus	0.8084576295011998	1.0986122886681098	1.0986122886681098	5.723585101952381
Fibroporia_radiculosa	Fibroporia_radiculosa	0.5343914492217053	2.0794415416798357	0.0	3.6109179126442243
Ficedula_albicollis	Ficedula_albicollis	0.7469465432739966	0.0	0.0	4.6913478822291435
Folsomia_candida	Folsomia_candida	0.6060038936942063	3.1780538303479458	2.1972245773362196	5.902633333401366
Fomitiporia_mediterranea_MF3_22	Fomitiporia_mediterranea	0.6680626098796746	3.295836866004329	2.6390573296152584	4.976733742420574
Fonsecaea_erecta	Fonsecaea_erecta	0.38617149758454106	1.0986122886681098	0.0	3.1354942159291497
Fonsecaea_monophora	Fonsecaea_monophora	0.39492553778268064	1.9459101490553132	0.0	3.044522437723423
Fonsecaea_multimorphosa_CBS_102226	Fonsecaea_multimorphosa	0.45454545454545453	0.0	0.0	1.6094379124341003
Fonsecaea_nubica	Fonsecaea_nubica	0.31100478468899523	0.0	0.0	2.3978952727983707
Fonsecaea_pedrosoi_CBS_271.37	Fonsecaea_pedrosoi	0.4010989010989011	0.0	0.0	1.9459101490553132
Fonticula_alba	Fonticula_alba	0.14492753623188406	0.0	1.3862943611198906	1.6094379124341003
Fopius_arisanus	Fopius_arisanus	0.5633985505120582	3.332204510175204	2.302585092994046	6.26530121273771
Formica_exsecta	Formica_exsecta	0.5192657630797116	4.6443908991413725	2.6390573296152584	6.248042874508429
Fragaria_vesca_subsp._vesca	Fragaria_vesca	0.5151502093726723	4.382026634673881	3.091042453358316	6.466144724237619
Frankliniella_occidentalis	Frankliniella_occidentalis	0.5928310469164434	3.8918202981106265	2.1972245773362196	6.066108090103747
Fukomys_damarensis	Fukomys_damarensis	0.7902777196853645	2.302585092994046	0.0	5.697093486505405
Fulmarus_glacialis	Fulmarus_glacialis	0.6483477772983838	1.0986122886681098	1.3862943611198906	4.59511985013459
Fundulus_heteroclitus	Fundulus_heteroclitus	0.6344625285151629	4.804021044733257	3.2188758248682006	7.105786129481271
Fusarium_coffeatum	Fusarium_chlamydosporum	0.6921436588103255	0.6931471805599453	1.0986122886681098	2.8903717578961645
Fusarium_fujikuroi_IMI_58289	Fusarium_fujikuroi	0.5598545674897742	1.791759469228055	0.0	3.5553480614894135
Fusarium_graminearum_PH-1	Gibberella_zeae	0.48052838183064367	0.0	1.0986122886681098	2.3978952727983707
Fusarium_oxysporum_NRRL_32931	Fusarium_oxysporum	0.3702633784482605	0.0	0.0	3.295836866004329
Fusarium_oxysporum_f._sp._lycopersici_4287	Fusarium_oxysporum	0.5352388447312505	3.58351893845611	2.1972245773362196	5.41610040220442
Fusarium_proliferatum_ET1	Fusarium_proliferatum	0.3995144573438327	0.6931471805599453	0.0	2.9444389791664403
Fusarium_pseudograminearum_CS3096	Gibberella_coronicola	0.5024163511558469	0.0	1.3862943611198906	2.833213344056216
Fusarium_venenatum	Fusarium_venenatum	0.6332903364506073	1.3862943611198906	0.0	3.044522437723423
Fusarium_verticillioides_7600	Gibberella_fujikuroi	0.5443015362629511	0.0	0.0	2.1972245773362196
Gadus_morhua	Gadus_morhua_-species_in_domain_Eukaryota	0.5806255026419805	6.133398042996649	4.143134726391533	6.993932975223189
Gaeumannomyces_tritici_R3-111a-1	Gaeumannomyces_tritici	0.5143956971103143	1.6094379124341003	0.0	3.784189633918261
Galendromus_occidentalis	Galendromus_occidentalis	0.4357219403009078	3.044522437723423	0.6931471805599453	4.927253685157205
Galeopterus_variegatus	Galeopterus_variegatus	0.7499703091177123	2.5649493574615367	2.1972245773362196	6.049733455231958
Galleria_mellonella	Galleria_mellonella	0.7211397321266486	4.0943445622221	2.70805020110221	6.625392368007956
Gallus_gallus	Gallus_gallus	0.7038292771856888	2.1972245773362196	1.0986122886681098	4.976733742420574
Gavia_stellata	Gavia_stellata	0.7359938297628372	1.0986122886681098	1.0986122886681098	4.3694478524670215
Gavialis_gangeticus	Gavialis_gangeticus	0.6340033852328123	2.9444389791664403	1.791759469228055	6.846943139585379
Gekko_japonicus	Gekko_japonicus	0.6924004489114249	4.04305126783455	3.8066624897703196	6.954638864880987
Geospiza_fortis	Geospiza_fortis	0.6766498651498164	1.3862943611198906	0.6931471805599453	4.9344739331306915
Geotrypetes_seraphini	Geotrypetes_seraphini	0.6696576249603576	5.220355825078324	4.02535169073515	7.510430556378006
Giardia_lamblia_ATCC_50803	Giardia_intestinalis	0.38278388278388276	0.0	0.0	1.791759469228055
Glarea_lozoyensis_ATCC_20868	Glarea_lozoyensis	0.5575346338705117	2.0794415416798357	0.0	3.295836866004329
Globicephala_melas	Globicephala_melas	0.7355750921487824	2.0794415416798357	1.6094379124341003	5.7899601708972535
Gloeophyllum_trabeum_ATCC_11539	Gloeophyllum_trabeum	0.4583789704271632	4.2626798770413155	2.302585092994046	5.0369526024136295
Glycine_max	Glycine_max	0.6540243436253346	3.970291913552122	3.1354942159291497	6.385194398997726
Glycine_soja	Glycine_soja	0.6755883827047966	3.784189633918261	2.3978952727983707	6.322565239927284
Gopherus_evgoodei	Gopherus_evgoodei	0.6590677166145266	4.04305126783455	3.6375861597263857	6.902742737158593
Gorilla_gorilla_gorilla	Gorilla_gorilla	0.7888233565740465	1.791759469228055	1.9459101490553132	5.998936561946683
Gossypium_arboreum	Gossypium_arboreum	0.6577888407179211	4.060443010546419	3.1780538303479458	7.083387847625295
Gossypium_hirsutum	Gossypium_hirsutum	0.6484901490890362	3.5553480614894135	2.833213344056216	7.110696122978827
Gossypium_raimondii	Gossypium_raimondii	0.6276551579276797	3.4965075614664802	1.0986122886681098	7.00850518208228
Gouania_willdenowi	Gouania_willdenowi	0.6095195299379408	5.846438775057725	4.219507705176107	7.532088143541722
Grammomys_surdaster	Grammomys_surdaster	0.7518107568213677	2.833213344056216	1.791759469228055	6.1463292576688975
Gregarina_niphandrodes	Gregarina_niphandrodes	0.37392948504059614	2.9444389791664403	0.0	4.709530201312334
Grosmannia_clavigera_kw1407	Grosmannia_clavigera	0.6353951526911882	1.791759469228055	1.0986122886681098	3.713572066704308
Guillardia_theta_CCMP2712	Guillardia_theta	0.6937786650839044	2.8903717578961645	0.6931471805599453	3.7612001156935624
Gymnodraco_acuticeps	Gymnodraco_acuticeps	0.5729433299712205	6.561030665896573	5.204006687076795	7.347299700743164
Habropoda_laboriosa	Habropoda_laboriosa	0.6193104566927673	4.219507705176107	2.6390573296152584	6.169610732491456
Haliaeetus_albicilla	Haliaeetus_albicilla	0.617433332887251	1.9459101490553132	0.6931471805599453	4.343805421853684
Haliaeetus_leucocephalus	Haliaeetus_leucocephalus	0.6230791724789843	1.6094379124341003	1.0986122886681098	4.5217885770490405
Halyomorpha_halys	Halyomorpha_halys	0.6874770689960966	3.6888794541139363	2.70805020110221	7.1459844677143876
Hammondia_hammondi	Hammondia_hammondi	0.608909952606635	0.0	0.0	3.2188758248682006
Haplochromis_burtoni	Haplochromis_burtoni	0.6276003399457206	4.962844630259907	3.4339872044851463	6.684611727667927
Harpegnathos_saltator	Harpegnathos_saltator	0.6154606530276256	4.844187086458591	3.4339872044851463	6.626717749249025
Helianthus_annuus	Helianthus_annuus	0.6202140697274308	4.007333185232471	2.772588722239781	7.102499355774649
Helicoverpa_armigera	Helicoverpa_armigera	0.6775207997897699	4.394449154672439	3.044522437723423	6.018593214496234
Helobdella_robusta	Helobdella_robusta	0.652370223436639	3.970291913552122	2.3978952727983707	5.937536205082426
Herrania_umbratica	Herrania_umbratica	0.6587915960195043	1.0986122886681098	0.0	6.040254711277414
Heterobasidion_irregulare_TC_32-1	Heterobasidion_irregulare	0.5409351851851851	1.9459101490553132	1.6094379124341003	4.276666119016055
Heterocephalus_glaber	Heterocephalus_glaber	0.7833241751595376	2.0794415416798357	2.0794415416798357	5.942799375126701
Heterostelium_album_PN500	Heterostelium_album	0.6387479762547221	2.772588722239781	1.0986122886681098	3.2188758248682006
Hevea_brasiliensis	Hevea_brasiliensis	0.7118895742320889	3.2188758248682006	2.5649493574615367	6.405228458030842
Hippocampus_comes	Hippocampus_comes	0.6168690813531429	4.6913478822291435	2.6390573296152584	6.61472560020376
Hippoglossus_hippoglossus	Hippoglossus_hippoglossus	0.6433225357639799	4.174387269895637	2.302585092994046	6.478509642208569
Hipposideros_armiger	Hipposideros_armiger	0.7128794350017772	3.2188758248682006	3.091042453358316	5.799092654460526
Histoplasma_capsulatum_NAm1	Histoplasma_capsulatum	0.526369680061732	3.1780538303479458	1.0986122886681098	4.912654885736052
Homo_sapiens	Homo_sapiens	0.803217556686287	1.0986122886681098	1.6094379124341003	6.030685260261263
Hyalella_azteca	Hyalella_azteca	0.6457303575053701	4.700480365792417	3.6635616461296463	6.51025834052315
Hyaloscypha_bicolor_E	Meliniomyces_bicolor	0.6105949182345501	1.0986122886681098	1.0986122886681098	5.241747015059643
Hydra_vulgaris	Hydra_vulgaris	0.5706561743233453	5.075173815233827	3.1780538303479458	7.45298232946546
Hylobates_moloch	Hylobates_moloch	0.7972906944772487	1.6094379124341003	2.1972245773362196	6.025865973825314
Hyposmocoma_kahamanoa	Hyposmocoma_kahamanoa	0.6939024786492382	5.0238805208462765	4.07753744390572	7.351799869057777
Ichthyophthirius_multifiliis	Ichthyophthirius_multifiliis	0.1325581395348837	0.0	0.0	0.6931471805599453
Ictalurus_punctatus	Ictalurus_punctatus	0.6355344513779612	3.8918202981106265	3.4011973816621555	6.70196036600254
Ictidomys_tridecemlineatus	Ictidomys_tridecemlineatus	0.7705687264010824	2.1972245773362196	0.6931471805599453	5.755742213586912
Ipomoea_nil	Ipomoea_nil	0.6198029152765561	4.709530201312334	3.5553480614894135	7.193685818395112
Ipomoea_triloba	Ipomoea_triloba	0.6084069832821712	4.605170185988092	3.367295829986474	7.165493475060845
Ixodes_scapularis	Ixodes_scapularis	0.6075703364573499	4.477336814478207	2.9444389791664403	7.168579897264035
Jaculus_jaculus	Jaculus_jaculus	0.7896295424638088	2.70805020110221	2.1972245773362196	6.063785208687608
Jatropha_curcas	Jatropha_curcas	0.590627662858236	3.6888794541139363	1.9459101490553132	6.395261598115449
Juglans_regia	Juglans_regia	0.6048416017912389	3.9512437185814275	1.3862943611198906	6.796823718274855
Kazachstania_africana_CBS_2517	Kazachstania_africana	0.24729997795900374	0.6931471805599453	0.0	2.5649493574615367
Kazachstania_naganishii_CBS_8797	Kazachstania_naganishii	0.2725925925925926	1.0986122886681098	1.3862943611198906	3.044522437723423
Kluyveromyces_lactis	Kluyveromyces_lactis	0.22413793103448276	0.0	0.0	0.6931471805599453
Kluyveromyces_marxianus_DMKU3-1042	Kluyveromyces_marxianus	0.16666666666666666	0.0	0.0	1.0986122886681098
Kryptolebias_marmoratus	Kryptolebias_marmoratus	0.6842309269621051	4.564348191467836	2.8903717578961645	6.6293632534374485
Kwoniella_mangroviensis_CBS_8507	Kwoniella_mangrovensis	0.023809523809523808	0.0	0.0	0.6931471805599453
Kwoniella_shandongensis	Kwoniella_shandongensis	0.4292527821939587	1.0986122886681098	0.6931471805599453	2.70805020110221
Labrus_bergylta	Labrus_bergylta	0.6074329980388641	5.560681631015528	3.295836866004329	6.835184586147301
Laccaria_bicolor_S238N-H82	Laccaria_bicolor	0.5552792022640936	4.31748811353631	1.791759469228055	6.0014148779611505
Lacerta_agilis	Lacerta_agilis	0.6886572227083784	4.61512051684126	4.248495242049359	6.97914527506881
Lachancea_lanzarotensis	Lachancea_lanzarotensis	0.24509803921568626	0.0	0.0	0.6931471805599453
Lachancea_thermotolerans_CBS_6340	Lachancea_thermotolerans	0.3771186440677966	0.0	0.0	1.3862943611198906
Lachnellula_hyalina	Lachnellula_hyalina	0.5479195885928003	0.0	0.0	3.1354942159291497
Lactuca_sativa	Lactuca_sativa	0.6598701846762001	3.258096538021482	2.6390573296152584	7.13966033596492
Lagenorhynchus_obliquidens	Lagenorhynchus_obliquidens	0.7509721887277151	2.0794415416798357	2.1972245773362196	5.793013608384144
Larimichthys_crocea	Larimichthys_crocea	0.6229642544036174	5.0106352940962555	2.6390573296152584	6.478509642208569
Latimeria_chalumnae	Latimeria_chalumnae	0.732639515484407	4.990432586778736	3.828641396489095	7.087573705557973
Leishmania_braziliensis_MHOM_BR_75_M2904	Leishmania_braziliensis	0.5018311230988237	2.5649493574615367	0.0	5.0106352940962555
Leishmania_donovani	Leishmania_donovani	0.5459834997828918	1.6094379124341003	0.0	4.990432586778736
Leishmania_infantum_JPCM5	Leishmania_infantum	0.5037322509321551	1.9459101490553132	1.0986122886681098	4.897839799950911
Leishmania_major_strain_Friedlin	Leishmania_major	0.4846983910503327	2.0794415416798357	0.6931471805599453	4.7535901911063645
Leishmania_mexicana_MHOM_GT_2001_U1103	Leishmania_mexicana	0.5222782881469863	1.9459101490553132	0.6931471805599453	4.8283137373023015
Leishmania_panamensis	Leishmania_panamensis	0.5026321592753221	1.3862943611198906	0.0	4.61512051684126
Lepidothrix_coronata	Lepidothrix_coronata	0.7212022844590629	2.302585092994046	1.0986122886681098	4.736198448394496
Lepisosteus_oculatus	Lepisosteus_oculatus	0.67144557369749	4.382026634673881	2.70805020110221	6.345636360828596
Leptinotarsa_decemlineata	Leptinotarsa_decemlineata	0.6527987973771672	5.384495062789089	3.258096538021482	7.32052696227274
Leptomonas_pyrrhocoris	Leptomonas_pyrrhocoris	0.3489005235602094	0.6931471805599453	0.6931471805599453	3.2188758248682006
Leptonychotes_weddellii	Leptonychotes_weddellii	0.7775548380561683	1.3862943611198906	2.0794415416798357	5.680172609017068
Leptosomus_discolor	Leptosomus_discolor	0.7161290860712826	2.0794415416798357	0.0	4.343805421853684
Leptosphaeria_maculans_JN3	Leptosphaeria_maculans	0.6755134686737165	3.258096538021482	1.9459101490553132	4.110873864173311
Limulus_polyphemus	Limulus_polyphemus	0.665374397467615	4.060443010546419	2.70805020110221	6.234410725718371
Lindgomyces_ingoldianus	Lindgomyces_ingoldianus	0.694648967614124	2.1972245773362196	1.0986122886681098	4.919980925828125
Linepithema_humile	Linepithema_humile	0.49270021524026103	4.2626798770413155	2.0794415416798357	5.700443573390687
Lingula_anatina	Lingula_anatina	0.5951980391293038	4.418840607796598	3.332204510175204	6.447305862541213
Loa_loa	Loa_loa	0.4883242980964914	1.6094379124341003	0.6931471805599453	4.820281565605037
Lobosporangium_transversale	Lobosporangium_transversale	0.495859643660108	3.8501476017100584	2.4849066497880004	5.365976015021851
Lodderomyces_elongisporus_NRRL_YB-4239	Lodderomyces_elongisporus	0.49122807017543857	1.0986122886681098	0.0	1.3862943611198906
Lonchura_striata_domestica	Lonchura_striata	0.6990505281341659	0.0	1.3862943611198906	4.912654885736052
Lontra_canadensis	Lontra_canadensis	0.8078841561224746	1.0986122886681098	1.0986122886681098	5.545177444479562
Lottia_gigantea	Lottia_gigantea	0.6455785208203426	4.219507705176107	2.0794415416798357	6.293419278846481
Loxodonta_africana	Loxodonta_africana	0.7584042212453114	1.0986122886681098	2.1972245773362196	5.8289456176102075
Lucilia_cuprina	Lucilia_cuprina	0.6417691613618265	4.430816798843313	2.6390573296152584	6.803505257608338
Lupinus_angustifolius	Lupinus_angustifolius	0.6126098955555538	3.6888794541139363	1.6094379124341003	6.810142450115136
Lynx_canadensis	Lynx_canadensis	0.796388045775238	0.6931471805599453	1.791759469228055	5.648974238161206
Macaca_fascicularis	Macaca_fascicularis	0.806492211019925	1.9459101490553132	0.6931471805599453	6.059123195581797
Macaca_mulatta	Macaca_mulatta	0.7986205806426157	2.1972245773362196	1.6094379124341003	6.118097198041348
Macaca_nemestrina	Macaca_nemestrina	0.8000784093690002	2.0794415416798357	1.791759469228055	6.061456918928017
Macroventuria_anomochaeta	Macroventuria_anomochaeta	0.512323464047602	2.0794415416798357	0.0	3.6109179126442243
Malus_domestica	Malus_domestica	0.669159537773317	3.871201010907891	2.8903717578961645	6.52649485957079
Manacus_vitellinus	Manacus_vitellinus	0.7464401616920289	1.6094379124341003	0.0	4.804021044733257
Mandrillus_leucophaeus	Mandrillus_leucophaeus	0.800827103610016	1.6094379124341003	1.3862943611198906	6.131226489483141
Manduca_sexta	Manduca_sexta	0.7036779045909384	4.290459441148391	3.258096538021482	6.251903883165888
Manihot_esculenta	Manihot_esculenta	0.6822692969328743	3.1354942159291497	2.1972245773362196	6.416732282512326
Manis_javanica	Manis_javanica	0.70171394746433	3.58351893845611	1.6094379124341003	5.834810737062605
Marmota_flaviventris	Marmota_flaviventris	0.7886095517974903	2.833213344056216	2.70805020110221	5.932245187448011
Marmota_marmota_marmota	Marmota_marmota	0.7809807976250482	2.70805020110221	2.5649493574615367	5.908082938168931
Mastacembelus_armatus	Mastacembelus_armatus	0.6086977118961496	4.276666119016055	3.1354942159291497	6.248042874508429
Mastomys_coucha	Mastomys_coucha	0.7320489019117886	2.3978952727983707	1.9459101490553132	6.1070228877422545
Maylandia_zebra	Maylandia_zebra	0.6051697939624491	5.560681631015528	4.290459441148391	7.042286171939743
Medicago_truncatula	Medicago_truncatula	0.5636728285377912	3.912023005428146	2.772588722239781	6.925595197110468
Megachile_rotundata	Megachile_rotundata	0.6036017715957431	4.110873864173311	1.6094379124341003	5.8805329864007
Megalopta_genalis	Megalopta_genalis	0.6661707426547583	4.276666119016055	3.4965075614664802	6.559615237493242
Meira_miltonrushii	Meira_miltonrushii	0.23829201101928374	0.0	0.0	1.791759469228055
Melampsora_larici-populina_98AG31	Melampsora_laricis-populina	0.4657890142435329	3.044522437723423	2.302585092994046	6.400257445308821
Melanaphis_sacchari	Melanaphis_sacchari	0.6852211267136998	2.772588722239781	1.0986122886681098	5.159055299214529
Meleagris_gallopavo	Meleagris_gallopavo	0.7390196490505333	3.5263605246161616	1.0986122886681098	5.293304824724492
Melopsittacus_undulatus	Melopsittacus_undulatus	0.7121668270956313	3.1354942159291497	1.791759469228055	4.875197323201151
Meriones_unguiculatus	Meriones_unguiculatus	0.7315306651855611	2.1972245773362196	1.6094379124341003	6.054439346269371
Merops_nubicus	Merops_nubicus	0.7189230916019154	0.6931471805599453	1.0986122886681098	4.5217885770490405
Mesitornis_unicolor	Mesitornis_unicolor	0.7047806817951374	2.302585092994046	1.9459101490553132	4.727387818712341
Mesocricetus_auratus	Mesocricetus_auratus	0.74184563705425	0.6931471805599453	1.9459101490553132	6.1224928095143865
Metarhizium_acridum_CQMa_102	Metarhizium_anisopliae	0.450198761811665	1.9459101490553132	0.6931471805599453	4.499809670330265
Metarhizium_brunneum_ARSEF_3297	Metarhizium_anisopliae	0.5073170731707317	0.6931471805599453	0.0	3.713572066704308
Metarhizium_majus_ARSEF_297	Metarhizium_majus	0.4763097847971008	2.0794415416798357	1.0986122886681098	4.343805421853684
Metschnikowia_bicuspidata_var._bicuspidata_NRRL_YB-4993	Metschnikowia_bicuspidata	0.5585347432024169	0.0	0.0	2.0794415416798357
Microcaecilia_unicolor	Microcaecilia_unicolor	0.6903319125902793	4.941642422609304	4.406719247264253	7.311218384419629
Microcebus_murinus	Microcebus_murinus	0.7593207425371236	2.6390573296152584	2.4849066497880004	6.016157159698354
Micromonas_commoda	Micromonas_commoda	0.32693128467776356	1.6094379124341003	1.0986122886681098	2.3978952727983707
Micromonas_pusilla_CCMP1545	Micromonas_pusilla	0.7685397391279745	1.9459101490553132	1.0986122886681098	2.8903717578961645
Microplitis_demolitor	Microplitis_demolitor	0.6065553442937603	4.394449154672439	2.0794415416798357	6.816735880594968
Microsporum_canis_CBS_113480	Microsporum_canis	0.2832460732984293	1.3862943611198906	0.0	2.302585092994046
Microtus_ochrogaster	Microtus_ochrogaster	0.7385596849242547	1.791759469228055	2.6390573296152584	6.248042874508429
Miniopterus_natalensis	Miniopterus_natalensis	0.7564038397648601	1.9459101490553132	0.0	5.877735781779639
Mirounga_leonina	Mirounga_leonina	0.7736890704825476	0.0	1.791759469228055	5.683579767338681
Mixia_osmundae_IAM_14324	Mixia_osmundae	0.14864864864864866	1.0986122886681098	0.0	0.6931471805599453
Mizuhopecten_yessoensis	Mizuhopecten_yessoensis	0.6510071346646708	4.663439094112067	2.302585092994046	6.647688373563329
Momordica_charantia	Momordica_charantia	0.5863361934416375	3.367295829986474	2.6390573296152584	6.714170529909472
Moniliophthora_perniciosa_FA553	Moniliophthora_perniciosa	0.4373438527284681	2.4849066497880004	0.0	3.6635616461296463
Moniliophthora_roreri_MCA_2997	Moniliophthora_roreri	0.42734507997684085	2.833213344056216	0.0	4.574710978503383
Monodelphis_domestica	Monodelphis_domestica	0.7815586637504548	2.8903717578961645	3.091042453358316	6.525029657843462
Monodon_monoceros	Monodon_monoceros	0.7489136244789386	2.302585092994046	1.791759469228055	5.860786223465865
Monomorium_pharaonis	Monomorium_pharaonis	0.5488225605731203	4.02535169073515	2.1972245773362196	6.045005314036012
Monopterus_albus	Monopterus_albus	0.5834753198160912	4.663439094112067	3.258096538021482	6.761572768804055
Monoraphidium_neglectum	Monoraphidium_neglectum	0.5599192880241601	2.3978952727983707	1.6094379124341003	3.5263605246161616
Morus_notabilis	Morus_notabilis	0.6651490675132566	3.1354942159291497	1.791759469228055	6.369900982828227
Mus_caroli	Mus_caroli	0.7210410032735816	2.6390573296152584	1.3862943611198906	6.066108090103747
Mus_musculus	Mus_musculus	0.7453675167304976	2.9444389791664403	2.6390573296152584	6.320768294250582
Mus_pahari	Mus_pahari	0.7267855804553289	2.1972245773362196	1.3862943611198906	6.16541785423142
Musa_acuminata_subsp._malaccensis	Musa_acuminata	0.6600597428325402	3.8918202981106265	2.833213344056216	6.349138991379798
Musca_domestica	Musca_domestica	0.7760486661102747	3.6109179126442243	3.4965075614664802	6.363028103540465
Mustela_erminea	Mustela_erminea	0.8042833655911485	1.9459101490553132	1.6094379124341003	5.572154032177765
Mustela_putorius_furo	Mustela_putorius	0.778783509847497	1.0986122886681098	1.0986122886681098	5.556828061699537
Myotis_brandtii	Myotis_brandtii	0.7767620419581344	4.174387269895637	3.258096538021482	6.144185634125646
Myotis_davidii	Myotis_davidii	0.7613421628402804	3.828641396489095	3.2188758248682006	6.163314804034641
Myripristis_murdjan	Myripristis_murdjan	0.5890295080845759	5.293304824724492	3.332204510175204	6.807934943699926
Mytilinidion_resinicola	Mytilinidion_resinicola	0.5001063204372898	1.0986122886681098	0.0	3.8501476017100584
Myzus_persicae	Myzus_persicae	0.6615147769497537	3.1780538303479458	1.0986122886681098	5.855071922202427
Nannizzia_gypsea_CBS_118893	Nannizzia_gypsea	0.1565217391304348	0.6931471805599453	0.0	1.6094379124341003
Nannochloropsis_gaditana_CCMP526	Nannochloropsis_gaditana	0.417976046588287	1.3862943611198906	0.0	2.9444389791664403
Nannospalax_galili	Nannospalax_galili_-species_in_domain_Eukaryota	0.8110236484160575	2.3978952727983707	0.6931471805599453	6.1224928095143865
Nanorana_parkeri	Nanorana_parkeri	0.6414720628519761	4.955827057601261	4.174387269895637	7.3343293503005365
Nasonia_vitripennis	Nasonia_vitripennis	0.6965510996755546	4.110873864173311	2.4849066497880004	6.1675164908883415
Naumovozyma_dairenensis_CBS_421	Naumovozyma_dairenensis	0.40289457378064975	2.1972245773362196	0.0	3.258096538021482
Necator_americanus	Necator_americanus	0.7118749531794065	2.1972245773362196	1.6094379124341003	5.820082930352362
Nelumbo_nucifera	Nelumbo_nucifera	0.6126329225329311	2.9444389791664403	1.6094379124341003	7.116394144093465
Nematostella_vectensis	Nematostella_vectensis	0.6470158049486588	4.727387818712341	2.4849066497880004	5.926926025970411
Neodiprion_lecontei	Neodiprion_lecontei	0.5282565384058867	3.2188758248682006	1.6094379124341003	5.966146739123692
Neofusicoccum_parvum_UCRNP2	Neofusicoccum_parvum	0.552173191771732	1.3862943611198906	0.6931471805599453	4.189654742026425
Neolamprologus_brichardi	Neolamprologus_brichardi	0.6168264764432647	4.852030263919617	3.1354942159291497	6.646390514847729
Neomonachus_schauinslandi	Neomonachus_schauinslandi	0.7815950174840499	1.6094379124341003	1.9459101490553132	5.730099782973574
Neopelma_chrysocephalum	Neopelma_chrysocephalum	0.7375863254874653	2.0794415416798357	1.0986122886681098	5.135798437050262
Neophocaena_asiaeorientalis_asiaeorientalis	Neophocaena_asiaeorientalis	0.7530729601566637	2.772588722239781	1.6094379124341003	5.8377304471659395
Neospora_caninum_Liverpool	Neospora_caninum	0.3866590847281628	0.6931471805599453	0.0	4.007333185232471
Nestor_notabilis	Nestor_notabilis	0.7028175733947828	1.3862943611198906	1.0986122886681098	4.406719247264253
Neurospora_crassa_OR74A	Neurospora_crassa	0.44338841555049413	1.3862943611198906	0.0	4.59511985013459
Neurospora_tetrasperma_FGSC_2508	Neurospora_tetrasperma	0.3611229756184374	0.6931471805599453	0.6931471805599453	4.0943445622221
Nicotiana_attenuata	Nicotiana_attenuata	0.6669153415563176	3.912023005428146	1.9459101490553132	7.285506548522785
Nicotiana_sylvestris	Nicotiana_sylvestris	0.6418577968739064	3.9512437185814275	1.791759469228055	7.282073658093465
Nicotiana_tabacum	Nicotiana_tabacum	0.6986041072874062	2.833213344056216	0.0	6.932447891572509
Nicotiana_tomentosiformis	Nicotiana_tomentosiformis	0.6642537534904407	3.784189633918261	2.1972245773362196	7.1049654482698426
Nicrophorus_vespilloides	Nicrophorus_vespilloides	0.6268715077464142	3.8501476017100584	1.0986122886681098	5.808142489980444
Nilaparvata_lugens	Nilaparvata_lugens	0.6675384943930293	5.659482215759621	4.3694478524670215	7.175489713624222
Nipponia_nippon	Nipponia_nippon	0.6869068742929698	0.6931471805599453	0.6931471805599453	4.465908118654584
Nomascus_leucogenys	Nomascus_leucogenys	0.7986735893975435	1.791759469228055	1.791759469228055	5.950642552587727
Nomia_melanderi	Nomia_melanderi	0.7417809313524727	4.1588830833596715	2.9444389791664403	5.966146739123692
Nosema_ceranae	Nosema_ceranae	0.4349551414768806	0.6931471805599453	0.0	3.332204510175204
Nosema_ceranae_BRL01	Nosema_ceranae	0.3545246881040239	1.9459101490553132	0.6931471805599453	4.499809670330265
Notechis_scutatus	Notechis_scutatus	0.7157814154444512	4.61512051684126	3.5553480614894135	6.733401891837359
Nothobranchius_furzeri	Nothobranchius_furzeri	0.6076393068184062	5.4116460518550396	4.624972813284271	7.215239978730097
Nothoprocta_perdicaria	Nothoprocta_perdicaria	0.5927849522076634	0.6931471805599453	1.0986122886681098	3.912023005428146
Notolabrus_celidotus	Notolabrus_celidotus	0.5868619385494721	4.983606621708336	4.343805421853684	6.807934943699926
Notothenia_coriiceps	Notothenia_coriiceps	0.5693447587913737	6.18826412308259	4.276666119016055	6.957497370876951
Numida_meleagris	Numida_meleagris	0.7079327407014803	1.3862943611198906	1.0986122886681098	4.812184355372417
Nylanderia_fulva	Nylanderia_fulva	0.6011278276340429	5.342334251964811	3.7376696182833684	6.699500340161678
Nymphaea_colorata	Nymphaea_colorata	0.5791630644084447	4.564348191467836	1.791759469228055	6.805722553416985
Ochotona_princeps	Ochotona_princeps	0.8311682886395397	1.9459101490553132	0.6931471805599453	5.605802066295998
Octodon_degus	Octodon_degus	0.7749678061668354	1.791759469228055	1.3862943611198906	5.916202062607435
Octopus_bimaculoides	Octopus_bimaculoides	0.7745012997408118	4.276666119016055	2.1972245773362196	6.90975328164481
Octopus_sinensis	Octopus_vulgaris	0.7263358969232496	4.727387818712341	3.367295829986474	7.164720378771857
Odocoileus_virginianus_texanus	Odocoileus_virginianus	0.7717055780147802	0.0	2.4849066497880004	5.877735781779639
Odontomachus_brunneus	Odontomachus_brunneus	0.614900855826585	5.19295685089021	3.6375861597263857	7.141245122350491
Olea_europaea_var._sylvestris	Olea_europaea	0.8046874875918756	2.9444389791664403	1.791759469228055	6.740519359606223
Oncorhynchus_kisutch	Oncorhynchus_kisutch	0.6829264880537388	4.927253685157205	3.970291913552122	7.047517221357296
Oncorhynchus_mykiss	Oncorhynchus_mykiss_-species_in_domain_Eukaryota	0.6805733220498634	4.672828834461906	3.7612001156935624	6.630683385642372
Oncorhynchus_tshawytscha	Oncorhynchus_tshawytscha	0.6629874507988374	5.056245805348308	3.912023005428146	7.168579897264035
Ooceraea_biroi	Ooceraea_biroi	0.5647601318870414	4.532599493153256	3.8501476017100584	6.008813185442595
Opisthocomus_hoazin	Opisthocomus_hoazin	0.6789056510926055	2.302585092994046	1.3862943611198906	4.6913478822291435
Opisthorchis_viverrini	Opisthorchis_viverrini	0.6959947600247114	1.0986122886681098	1.0986122886681098	5.755742213586912
Orbicella_faveolata	Orbicella_faveolata	0.591930791763402	4.820281565605037	2.9444389791664403	7.144407180321139
Oreochromis_aureus	Oreochromis_aureus	0.6184786728613016	5.0238805208462765	2.833213344056216	6.813444599510896
Oreochromis_niloticus	Oreochromis_niloticus	0.6056619441355855	5.0238805208462765	3.8501476017100584	6.6895992691789665
Ornithorhynchus_anatinus	Ornithorhynchus_anatinus	0.8080768624963576	1.0986122886681098	1.6094379124341003	6.059123195581797
Orussus_abietinus	Orussus_abietinus	0.6421363174242414	3.6635616461296463	3.091042453358316	6.056784013228625
Orycteropus_afer_afer	Orycteropus_afer	0.7790094934106346	2.0794415416798357	2.4849066497880004	5.996452088619021
Oryctolagus_cuniculus	Oryctolagus_cuniculus	0.854760133474206	2.0794415416798357	1.0986122886681098	5.424950017481403
Oryza_brachyantha	Oryza_brachyantha	0.6572455040382056	2.5649493574615367	1.3862943611198906	6.2878585601617845
Oryza_sativa_Japonica_Group	Oryza_sativa	0.6054062061706876	3.1354942159291497	2.6390573296152584	6.490723534502507
Oryzias_latipes	Oryzias_latipes	0.6812557623327334	4.418840607796598	3.713572066704308	6.568077911411976
Oryzias_melastigma	Oryzias_melastigma	0.6561389071203962	4.04305126783455	2.5649493574615367	6.994849985833071
Osmia_bicornis_bicornis	Osmia_bicornis	0.5635566797764351	5.14166355650266	2.8903717578961645	6.386879319362645
Osmia_lignaria	Osmia_lignaria	0.5634354558717213	4.174387269895637	1.791759469228055	5.272999558563747
Ostreococcus_tauri	Ostreococcus_tauri	0.32700228832951944	2.0794415416798357	0.0	2.9444389791664403
Ostrinia_furnacalis	Ostrinia_furnacalis	0.6531186671527485	5.968707559985366	5.017279836814924	6.961296045910167
Otolemur_garnettii	Otolemur_garnettii	0.8007093566024317	2.3978952727983707	2.3978952727983707	6.095824562432225
Ovis_aries	Ovis_aries	0.7699308295450197	2.302585092994046	3.044522437723423	6.035481432524756
Pan_paniscus	Pan_paniscus	0.7960520483910375	1.3862943611198906	2.302585092994046	5.966146739123692
Pan_troglodytes	Pan_troglodytes	0.8124433187586482	1.791759469228055	2.1972245773362196	6.113682179832232
Pangasianodon_hypophthalmus	Pangasianodon_hypophthalmus	0.6467308204898573	3.7376696182833684	2.8903717578961645	6.928537818164665
Panicum_hallii	Panicum_hallii	0.6368945499813592	3.871201010907891	2.833213344056216	6.558197802812269
Panthera_pardus	Panthera_pardus	0.82409322148696	1.9459101490553132	0.6931471805599453	5.605802066295998
Panthera_tigris_altaica	Panthera_tigris	0.7799143773273188	2.0794415416798357	1.0986122886681098	5.739792912179234
Pantherophis_guttatus	Pantherophis_guttatus	0.6900615421105752	4.406719247264253	4.31748811353631	6.829793737512425
Pantholops_hodgsonii	Pantholops_hodgsonii	0.7698643526275334	2.0794415416798357	2.995732273553991	6.045005314036012
Papaver_somniferum	Papaver_somniferum	0.6817901586709	4.248495242049359	2.833213344056216	7.085064293952548
Papilio_machaon	Papilio_machaon	0.7408042601692363	3.970291913552122	2.302585092994046	5.564520407322694
Papilio_polytes	Papilio_polytes	0.7557833775016309	3.044522437723423	2.4849066497880004	5.53338948872752
Papilio_xuthus	Papilio_xuthus	0.7846477202782146	3.6635616461296463	2.3978952727983707	5.648974238161206
Papio_anubis	Papio_anubis	0.8004540800448847	1.3862943611198906	1.6094379124341003	5.968707559985366
Paracoccidioides_brasiliensis_Pb18	Paracoccidioides_brasiliensis	0.5462174205917405	1.6094379124341003	0.0	4.430816798843313
Paracoccidioides_lutzii_Pb01	Paracoccidioides_lutzii	0.5362703053931124	1.3862943611198906	0.6931471805599453	4.394449154672439
Paralichthys_olivaceus	Paralichthys_olivaceus	0.671591296189074	2.302585092994046	1.3862943611198906	6.068425588244111
Paramormyrops_kingsleyae	Paramormyrops_kingsleyae	0.6152638685762949	4.477336814478207	3.091042453358316	6.593044534142437
Paraphaeosphaeria_sporulosa	Paraconiothyrium_sporulosum	0.31813852813852816	1.791759469228055	0.0	3.784189633918261
Parastagonospora_nodorum_SN15	Parastagonospora_nodorum	0.49244901398955	2.1972245773362196	0.6931471805599453	3.5263605246161616
Parasteatoda_tepidariorum	Parasteatoda_tepidariorum	0.6778565918700951	4.983606621708336	3.367295829986474	6.921658184151129
Parus_major	Parus_major	0.6781988117720569	0.0	0.6931471805599453	4.584967478670572
Pecten_maximus	Pecten_maximus	0.6254891852341131	4.969813299576001	3.332204510175204	6.6052979209482015
Pediculus_humanus_corporis	Pediculus_humanus	0.6020469874567773	2.6390573296152584	0.6931471805599453	4.110873864173311
Pelecanus_crispus	Pelecanus_crispus	0.6244613687478824	1.791759469228055	1.6094379124341003	4.653960350157523
Pelodiscus_sinensis	Pelodiscus_sinensis	0.6760016715958952	4.23410650459726	3.044522437723423	7.0192966537150445
Penaeus_vannamei	Penaeus_vannamei	0.7775149104758338	2.5649493574615367	1.0986122886681098	5.484796933490655
Penicilliopsis_zonata_CBS_506.65	Aspergillus_zonatus	0.3716996699669967	0.0	0.0	2.0794415416798357
Penicillium_arizonense	Penicillium_arizonense	0.44999486178193404	1.9459101490553132	0.0	4.30406509320417
Penicillium_digitatum_Pd1	Penicillium_digitatum	0.36829404770231516	2.4849066497880004	1.3862943611198906	3.5263605246161616
Penicillium_expansum	Penicillium_expansum	0.4340014992992406	1.9459101490553132	0.6931471805599453	4.143134726391533
Penicillium_rubens_Wisconsin_54-1255	Penicillium_rubens	0.30313312269451664	1.6094379124341003	0.0	3.8501476017100584
Perca_flavescens	Perca_flavescens	0.5789601032165507	6.208590026096629	4.727387818712341	7.416378479192928
Periophthalmus_magnuspinnatus	Periophthalmus_magnuspinnatus	0.6820013794317783	4.51085950651685	3.4965075614664802	7.005789019253503
Perkinsus_marinus_ATCC_50983	Perkinsus_marinus	0.6749640753982298	4.820281565605037	2.6390573296152584	6.2878585601617845
Peromyscus_maniculatus_bairdii	Peromyscus_maniculatus	0.7344619016363284	2.833213344056216	2.302585092994046	6.3080984415095305
Pestalotiopsis_fici_W106-1	Pestalotiopsis_fici	0.41511387163561075	0.0	0.0	2.1972245773362196
Petromyzon_marinus	Petromyzon_marinus	0.7434670376256053	3.871201010907891	3.091042453358316	6.29156913955832
Phaeoacremonium_minimum_UCRPA7	Phaeoacremonium_aleophilum	0.3814381022979985	0.0	0.0	3.2188758248682006
Phaeodactylum_tricornutum_CCAP_1055_1	Phaeodactylum_tricornutum	0.41025156684393554	2.9444389791664403	1.791759469228055	4.356708826689592
Phaethon_lepturus	Phaethon_lepturus	0.7427275333638351	2.0794415416798357	0.6931471805599453	4.406719247264253
Phalacrocorax_carbo	Phalacrocorax_carbo	0.6564184874743558	1.3862943611198906	0.0	4.543294782270004
Phalaenopsis_equestris	Phalaenopsis_equestris	0.6687784463834293	2.3978952727983707	0.6931471805599453	6.610696044717759
Phanerochaete_carnosa_HHB-10118-sp	Phanerochaete_carnosa	0.47044563588147126	3.5263605246161616	1.6094379124341003	5.123963979403259
Phascolarctos_cinereus	Phascolarctos_cinereus	0.764145573818213	0.6931471805599453	1.0986122886681098	6.35088571671474
Phaseolus_vulgaris	Phaseolus_vulgaris	0.6016333074727499	2.9444389791664403	1.0986122886681098	6.349138991379798
Phasianus_colchicus	Phasianus_colchicus	0.7122052799570955	1.0986122886681098	0.0	4.836281906951478
Phialocephala_scopiformis	Phialocephala_scopiformis	0.44768794532499634	1.791759469228055	1.0986122886681098	3.9512437185814275
Phialophora_attinorum	Phialophora_attinorum	0.41284403669724773	0.0	0.0	2.1972245773362196
Phoca_vitulina	Phoca_vitulina	0.763708851735745	1.6094379124341003	1.791759469228055	5.755742213586912
Phocoena_sinus	Phocoena_sinus	0.7693116613944663	2.70805020110221	1.0986122886681098	5.886104031450156
Phoenix_dactylifera	Phoenix_dactylifera	0.609838766609733	4.007333185232471	2.1972245773362196	6.679599185844383
Photinus_pyralis	Photinus_pyralis	0.593064307105688	5.786897381366708	4.454347296253507	7.412160334945205
Phycomyces_blakesleeanus_NRRL_1555_-_	Phycomyces_blakesleeanus	0.4788833235736287	2.5649493574615367	2.1972245773362196	5.308267697401205
Phyllostomus_discolor	Phyllostomus_discolor	0.7368301339669985	1.6094379124341003	1.791759469228055	5.8664680569332965
Physcomitrium_patens	Physcomitrella_patens	0.6633234298685208	2.0794415416798357	1.791759469228055	5.313205979041787
Physeter_catodon	Physeter_catodon	0.7112627198068285	2.70805020110221	1.9459101490553132	5.934894195619588
Phytophthora_infestans_T30-4	Phytophthora_infestans	0.6260290827913779	4.406719247264253	2.995732273553991	6.3835066348840055
Phytophthora_parasitica_INRA-310	Phytophthora_parasitica	0.4479339360626995	3.367295829986474	0.0	5.484796933490655
Phytophthora_sojae	Phytophthora_sojae	0.47484189380393804	4.976733742420574	2.6390573296152584	6.180016653652572
Pichia_kudriavzevii	Pichia_kudriavzevii	0.2998878923766816	1.0986122886681098	0.0	2.0794415416798357
Pichia_membranifaciens_NRRL_Y-2026	Pichia_membranifaciens	0.38040816326530613	1.0986122886681098	0.6931471805599453	1.6094379124341003
Picoides_pubescens	Picoides_pubescens	0.7422805894667913	2.302585092994046	1.791759469228055	5.402677381872279
Pieris_rapae	Pieris_rapae	0.6291604740803795	4.465908118654584	2.772588722239781	6.419994928147142
Piliocolobus_tephrosceles	Piliocolobus_tephrosceles	0.8183372067074943	2.0794415416798357	1.0986122886681098	5.937536205082426
Pipra_filicauda	Pipra_filicauda	0.7031393652979187	2.0794415416798357	1.6094379124341003	4.859812404361672
Pistacia_vera	Pistacia_vera	0.6354900041610466	4.30406509320417	2.995732273553991	6.956545443151569
Plasmodium_berghei_ANKA	Plasmodium_berghei	0.5132575757575758	0.6931471805599453	0.0	1.791759469228055
Plasmodium_chabaudi_chabaudi	Plasmodium_chabaudi	0.4200079396585947	0.6931471805599453	0.0	2.3978952727983707
Plasmodium_coatneyi	Plasmodium_coatneyi	0.6896923739767342	1.3862943611198906	0.0	4.700480365792417
Plasmodium_cynomolgi_strain_B	Plasmodium_cynomolgi	0.5335640138408304	0.6931471805599453	0.0	2.833213344056216
Plasmodium_falciparum_3D7	Plasmodium_falciparum_-species_in_subkingdom_SAR	0.5419896640826873	0.0	0.0	2.1972245773362196
Plasmodium_fragile	Plasmodium_fragile	0.45905076769572145	1.3862943611198906	1.6094379124341003	4.394449154672439
Plasmodium_gallinaceum	Plasmodium_gallinaceum	0.5720096285797844	0.0	0.0	3.4965075614664802
Plasmodium_gonderi	Plasmodium_gonderi	0.3221888468068434	0.0	0.0	3.258096538021482
Plasmodium_inui_San_Antonio_1	Plasmodium_inui	0.5007243227582211	0.6931471805599453	0.0	2.8903717578961645
Plasmodium_knowlesi_strain_H	Plasmodium_knowlesi	0.35337344220025785	1.0986122886681098	0.0	2.302585092994046
Plasmodium_malariae	Plasmodium_malariae_-species_in_subkingdom_SAR	0.6580685882600463	0.0	0.0	3.7376696182833684
Plasmodium_relictum	Plasmodium_relictum	0.6222797041344221	0.6931471805599453	0.0	2.9444389791664403
Plasmodium_vinckei_vinckei	Plasmodium_vinckei	0.04519774011299435	0.0	0.0	1.0986122886681098
Plasmodium_vivax	Plasmodium_vivax	0.43912973924172133	1.9459101490553132	0.0	2.9444389791664403
Plasmodium_yoelii	Plasmodium_yoelii	0.5446344326053437	1.6094379124341003	0.0	2.9444389791664403
Plasmodium_yoelii_yoelii	Plasmodium_yoelii	0.6583333333333333	0.0	0.0	2.4849066497880004
Plasmopara_halstedii	Plasmopara_halstedii	0.7365677148032465	3.970291913552122	1.0986122886681098	5.986452005284438
Plutella_xylostella	Plutella_xylostella	0.5782273142272584	5.365976015021851	4.0943445622221	6.45833828334479
Pneumocystis_carinii_B80	Pneumocystis_carinii	0.13821138211382114	0.0	0.0	1.0986122886681098
Pochonia_chlamydosporia_170	Metacordyceps_chlamydosporia	0.47216365638250524	2.5649493574615367	0.0	4.68213122712422
Pocillopora_damicornis	Pocillopora_damicornis	0.6960002402023221	2.833213344056216	1.3862943611198906	5.768320995793772
Podarcis_muralis	Podarcis_muralis	0.6889615077397393	4.787491742782046	4.189654742026425	7.04141166379481
Podospora_anserina_S_mat+	Podospora_pauciseta	0.3803921568627451	1.0986122886681098	0.0	3.7612001156935624
Poecilia_formosa	Poecilia_formosa	0.6385477846374585	4.465908118654584	2.4849066497880004	6.62273632394984
Poecilia_latipinna	Poecilia_latipinna	0.6473705704384128	4.394449154672439	2.6390573296152584	6.553933404025811
Poecilia_mexicana	Poecilia_mexicana	0.6445841584477182	4.709530201312334	2.5649493574615367	6.62273632394984
Poecilia_reticulata	Poecilia_reticulata	0.6277786976616145	4.653960350157523	3.091042453358316	6.583409222158765
Pogona_vitticeps	Pogona_vitticeps	0.6510718406970496	3.9889840465642745	3.784189633918261	6.699500340161678
Pogonomyrmex_barbatus	Pogonomyrmex_barbatus	0.5486859575803299	4.060443010546419	1.6094379124341003	5.7899601708972535
Polistes_canadensis	Polistes_canadensis	0.5384543514894542	3.1780538303479458	1.6094379124341003	5.389071729816501
Polistes_dominula	Polistes_dominula	0.5792237989263522	4.007333185232471	2.772588722239781	5.765191102784844
Pomacea_canaliculata	Pomacea_canaliculata	0.57861523206333	4.330733340286331	3.044522437723423	6.432940092739179
Pongo_abelii	Pongo_abelii	0.7998165351135432	2.0794415416798357	1.791759469228055	6.075346031088684
Populus_alba	Populus_alba	0.6000044722486919	3.367295829986474	2.4849066497880004	6.380122536899765
Populus_euphratica	Populus_euphratica	0.6445322192213351	2.9444389791664403	1.3862943611198906	5.869296913133774
Populus_trichocarpa	Populus_trichocarpa	0.5817783135398928	2.833213344056216	1.9459101490553132	6.456769655572163
Postia_placenta_MAD-698-R-SB12	Rhodonia_placenta	0.6381447155934628	3.332204510175204	1.9459101490553132	4.709530201312334
Postia_placenta_Mad-698-R	Rhodonia_placenta	0.6526030334563113	2.1972245773362196	0.0	3.4965075614664802
Priapulus_caudatus	Priapulus_caudatus	0.599297336811435	6.139884552226255	4.04305126783455	7.004881989712859
Propithecus_coquereli	Propithecus_coquereli	0.7365479473305822	2.3978952727983707	1.3862943611198906	5.929589143389895
Prosopis_alba	Prosopis_alba	0.6686884852859082	2.772588722239781	1.6094379124341003	6.484635235635252
Protobothrops_mucrosquamatus	Protobothrops_mucrosquamatus	0.7322649334771287	4.605170185988092	3.970291913552122	6.75110146893676
Prunus_avium	Prunus_avium	0.5500710599792209	4.804021044733257	3.044522437723423	6.956545443151569
Prunus_dulcis	Prunus_dulcis	0.5652349732250243	4.0943445622221	2.772588722239781	6.679599185844383
Prunus_mume	Prunus_mume	0.5795089502636489	4.174387269895637	2.995732273553991	6.815639990074331
Prunus_persica	Prunus_persica	0.5775077254328369	3.4657359027997265	2.772588722239781	6.016157159698354
Pseudocercospora_fijiensis_CIRAD86	Mycosphaerella_fijiensis	0.5157286826437348	3.871201010907891	3.044522437723423	5.8944028342648505
Pseudochaenichthys_georgianus	Pseudochaenichthys_georgianus	0.5973219480026566	6.5998704992128365	5.262690188904886	7.413970290190444
Pseudomyrmex_gracilis	Pseudomyrmex_gracilis	0.5272941135861784	4.890349128221754	3.6375861597263857	6.794586580876499
Pseudonaja_textilis	Pseudonaja_textilis	0.714654043878959	4.204692619390966	3.58351893845611	6.767343125265392
Pseudopodoces_humilis	Pseudopodoces_humilis	0.6747443521887044	0.0	1.0986122886681098	4.624972813284271
Pterocles_gutturalis	Pterocles_gutturalis	0.6805232629286081	1.3862943611198906	0.0	4.51085950651685
Pteropus_alecto	Pteropus_alecto	0.7169132913386277	2.0794415416798357	0.6931471805599453	5.771441123130016
Pteropus_vampyrus	Pteropus_vampyrus	0.7198752933816968	1.0986122886681098	1.3862943611198906	5.648974238161206
Puccinia_graminis_f._sp._tritici_CRL_75-36-700-3	Puccinia_graminis	0.581325302685035	3.5263605246161616	2.9444389791664403	6.278521424165844
Puma_concolor	Puma_concolor	0.7869057422788789	1.791759469228055	1.6094379124341003	5.594711379601839
Punctularia_strigosozonata_HHB-11173_SS5	Punctularia_strigosozonata	0.37588429752066116	3.332204510175204	1.791759469228055	4.700480365792417
Pundamilia_nyererei	Pundamilia_nyererei	0.6070753092810631	4.882801922586371	3.295836866004329	6.612041034833092
Punica_granatum	Punica_granatum	0.5907366392559634	3.367295829986474	2.70805020110221	6.366470447731438
Purpureocillium_lilacinum	Purpureocillium_lilacinum	0.43322574609411546	2.1972245773362196	1.0986122886681098	4.430816798843313
Pygocentrus_nattereri	Pygocentrus_nattereri	0.691290191479836	4.30406509320417	2.4849066497880004	6.7580945044277305
Pygoscelis_adeliae	Pygoscelis_adeliae	0.6850550487176874	1.0986122886681098	1.9459101490553132	4.30406509320417
Pyrenophora_teres_f._teres_0-1	Pyrenophora_teres	0.3176325303082245	2.995732273553991	0.0	4.477336814478207
Pyrenophora_tritici-repentis_Pt-1C-BFP	Pyrenophora_tritici-repentis	0.4748093760177788	3.091042453358316	2.8903717578961645	4.844187086458591
Pyricularia_grisea	Magnaporthe_grisea	0.42324540244302505	1.9459101490553132	0.6931471805599453	4.343805421853684
Pyricularia_oryzae_70-15	Pyricularia_oryzae	0.5239637621158248	2.1972245773362196	2.302585092994046	3.7376696182833684
Python_bivittatus	Python_bivittatus	0.6673440719007809	4.143134726391533	2.4849066497880004	6.396929655216146
Quercus_lobata	Quercus_lobata	0.5634589853239015	3.8066624897703196	1.9459101490553132	6.981934677156389
Quercus_suber	Quercus_suber	0.5901081292197503	3.295836866004329	1.3862943611198906	6.910750787961936
Ramularia_collo-cygni	Ramularia_collo-cygni	0.48510604746511077	2.5649493574615367	0.6931471805599453	4.007333185232471
Raphanus_sativus	Raphanus_sativus	0.5448584724106282	3.8501476017100584	2.1972245773362196	6.672032945461067
Rasamsonia_emersonii_CBS_393.64	Rasamsonia_emersonii	0.331328320802005	2.0794415416798357	0.6931471805599453	3.044522437723423
Rattus_norvegicus	Rattus_norvegicus	0.738017908938429	2.8903717578961645	1.791759469228055	6.244166900663736
Rattus_rattus	Rattus_rattus	0.7237447164765609	1.791759469228055	2.1972245773362196	5.981414211254481
Rhagoletis_zephyria	Rhagoletis_zephyria	0.5942123159659317	5.7899601708972535	3.6109179126442243	7.506042178518122
Rhinatrema_bivittatum	Rhinatrema_bivittatum	0.6631229979600068	4.430816798843313	3.367295829986474	7.223295679562314
Rhincodon_typus	Rhincodon_typus	0.7263434405904541	2.3978952727983707	2.1972245773362196	6.61338421837956
Rhinocladiella_mackenziei_CBS_650.93	Rhinocladiella_mackenziei	0.48788609218313017	2.5649493574615367	1.6094379124341003	4.543294782270004
Rhinolophus_ferrumequinum	Rhinolophus_ferrumequinum	0.7008828353929194	3.258096538021482	2.9444389791664403	5.8664680569332965
Rhinolophus_sinicus	Rhinolophus_sinicus	0.708824090315907	3.091042453358316	2.772588722239781	5.82600010738045
Rhinopithecus_bieti	Rhinopithecus_bieti	0.7802095148178416	1.0986122886681098	0.0	5.886104031450156
Rhinopithecus_roxellana	Rhinopithecus_roxellana	0.8254635102693634	1.791759469228055	1.6094379124341003	6.052089168924417
Rhizophagus_irregularis_DAOM_181602=DAOM_197198	Rhizophagus_irregularis	0.5105099601645725	4.219507705176107	2.4849066497880004	6.240275845170769
Rhizopus_microsporus_ATCC_52813	Rhizopus_microsporus	0.4617187288342229	2.3978952727983707	0.0	4.836281906951478
Rhodamnia_argentea	Rhodamnia_argentea	0.6443022122156477	3.258096538021482	1.3862943611198906	6.452048954437226
Rhodotorula_graminis_WP1	Rhodotorula_graminis	0.2998220640569395	0.0	0.0	2.4849066497880004
Rhodotorula_toruloides_NP11	Rhodotorula_toruloides	0.3994871794871795	0.6931471805599453	0.0	2.302585092994046
Rhopalosiphum_maidis	Rhopalosiphum_maidis	0.6542477575926451	3.970291913552122	1.0986122886681098	5.802118375377063
Ricinus_communis	Ricinus_communis	0.6496606403401869	4.04305126783455	1.9459101490553132	6.3561076606958915
Rousettus_aegyptiacus	Rousettus_aegyptiacus	0.7059810212658235	1.0986122886681098	0.6931471805599453	5.7745515455444085
Saccharomyces_arboricola_H-6	Saccharomyces_arboricola	0.43862433862433864	0.0	0.6931471805599453	1.791759469228055
Saccharomyces_eubayanus	Saccharomyces_eubayanus	0.41083150984682715	1.0986122886681098	0.6931471805599453	2.4849066497880004
Saccharomyces_paradoxus	Saccharomyces_paradoxus	0.3840277777777778	1.0986122886681098	0.6931471805599453	2.302585092994046
Saccoglossus_kowalevskii	Saccoglossus_kowalevskii	0.6573325635064612	5.236441962829949	2.3978952727983707	6.501289670540389
Saimiri_boliviensis_boliviensis	Saimiri_boliviensis	0.7910080174382438	1.3862943611198906	2.70805020110221	6.028278520230698
Saitoella_complicata_NRRL_Y-17804	Saitoella_complicata	0.41315945465323056	2.3978952727983707	0.0	3.044522437723423
Salarias_fasciatus	Salarias_fasciatus	0.6116354573952576	5.241747015059643	3.4011973816621555	6.617402977974478
Salmo_salar	Salmo_salar	0.6977140274917891	4.624972813284271	3.6109179126442243	6.385194398997726
Salmo_trutta	Salmo_trutta	0.6602222547724435	5.153291594497779	4.605170185988092	7.195937226475569
Salpingoeca_rosetta	Salpingoeca_rosetta	0.5178952701480114	2.3978952727983707	0.0	4.110873864173311
Sander_lucioperca	Sander_lucioperca	0.5772177778606247	6.192362489474872	4.875197323201151	7.4377951216719325
Sapajus_apella	Sapajus_apella	0.7964041667974624	1.0986122886681098	2.3978952727983707	5.976350909297934
Saprochaete_ingens	Saprochaete_ingens	0.7215478946380529	2.4849066497880004	0.6931471805599453	3.091042453358316
Saprolegnia_diclina_VS20	Saprolegnia_diclina	0.4962894248608534	2.833213344056216	1.6094379124341003	4.343805421853684
Saprolegnia_parasitica_CBS_223.65	Saprolegnia_parasitica	0.5446210916799152	2.8903717578961645	2.0794415416798357	4.653960350157523
Sarcophilus_harrisii	Sarcophilus_harrisii	0.7708598572206538	2.1972245773362196	1.9459101490553132	6.269096283706261
Scaptodrosophila_lebanonensis	Scaptodrosophila_lebanonensis	0.711357989488742	4.6913478822291435	3.332204510175204	6.504288173536645
Scedosporium_apiospermum	Pseudallescheria_boydii	0.5290423097521788	0.0	0.0	3.1354942159291497
Scheffersomyces_stipitis_CBS_6054	Scheffersomyces_stipitis	0.37889886578449905	1.791759469228055	0.0	2.772588722239781
Schistosoma_haematobium	Schistosoma_haematobium	0.7020433120945537	1.791759469228055	1.0986122886681098	6.380122536899765
Schistosoma_mansoni	Schistosoma_mansoni	0.7709170543461242	1.6094379124341003	1.9459101490553132	6.137727054086234
Schizophyllum_commune_H4-8	Schizophyllum_commune	0.39749018569979266	2.6390573296152584	0.6931471805599453	4.189654742026425
Schizosaccharomyces_cryophilus_OY26	Schizosaccharomyces_cryophilus	0.36959529574541683	0.6931471805599453	0.0	2.6390573296152584
Schizosaccharomyces_japonicus_yFS275	Hasegawaea_japonica	0.2651564011609158	2.302585092994046	1.3862943611198906	3.332204510175204
Schizosaccharomyces_pombe	Schizosaccharomyces_pombe	0.46125356125356126	0.6931471805599453	0.6931471805599453	2.302585092994046
Scleropages_formosus	Scleropages_formosus	0.7558849646231645	2.833213344056216	2.3978952727983707	6.0844994130751715
Sclerotinia_sclerotiorum_1980_UF-70	Sclerotinia_sclerotiorum	0.629637279200598	2.3978952727983707	1.3862943611198906	3.6109179126442243
Selaginella_moellendorffii	Selaginella_moellendorffii	0.7258637424380783	3.8066624897703196	2.833213344056216	5.783825182329737
Serinus_canaria	Serinus_canaria	0.6634173747670634	1.9459101490553132	0.6931471805599453	5.351858133476067
Seriola_dumerili	Seriola_dumerili	0.6384829159584514	3.5263605246161616	2.1972245773362196	6.437751649736401
Seriola_lalandi_dorsalis	Seriola_lalandi	0.67365703440522	3.6635616461296463	1.791759469228055	6.2166061010848646
Serpula_lacrymans_var._lacrymans_S7.9	Serpula_lacrymans	0.6317866140123919	3.8066624897703196	3.258096538021482	5.429345628954441
Sesamum_indicum	Sesamum_indicum_-species_in_domain_Eukaryota	0.5816389081228969	2.6390573296152584	0.0	6.169610732491456
Setaria_italica	Setaria_italica	0.6269098302317128	3.4011973816621555	2.4849066497880004	6.60934924316738
Setaria_viridis	Setaria_viridis	0.6106501624562942	3.2188758248682006	2.3978952727983707	6.452048954437226
Sinocyclocheilus_anshuiensis	Sinocyclocheilus_anshuiensis	0.6129239871405083	5.991464547107982	3.9889840465642745	7.417580402414544
Sinocyclocheilus_grahami	Sinocyclocheilus_grahami	0.6233957140874986	5.886104031450156	4.276666119016055	7.447751280047908
Sinocyclocheilus_rhinocerous	Sinocyclocheilus_rhinocerous	0.6119283202575366	5.8944028342648505	3.8066624897703196	7.360103972989152
Sipha_flava	Sipha_flava	0.46104157606665064	4.890349128221754	2.833213344056216	6.639875833826536
Sitophilus_oryzae	Sitophilus_oryzae	0.6369026752925928	6.285998094508865	4.90527477843843	7.358830898342354
Sodiomyces_alkalinus_F11	Heleococcum_alkalinum	0.4916347626339969	1.3862943611198906	1.6094379124341003	5.480638923341991
Solanum_lycopersicum	Solanum_lycopersicum	0.612455918683802	3.1354942159291497	1.9459101490553132	6.77078942390898
Solanum_pennellii	Solanum_pennellii	0.6259492855925266	2.8903717578961645	2.0794415416798357	6.922643891475888
Solanum_tuberosum	Solanum_tuberosum	0.5903658292902315	3.9318256327243257	1.3862943611198906	7.02108396428914
Solenopsis_invicta	Solenopsis_invicta	0.5567871462232209	5.093750200806762	3.2188758248682006	6.927557906278317
Sordaria_macrospora_k-hell	Sordaria_macrospora	0.43803559657218194	1.791759469228055	1.6094379124341003	3.713572066704308
Sorex_araneus	Sorex_araneus	0.7869029105808134	2.772588722239781	3.258096538021482	5.976350909297934
Sorghum_bicolor	Sorghum_bicolor	0.664319220743504	3.912023005428146	3.332204510175204	6.52649485957079
Sparassis_crispa	Sparassis_crispa	0.422179620066227	3.784189633918261	2.6390573296152584	5.3230099791384085
Sparus_aurata	Sparus_aurata	0.6013279766006339	5.545177444479562	3.4339872044851463	6.96979066990159
Sphaeramia_orbicularis	Sphaeramia_orbicularis	0.6113942912334539	5.420534999272286	4.060443010546419	6.805722553416985
Sphaeroforma_arctica_JP610	Sphaeroforma_arctica	0.6395025184564292	2.995732273553991	1.0986122886681098	4.859812404361672
Sphaerulina_musiva_SO2202	Sphaerulina_musiva	0.5653410927901713	2.302585092994046	0.0	3.8066624897703196
Spinacia_oleracea	Spinacia_oleracea	0.6540825084730483	4.7535901911063645	3.6375861597263857	6.844815479208263
Spizellomyces_punctatus_DAOM_BR117	Spizellomyces_punctatus	0.3494528246081041	2.3978952727983707	0.0	2.6390573296152584
Spodoptera_litura	Spodoptera_litura	0.6837753935017691	4.736198448394496	3.332204510175204	6.520621127558696
Sporothrix_schenckii_1099-18	Sporothrix_schenckii	0.35833333333333334	0.0	0.0	1.3862943611198906
Stereum_hirsutum_FP-91666_SS1	Stereum_hirsutum	0.38803772716816193	3.4965075614664802	1.6094379124341003	4.5217885770490405
Stomoxys_calcitrans	Stomoxys_calcitrans	0.767831606925479	3.332204510175204	2.4849066497880004	6.75343791859778
Strigops_habroptila	Strigops_habroptila	0.7222549459120964	1.791759469228055	2.0794415416798357	4.477336814478207
Strongylocentrotus_purpuratus	Strongylocentrotus_purpuratus	0.61109351502952	5.655991810819852	4.663439094112067	7.182352111885263
Strongyloides_ratti	Strongyloides_ratti	0.602880658436214	1.0986122886681098	0.0	3.258096538021482
Struthio_camelus_australis	Struthio_camelus	0.6631245282892005	0.0	0.0	3.58351893845611
Sturnus_vulgaris	Sturnus_vulgaris	0.6860000422050745	1.0986122886681098	0.0	4.8283137373023015
Stylophora_pistillata	Stylophora_pistillata	0.6720787748278394	4.948759890378168	3.4965075614664802	6.777646593635117
Sugiyamaella_lignohabitans	Sugiyamaella_lignohabitans	0.7513729208644463	1.9459101490553132	2.772588722239781	3.4965075614664802
Suricata_suricatta	Suricata_suricatta	0.8266190343931146	0.6931471805599453	0.0	5.6240175061873385
Sus_scrofa	Sus_scrofa	0.7880016831132307	1.6094379124341003	0.6931471805599453	5.641907070938114
Synchytrium_microbalum	Synchytrium_microbalum	0.18219461697722567	1.791759469228055	0.0	1.9459101490553132
Syzygium_oleosum	Syzygium_oleosum	0.6367256428903427	4.060443010546419	2.1972245773362196	6.841615476477592
Tachysurus_fulvidraco	Tachysurus_fulvidraco	0.6471768997883911	5.135798437050262	3.784189633918261	6.568077911411976
Taeniopygia_guttata	Taeniopygia_guttata	0.6768059805532165	1.791759469228055	1.9459101490553132	5.081404364984463
Takifugu_rubripes	Takifugu_rubripes	0.6390964995122562	4.61512051684126	2.6390573296152584	5.746203190540153
Talaromyces_atroroseus	Talaromyces_atroroseus	0.48687637747946305	0.0	0.0	1.9459101490553132
Talaromyces_marneffei_ATCC_18224	Talaromyces_marneffei	0.44358138451814644	3.1354942159291497	1.6094379124341003	3.828641396489095
Talaromyces_stipitatus_ATCC_10500	Talaromyces_stipitatus	0.4811739185867151	3.367295829986474	2.0794415416798357	5.159055299214529
Tarenaya_hassleriana	Tarenaya_hassleriana	0.6117604302368307	4.330733340286331	3.258096538021482	6.375024819828097
Tauraco_erythrolophus	Tauraco_erythrolophus	0.7644404651171369	1.3862943611198906	1.6094379124341003	4.820281565605037
Temnothorax_curvispinosus	Temnothorax_curvispinosus	0.5035723630871394	5.327876168789581	3.044522437723423	6.669498089857879
Terrapene_carolina_triunguis	Terrapene_carolina	0.6537887170068903	4.499809670330265	3.784189633918261	6.933423025730715
Tetrahymena_thermophila_SB210	Tetrahymena_thermophila	0.1948529411764706	0.0	1.0986122886681098	1.3862943611198906
Tetranychus_urticae	Tetranychus_urticae	0.5349231268815419	1.0986122886681098	0.6931471805599453	4.897839799950911
Tetrapisispora_blattae_CBS_6284	Tetrapisispora_blattae	0.2753896430367019	2.0794415416798357	1.0986122886681098	2.8903717578961645
Tetrapisispora_phaffii_CBS_4417	Tetrapisispora_phaffii	0.4811540251279665	0.0	0.6931471805599453	1.9459101490553132
Thalassiosira_pseudonana_CCMP1335	Thalassiosira_pseudonana	0.39159409624269187	3.367295829986474	1.3862943611198906	4.127134385045092
Thalassophryne_amazonica	Thalassophryne_amazonica	0.6403560293665173	5.739792912179234	4.820281565605037	7.444248649496705
Thamnophis_elegans	Thamnophis_elegans	0.6931713056757398	4.927253685157205	4.04305126783455	7.01211529430638
Thamnophis_sirtalis	Thamnophis_sirtalis	0.6700770175989665	4.605170185988092	3.4965075614664802	6.873163834212518
Thecamonas_trahens_ATCC_50062	Thecamonas_trahens	0.39847942754919496	1.6094379124341003	0.6931471805599453	2.5649493574615367
Theileria_annulata	Theileria_annulata	0.2159090909090909	1.0986122886681098	0.0	1.3862943611198906
Theileria_equi_strain_WA	Theileria_equi	0.47683795948987245	2.4849066497880004	0.0	4.454347296253507
Theileria_parva_strain_Muguga	Theileria_parva	0.32335329341317365	0.0	0.0	1.0986122886681098
Theobroma_cacao	Theobroma_cacao	0.6472461967997395	2.8903717578961645	1.6094379124341003	6.29156913955832
Thermothielavioides_terrestris_NRRL_8126	Thielavia_terrestris	0.4829338713528694	1.0986122886681098	2.0794415416798357	4.59511985013459
Theropithecus_gelada	Theropithecus_gelada	0.815786171871165	2.302585092994046	2.302585092994046	6.102558594613569
Thrips_palmi	Thrips_palmi	0.7578627330389441	4.553876891600541	4.07753744390572	6.440946540632921
Tilletiaria_anomala_UBC_951	Tilletiaria_anomala	0.3064516129032258	0.0	0.0	0.6931471805599453
Tinamus_guttatus	Tinamus_guttatus	0.7819943783767516	1.3862943611198906	0.6931471805599453	3.7612001156935624
Toxoplasma_gondii_ME49	Toxoplasma_gondii	0.5984092115407712	1.6094379124341003	0.6931471805599453	4.143134726391533
Trachemys_scripta_elegans	Trachemys_scripta	0.6545879989480454	4.1588830833596715	3.828641396489095	6.86171134048073
Trachymyrmex_cornetzi	Trachymyrmex_cornetzi	0.5837535022464376	5.288267030694535	3.258096538021482	6.9930151229329605
Trachymyrmex_septentrionalis	Trachymyrmex_septentrionalis	0.6026573070769282	3.912023005428146	2.1972245773362196	6.411818267709897
Trachymyrmex_zeteki	Trachymyrmex_zeteki	0.5877168864843028	4.2626798770413155	2.833213344056216	6.416732282512326
Trachypithecus_francoisi	Trachypithecus_francoisi	0.8209402900479028	1.6094379124341003	1.3862943611198906	6.095824562432225
Trametes_versicolor_FP-101664_SS1	Trametes_versicolor	0.3619361936193619	2.6390573296152584	1.6094379124341003	4.442651256490317
Trematomus_bernacchii	Trematomus_bernacchii	0.58647522396944	6.3080984415095305	5.1647859739235145	7.22983877815125
Trematosphaeria_pertusa	Trematosphaeria_pertusa	0.638133279401355	2.8903717578961645	1.3862943611198906	4.060443010546419
Tremella_mesenterica_DSM_1558	Tremella_mesenterica	0.6110392041503985	3.1780538303479458	1.9459101490553132	4.653960350157523
Tribolium_castaneum	Tribolium_castaneum	0.627432329491077	3.7376696182833684	1.791759469228055	5.950642552587727
Trichechus_manatus_latirostris	Trichechus_manatus	0.7737811099131287	2.302585092994046	0.6931471805599453	6.063785208687608
Trichinella_spiralis	Trichinella_spiralis	0.5469835466179159	2.6390573296152584	0.0	4.553876891600541
Trichoderma_asperellum_CBS_433.97	Trichoderma_asperellum	0.4424581005586592	0.0	0.0	2.995732273553991
Trichoderma_atroviride_IMI_206040	Trichoderma_atroviride	0.19344262295081968	0.0	0.0	1.6094379124341003
Trichoderma_citrinoviride	Trichoderma_citrinoviride	0.5756302521008403	0.0	0.0	1.791759469228055
Trichoderma_gamsii	Trichoderma_gamsii	0.44511278195488724	0.0	0.0	2.302585092994046
Trichoderma_harzianum_CBS_226.95	Trichoderma_harzianum	0.5312337233931734	0.0	0.0	3.4339872044851463
Trichoderma_reesei_QM6a	Trichoderma_reesei	0.3187877263581489	0.0	0.0	2.772588722239781
Trichoderma_virens_Gv29-8	Trichoderma_virens	0.4750533049040512	0.0	0.0	2.70805020110221
Trichogramma_pretiosum	Trichogramma_pretiosum	0.5558759204939727	2.6390573296152584	1.6094379124341003	5.680172609017068
Trichomonas_vaginalis_G3	Trichomonas_vaginalis	0.7234560462779214	4.700480365792417	2.70805020110221	5.225746673713202
Trichoplax_adhaerens	Trichoplax_adhaerens	0.6480297849901341	1.791759469228055	2.3978952727983707	4.2626798770413155
Trichoplusia_ni	Trichoplusia_ni	0.6547701872128922	4.189654742026425	3.295836866004329	6.142037405587356
Trichosporon_asahii_var._asahii_CBS_2479	Trichosporon_asahii	0.046875	0.0	0.6931471805599453	0.6931471805599453
Trypanosoma_brucei_brucei_TREU927	Trypanosoma_brucei	0.6116010679528033	1.0986122886681098	0.6931471805599453	3.5263605246161616
Trypanosoma_brucei_gambiense_DAL972	Trypanosoma_brucei	0.4073820915926179	1.0986122886681098	0.6931471805599453	1.9459101490553132
Trypanosoma_conorhini	Trypanosoma_conorhini	0.34755720470006185	1.6094379124341003	0.0	2.6390573296152584
Trypanosoma_cruzi	Trypanosoma_cruzi	0.7805506366777891	3.367295829986474	1.6094379124341003	4.875197323201151
Trypanosoma_grayi	Trypanosoma_grayi	0.46978409904839863	1.0986122886681098	0.6931471805599453	3.367295829986474
Trypanosoma_rangeli	Trypanosoma_rangeli	0.5913492998298652	1.0986122886681098	0.0	2.8903717578961645
Trypanosoma_theileri	Trypanosoma_theileri	0.677384642564605	2.302585092994046	0.0	4.060443010546419
Tuber_melanosporum	Tuber_melanosporum	0.6409382876010328	2.5649493574615367	1.9459101490553132	5.91350300563827
Tupaia_chinensis	Tupaia_chinensis	0.8631129026117127	1.6094379124341003	0.0	5.680172609017068
Tursiops_truncatus	Tursiops_truncatus	0.7757628281996439	2.6390573296152584	1.9459101490553132	5.860786223465865
Uncinocarpus_reesii_1704	Uncinocarpus_reesii	0.3278327832783278	0.6931471805599453	0.0	2.8903717578961645
Urocitellus_parryii	Urocitellus_parryii	0.781872291400751	2.5649493574615367	2.0794415416798357	5.877735781779639
Ursus_arctos_horribilis	Ursus_arctos	0.7712492406807941	1.791759469228055	1.0986122886681098	5.700443573390687
Ursus_maritimus	Ursus_maritimus	0.7908908065472865	1.0986122886681098	0.6931471805599453	5.700443573390687
Ustilago_maydis_521	Ustilago_maydis	0.6318742985409652	1.3862943611198906	1.3862943611198906	2.4849066497880004
Vanderwaltozyma_polyspora_DSM_70294	Vanderwaltozyma_polyspora	0.36582349634626193	0.6931471805599453	1.3862943611198906	2.70805020110221
Vanessa_tameamea	Vanessa_tameamea	0.6649227147368396	4.143134726391533	2.302585092994046	6.35088571671474
Varroa_destructor	Varroa_destructor	0.6219121777924653	0.0	0.6931471805599453	3.5263605246161616
Varroa_jacobsoni	Varroa_jacobsoni	0.5830632882114447	0.0	0.0	3.9318256327243257
Vavraia_culicis_subsp._floridensis	Vavraia_culicis	0.38392857142857145	1.6094379124341003	0.0	2.0794415416798357
Verruconis_gallopava	Ochroconis_gallopava	0.5684522318172455	2.1972245773362196	1.0986122886681098	4.04305126783455
Verticillium_alfalfae_VaMs.102	Verticillium_alfalfae	0.20512820512820512	0.0	0.0	1.0986122886681098
Verticillium_dahliae_VdLs.17	Verticillium_dahliae	0.3980503144654088	1.0986122886681098	0.0	3.4011973816621555
Verticillium_nonalfalfae	Verticillium_nonalfalfae	0.5151371807000946	1.791759469228055	0.0	3.332204510175204
Vicugna_pacos	Vicugna_pacos	0.7360362661113604	2.0794415416798357	1.0986122886681098	5.749392985908253
Vigna_angularis	Vigna_angularis	0.6098843037532111	3.258096538021482	0.6931471805599453	6.582025138892826
Vigna_radiata_var._radiata	Vigna_radiata	0.5814062826473563	3.1354942159291497	1.6094379124341003	6.546785410760524
Vigna_unguiculata	Vigna_unguiculata	0.6127057752463223	3.713572066704308	2.5649493574615367	6.744059186311348
Vitis_riparia	Vitis_riparia	0.5786597477865588	3.6635616461296463	2.302585092994046	6.666956792429207
Vitis_vinifera	Vitis_vinifera	0.5919662270329319	3.5263605246161616	2.6390573296152584	6.507277712385012
Vollenhovia_emeryi	Vollenhovia_emeryi	0.586435099669387	4.997212273764115	3.4657359027997265	6.660575149839686
Volvox_carteri_f._nagariensis	Volvox_carteri	0.6252002828992224	4.430816798843313	2.302585092994046	5.6937321388027
Vombatus_ursinus	Vombatus_ursinus	0.75797088768724	1.9459101490553132	0.6931471805599453	6.423246963533519
Vulpes_vulpes	Vulpes_vulpes	0.8452432958433671	1.0986122886681098	0.0	5.480638923341991
Wallemia_ichthyophaga_EXF-994	Wallemia_ichthyophaga	0.3029197080291971	0.0	0.0	0.6931471805599453
Wallemia_mellicola_CBS_633.66	Wallemia_mellicola	0.3414141414141414	1.0986122886681098	0.0	2.3978952727983707
Wasmannia_auropunctata	Wasmannia_auropunctata	0.6069617384180639	5.337538079701318	3.4965075614664802	6.532334292222349
Westerdykella_ornata	Westerdykella_ornata	0.4591496552039092	1.6094379124341003	0.0	3.295836866004329
Wickerhamiella_sorbophila	Wickerhamiella_sorbophila	0.13157894736842105	1.3862943611198906	0.0	1.3862943611198906
Wickerhamomyces_anomalus_NRRL_Y-366-8	Wickerhamomyces_anomalus	0.37081589958158995	1.791759469228055	0.0	2.0794415416798357
Wickerhamomyces_ciferrii	Wickerhamomyces_ciferrii	0.2	0.6931471805599453	0.0	1.0986122886681098
Xenopus_laevis	Xenopus_laevis	0.6883311717385854	4.276666119016055	3.6109179126442243	6.854354502255021
Xiphophorus_couchianus	Xiphophorus_couchianus	0.6458738505048094	4.276666119016055	3.1354942159291497	6.695798917058491
Xiphophorus_hellerii	Xiphophorus_hellerii	0.6285497648806814	4.430816798843313	2.70805020110221	6.651571873589727
Xiphophorus_maculatus	Xiphophorus_maculatus	0.6635315292205528	4.5217885770490405	2.995732273553991	6.729824070489475
Xylona_heveae_TC161	Xylona_heveae	0.375	0.0	0.0	1.3862943611198906
Yarrowia_lipolytica_CLIB122	Yarrowia_lipolytica	0.4479527559055118	1.6094379124341003	2.0794415416798357	2.995732273553991
Zalophus_californianus	Zalophus_californianus	0.7831376854389774	1.0986122886681098	2.302585092994046	5.652489180268651
Zasmidium_cellare_ATCC_36951	Zasmidium_cellare	0.530054100700322	1.6094379124341003	1.3862943611198906	3.4965075614664802
Zea_mays	Zea_mays	0.6490330290673505	3.9889840465642745	3.2188758248682006	6.593044534142437
Zeugodacus_cucurbitae	Zeugodacus_cucurbitae	0.659057421033169	4.6913478822291435	3.2188758248682006	6.364750756851911
Ziziphus_jujuba	Ziziphus_jujuba	0.6161581651094432	4.394449154672439	2.302585092994046	6.375024819828097
Zonotrichia_albicollis	Zonotrichia_albicollis	0.6381493931886819	1.3862943611198906	1.0986122886681098	4.955827057601261
Zootermopsis_nevadensis	Zootermopsis_nevadensis	0.7565537080597154	4.343805421853684	3.2188758248682006	6.297109319933935
Zootoca_vivipara	Zootoca_vivipara	0.7028116018567442	4.736198448394496	3.9512437185814275	6.884486652042782
Zymoseptoria_tritici_IPO323	Zymoseptoria_tritici	0.4934294951504601	3.332204510175204	2.0794415416798357	4.8283137373023015
