species	tree_tip	binomial	J	gini	l_arr	l_exp	logS	n_arr	n_exp	S
Aaosphaeria_arxii_CBS_175.79	Aaosphaeria_arxii	Aaosphaeria arxii	0.9130056548874514	0.3262061403508772	0.0	0.0	2.079441541679836	0	0	8
Abrus_precatorius	Abrus_precatorius_-species_in_kingdom_Archaeplastida	Abrus precatorius	0.9147528215056154	0.5529821834157229	1.9459101490553128	0.6931471805599453	6.214608098422191	6	1	500
Acanthamoeba_castellanii_str._Neff	Acanthamoeba_castellanii	Acanthamoeba castellanii	0.9133172550182808	0.3930659983291562	1.3862943611198906	0.0	2.9444389791664403	3	0	19
Acanthaster_planci	Acanthaster_planci	Acanthaster planci	0.92135782996827	0.5552512562583515	2.5649493574615367	1.0986122886681098	6.848005274576363	12	2	942
Acanthisitta_chloris	Acanthisitta_chloris	Acanthisitta chloris	0.7646047264377716	0.7349033426745469	0.0	0.0	4.7535901911063645	0	0	116
Acinonyx_jubatus	Acinonyx_jubatus	Acinonyx jubatus	0.724395548129962	0.8257347745487896	0.0	0.0	5.594711379601839	0	0	269
Acipenser_ruthenus	Acipenser_ruthenus	Acipenser ruthenus	0.8969564806739629	0.6292077721471959	4.356708826689592	3.6635616461296463	7.371489295214277	77	38	1590
Acromyrmex_echinatior	Acromyrmex_echinatior	Acromyrmex echinatior	0.8823069185578954	0.6154892876637809	3.044522437723423	2.079441541679836	6.47543271670409	20	7	649
Acropora_digitifera	Acropora_digitifera	Acropora digitifera	0.9117793528210112	0.5837886801594517	4.543294782270004	3.555348061489413	7.313886831633462	93	34	1501
Acropora_millepora	Acropora_millepora_-species_in_domain_Eukaryota	Acropora millepora	0.9117883459919276	0.581885322467142	4.442651256490317	3.1354942159291497	7.191429330036379	84	22	1328
Actinia_tenebrosa	Actinia_tenebrosa	Actinia tenebrosa	0.9042511027605924	0.5877977545405493	4.0943445622221	3.49650756146648	6.746412128573375	59	32	851
Acyrthosiphon_pisum	Acyrthosiphon_pisum	Acyrthosiphon pisum	0.7909293380320149	0.7037170481019177	3.688879454113936	1.3862943611198906	6.340359303727752	39	3	567
Acytostelium_subglobosum_LB1	Acytostelium_subglobosum	Acytostelium subglobosum	0.9223732090736606	0.3992341797662233	2.4849066497880004	0.0	3.4011973816621555	11	0	30
Aedes_aegypti	Aedes_aegypti	Aedes aegypti	0.9135947998663616	0.5911270733803441	4.174387269895637	3.713572066704308	7.532623618788788	64	40	1868
Aedes_albopictus	Aedes_albopictus	Aedes albopictus	0.90357054511891	0.6064229278610285	4.356708826689592	3.828641396489095	7.429520842786462	77	45	1685
Aethina_tumida	Aethina_tumida	Aethina tumida	0.8990993136157394	0.5840330437518108	2.6390573296152584	1.3862943611198906	5.948034989180646	13	3	383
Agaricus_bisporus_var._bisporus_H97	Agaricus_bisporus	Agaricus bisporus	0.8382179013073099	0.5131578947368421	2.079441541679836	0.0	2.995732273553991	7	0	20
Agaricus_bisporus_var._burnettii_JB137-S8	Agaricus_bisporus	Agaricus bisporus	0.84135643127408	0.5616530455434479	2.995732273553991	0.0	3.4657359027997265	19	0	32
Agrilus_planipennis	Agrilus_planipennis	Agrilus planipennis	0.8829908683552331	0.6405401758506594	4.189654742026425	3.7612001156935615	6.80128303447162	65	42	899
Ailuropoda_melanoleuca	Ailuropoda_melanoleuca	Ailuropoda melanoleuca	0.7276539062812943	0.8093813317334596	0.0	0.6931471805599453	5.5909869805108565	0	1	268
Alligator_mississippiensis	Alligator_mississippiensis	Alligator mississippiensis	0.901189157422996	0.6165920389397398	1.3862943611198906	1.0986122886681098	6.890609120147166	3	2	983
Alligator_sinensis	Alligator_sinensis	Alligator sinensis	0.8931536243552514	0.6341543559125834	2.70805020110221	0.6931471805599453	6.944087208229528	14	1	1037
Alternaria_alternata	Alternaria_alternata	Alternaria alternata	0.804842773908135	0.5384105960264901	0.0	0.0	2.6390573296152584	0	0	14
Alternaria_arborescens	Alternaria_arborescens	Alternaria arborescens	0.8272293304675721	0.5457928802588997	0.0	0.0	3.1780538303479458	0	0	24
Amblyraja_radiata	Amblyraja_radiata	Amblyraja radiata	0.8108690174806539	0.7850748845608281	4.477336814478207	3.367295829986474	7.0630481633881725	87	28	1168
Amborella_trichopoda	Amborella_trichopoda	Amborella trichopoda	0.8599410462060346	0.686344552972267	1.0986122886681098	1.791759469228055	6.951772164398911	2	5	1045
Amphimedon_queenslandica	Amphimedon_queenslandica	Amphimedon queenslandica	0.8648799960635825	0.6295537890746646	3.555348061489413	1.6094379124341005	6.431331081933479	34	4	621
Amyelois_transitella	Amyelois_transitella	Amyelois transitella	0.8417054519867274	0.7199338454430941	4.248495242049359	2.6390573296152584	6.507277712385012	69	13	670
Anabas_testudineus	Anabas_testudineus	Anabas testudineus	0.9064281757032292	0.5596660152265133	2.079441541679836	1.791759469228055	5.924255797414532	7	5	374
Ananas_comosus	Ananas_comosus	Ananas comosus	0.8646316736291877	0.6753922934686017	2.9444389791664403	1.3862943611198906	6.838405200847344	18	3	933
Anarrhichthys_ocellatus	Anarrhichthys_ocellatus	Anarrhichthys ocellatus	0.8827155226137479	0.6209470170959271	4.110873864173311	1.9459101490553128	6.561030665896573	60	6	707
Anas_platyrhynchos	Anas_platyrhynchos	Anas platyrhynchos	0.8355422826174894	0.6683018507522185	2.302585092994046	1.0986122886681098	5.1647859739235145	9	2	175
Anneissia_japonica	Anneissia_japonica	Anneissia japonica	0.9018317577555296	0.6173986893367855	5.209486152841421	2.833213344056216	7.3938782901077555	182	16	1626
Anopheles_gambiae_str._PEST	Anopheles_gambiae	Anopheles gambiae	0.9074076178338476	0.5564296061326374	3.610917912644224	2.302585092994046	6.091309882077698	36	9	442
Anoplophora_glabripennis	Anoplophora_glabripennis	Anoplophora glabripennis	0.9233254887048364	0.5735576927887596	5.236441962829949	3.555348061489413	7.495541943884256	187	34	1800
Anser_cygnoides_domesticus	Anser_cygnoides	Anser cygnoides	0.8476277011632039	0.6006799053052073	0.0	0.0	4.23410650459726	0	0	69
Anthracocystis_flocculosa_PF-1	Pseudozyma_flocculosa	Anthracocystis flocculosa	0.9611223730988842	0.2448602448602448	0.0	0.0	2.5649493574615367	0	0	13
Antrostomus_carolinensis	Antrostomus_carolinensis	Antrostomus carolinensis	0.8123962902975087	0.6841819364734656	1.0986122886681098	0.0	4.804021044733257	2	0	122
Aotus_nancymaae	Aotus_nancymaae	Aotus nancymaae	0.7400135795945245	0.816510289484699	0.0	1.0986122886681098	6.016157159698354	0	2	410
Apaloderma_vittatum	Apaloderma_vittatum	Apaloderma vittatum	0.7935544349574286	0.7155204196860581	1.0986122886681098	1.6094379124341005	4.787491742782046	2	4	120
Aphanomyces_astaci	Aphanomyces_astaci	Aphanomyces astaci	0.9040963384192026	0.5471083822720628	4.465908118654584	2.8903717578961645	6.709304340258298	86	17	820
Aphanomyces_invadans	Aphanomyces_invadans	Aphanomyces invadans	0.9502158547446764	0.4198152161192243	2.4849066497880004	1.6094379124341005	6.19644412779452	11	4	491
Aphantopus_hyperantus	Aphantopus_hyperantus	Aphantopus hyperantus	0.8472705602991795	0.7199191564903656	5.049856007249537	3.9889840465642745	7.039660349862076	155	53	1141
Aphis_gossypii	Aphis_gossypii	Aphis gossypii	0.815175640608521	0.6895250435364012	1.0986122886681098	0.6931471805599453	4.770684624465665	2	1	118
Apiotrichum_porosum	Apiotrichum_porosum	Apiotrichum porosum	0.902035930522962	0.2773972602739726	0.6931471805599453	0.6931471805599453	1.3862943611198906	1	1	4
Apis_cerana	Apis_cerana	Apis cerana	0.875346622606739	0.4917152439511299	0.0	0.0	3.332204510175204	0	0	28
Apis_dorsata	Apis_dorsata	Apis dorsata	0.8807239527850812	0.5332981493058827	0.0	0.0	4.02535169073515	0	0	56
Apis_florea	Apis_florea	Apis florea	0.8784858265733203	0.5326859467191132	0.0	0.0	3.9318256327243257	0	0	51
Apis_mellifera	Apis_mellifera_-species_in_domain_Eukaryota	Apis mellifera	0.8836660554389735	0.5200918053807775	1.6094379124341005	0.6931471805599453	4.127134385045092	4	1	62
Aplosporella_prunicola_CBS_121167	Aplosporella_prunicola	Aplosporella prunicola	0.8456478509953625	0.5554242165020609	1.0986122886681098	0.6931471805599453	4.007333185232471	2	1	55
Aplysia_californica	Aplysia_californica	Aplysia californica	0.7979869216356987	0.7325082680815607	3.218875824868201	1.3862943611198906	6.401917196727186	24	3	603
Aptenodytes_forsteri	Aptenodytes_forsteri	Aptenodytes forsteri	0.8047501525869893	0.6667679858153192	1.3862943611198906	1.0986122886681098	4.3694478524670215	3	2	79
Apteryx_mantelli_mantelli	Apteryx_australis_mantelli	Apteryx mantelli	0.7259097617869806	0.7363479219706658	1.9459101490553128	1.3862943611198906	3.951243718581428	6	3	52
Apteryx_rowi	Apteryx_rowi	Apteryx rowi	0.836808056694025	0.6232089494946861	1.6094379124341005	1.3862943611198906	4.394449154672439	4	3	81
Aquila_chrysaetos_chrysaetos	Aquila_chrysaetos	Aquila chrysaetos	0.8260629130682436	0.65559738965039	1.0986122886681098	1.0986122886681098	4.584967478670572	2	2	98
Arabidopsis_lyrata_subsp._lyrata	Arabidopsis_lyrata	Arabidopsis lyrata	0.920536343198366	0.5218373477779965	3.218875824868201	2.70805020110221	6.300785794663244	24	14	545
Arabidopsis_thaliana	Arabidopsis_thaliana	Arabidopsis thaliana	0.928113662738709	0.4829605587397332	1.791759469228055	0.6931471805599453	5.497168225293202	5	1	244
Arachis_duranensis	Arachis_duranensis	Arachis duranensis	0.8891029700475184	0.6399616422391061	3.555348061489413	2.3978952727983707	6.953684210870537	34	10	1047
Arachis_hypogaea	Arachis_hypogaea	Arachis hypogaea	0.8817762002389095	0.6549181835969413	2.70805020110221	2.772588722239781	6.946975992135418	14	15	1040
Arachis_ipaensis	Arachis_ipaensis	Arachis ipaensis	0.8798883508221157	0.6572048066701387	2.70805020110221	2.079441541679836	7.05444965813294	14	7	1158
Archocentrus_centrarchus	Archocentrus_centrarchus	Archocentrus centrarchus	0.8955308915116845	0.6183794598399556	4.143134726391533	3.295836866004329	6.873163834212518	62	26	966
Arthrobotrys_oligospora_ATCC_24927	Arthrobotrys_oligospora	Arthrobotrys oligospora	0.8716429172593896	0.3785550833605753	0.0	0.0	1.9459101490553128	0	0	7
Arthroderma_uncinatum	Trichophyton_ajelloi	Arthroderma uncinatum	0.8320212598962016	0.4444444444444444	1.0986122886681098	0.6931471805599453	2.4849066497880004	2	1	12
Asparagus_officinalis	Asparagus_officinalis	Asparagus officinalis	0.8886846976884616	0.6513922236730877	2.9444389791664403	1.6094379124341005	7.198931240688173	18	4	1338
Aspergillus_aculeatus_ATCC_16872	Aspergillus_aculeatus	Aspergillus aculeatus	0.6886800718674589	0.4976744186046511	0.6931471805599453	0.0	1.6094379124341005	1	0	5
Aspergillus_alliaceus	Aspergillus_alliaceus	Aspergillus alliaceus	0.9322091742773364	0.4278458059412041	0.6931471805599453	0.0	4.543294782270004	1	0	94
Aspergillus_bombycis	Aspergillus_bombycis	Aspergillus bombycis	0.8840003454105748	0.3909722222222222	0.0	0.0	2.302585092994046	0	0	10
Aspergillus_brunneoviolaceus_CBS_621.78	Aspergillus_brunneoviolaceus	Aspergillus brunneoviolaceus	0.7598682636424189	0.5014705882352941	0.0	0.0	1.791759469228055	0	0	6
Aspergillus_caelatus	Aspergillus_caelatus	Aspergillus caelatus	0.9327544651585086	0.3642281851187247	0.0	0.0	3.4339872044851463	0	0	31
Aspergillus_campestris_IBT_28561	Aspergillus_campestris	Aspergillus campestris	0.8091092282498223	0.4757604562737642	0.0	0.0	2.079441541679836	0	0	8
Aspergillus_candidus	Aspergillus_candidus	Aspergillus candidus	0.926259417245701	0.3398668639053254	0.0	0.0	2.5649493574615367	0	0	13
Aspergillus_clavatus_NRRL_1	Aspergillus_clavatus	Aspergillus clavatus	0.89825659933518	0.4143424855491329	0.0	0.0	3.4657359027997265	0	0	32
Aspergillus_costaricaensis_CBS_115574	Aspergillus_costaricensis	Aspergillus costaricaensis	0.622050714455399	0.6060606060606061	0.0	0.0	1.9459101490553128	0	0	7
Aspergillus_eucalypticola_CBS_122712	Aspergillus_eucalypticola	Aspergillus eucalypticola	0.8869658402100529	0.4126984126984127	0.6931471805599453	0.0	2.6390573296152584	1	0	14
Aspergillus_fischeri_NRRL_181	Aspergillus_fischeri	Aspergillus fischeri	0.9573763198247393	0.3250441093245447	1.9459101490553128	0.6931471805599453	3.9318256327243257	6	1	51
Aspergillus_flavus_NRRL3357	Aspergillus_flavus	Aspergillus flavus	0.7424875695421236	0.2894736842105263	0.0	0.0	0.6931471805599453	0	0	2
Aspergillus_fumigatus_Af293	Aspergillus_fumigatus	Aspergillus fumigatus	0.8996414250951672	0.4322732626619552	1.0986122886681098	0.6931471805599453	3.044522437723423	2	1	21
Aspergillus_glaucus_CBS_516.65	Aspergillus_glaucus	Aspergillus glaucus	0.936847798199278	0.3869858000292783	1.6094379124341005	1.6094379124341005	3.9889840465642745	4	4	54
Aspergillus_heteromorphus_CBS_117.55	Aspergillus_heteromorphus	Aspergillus heteromorphus	0.7668259797920254	0.6137504828118965	0.0	0.0	2.8903717578961645	0	0	18
Aspergillus_homomorphus_CBS_101889	Aspergillus_homomorphus	Aspergillus homomorphus	0.8556227794091058	0.4291064740502943	0.0	0.0	2.19722457733622	0	0	9
Aspergillus_ibericus_CBS_121593	Aspergillus_ibericus	Aspergillus ibericus	0.77103786404478	0.5205831903945112	0.0	0.0	2.079441541679836	0	0	8
Aspergillus_japonicus_CBS_114.51	Aspergillus_japonicus	Aspergillus japonicus	0.9066561209617304	0.3012345679012346	0.0	0.0	1.6094379124341005	0	0	5
Aspergillus_lentulus	Aspergillus_lentulus	Aspergillus lentulus	0.8925944463898277	0.3579638752052545	0.0	0.0	1.9459101490553128	0	0	7
Aspergillus_mulundensis	Aspergillus_mulundensis	Aspergillus mulundensis	0.8188919156640401	0.6250117414991546	0.0	0.0	3.871201010907891	0	0	48
Aspergillus_neoniger_CBS_115656	Aspergillus_neoniger	Aspergillus neoniger	0.9541900703185444	0.2687641083521445	0.6931471805599453	0.0	2.772588722239781	1	0	16
Aspergillus_nidulans_FGSC_A4	Aspergillus_nidulans	Aspergillus nidulans	0.9042331302141036	0.3755156353958749	0.6931471805599453	0.0	2.70805020110221	1	0	15
Aspergillus_niger_CBS_101883	Aspergillus_niger	Aspergillus niger	0.95666782025148	0.2640761300555115	0.0	0.0	2.5649493574615367	0	0	13
Aspergillus_nomiae_NRRL_13137	Aspergillus_dromiae	Aspergillus nomiae	0.8862633394801983	0.3026315789473684	0.0	0.0	1.3862943611198906	0	0	4
Aspergillus_novofumigatus_IBT_16806	Aspergillus_novofumigatus	Aspergillus novofumigatus	0.912558228143491	0.4412574243082717	1.3862943611198906	1.3862943611198906	3.6635616461296463	3	3	39
Aspergillus_oryzae_RIB40	Aspergillus_flavus	Aspergillus oryzae	0.9363295538025732	0.3030769230769231	0.0	0.0	2.302585092994046	0	0	10
Aspergillus_piperis_CBS_112811	Aspergillus_piperis	Aspergillus piperis	0.8849640612940897	0.2985232067510548	0.0	0.0	1.3862943611198906	0	0	4
Aspergillus_pseudonomius	Aspergillus_pseudonomius	Aspergillus pseudonomius	0.9365108887677752	0.2742537313432835	0.0	0.0	2.079441541679836	0	0	8
Aspergillus_pseudotamarii	Aspergillus_pseudotamarii	Aspergillus pseudotamarii	0.9167693570688203	0.3731918997107039	0.0	0.0	2.833213344056216	0	0	17
Aspergillus_saccharolyticus_JOP_1030-1	Aspergillus_saccharolyticus	Aspergillus saccharolyticus	0.8889564573179618	0.4769694506536612	0.0	0.0	3.610917912644224	0	0	37
Aspergillus_sclerotioniger_CBS_115572	Aspergillus_sclerotioniger	Aspergillus sclerotioniger	0.8788171304261274	0.4692482915717539	0.0	0.0	3.091042453358316	0	0	22
Aspergillus_steynii_IBT_23096	Aspergillus_steynii	Aspergillus steynii	0.6681341420868395	0.6453546453546454	0.0	0.0	2.5649493574615367	0	0	13
Aspergillus_tanneri	Aspergillus_tanneri	Aspergillus tanneri	0.9219639902498687	0.4773617669829011	1.9459101490553128	0.6931471805599453	5.117993812416755	6	1	167
Aspergillus_terreus_NIH2624	Aspergillus_terreus	Aspergillus terreus	0.935134868862886	0.2615176151761517	0.0	0.0	1.791759469228055	0	0	6
Aspergillus_thermomutatus	Aspergillus_fischeri	Aspergillus thermomutatus	0.9505312047456456	0.3408117249154453	2.3978952727983707	1.791759469228055	3.912023005428146	10	5	50
Aspergillus_uvarum_CBS_121591	Aspergillus_uvarum	Aspergillus uvarum	0.7448902961581099	0.5552783109404991	0.0	0.0	2.302585092994046	0	0	10
Aspergillus_vadensis_CBS_113365	Aspergillus_vadensis	Aspergillus vadensis	0.7086505180596485	0.5504688361831219	0.0	0.0	1.9459101490553128	0	0	7
Aspergillus_welwitschiae	Aspergillus_niger	Aspergillus welwitschiae	0.9491548558466032	0.3149324214297345	0.0	0.0	3.1354942159291497	0	0	23
Astatotilapia_calliptera	Astatotilapia_calliptera	Astatotilapia calliptera	0.9000071897090508	0.6126054409090053	4.90527477843843	3.970291913552122	6.923628628138427	134	52	1016
Asterias_rubens	Asterias_rubens	Asterias rubens	0.8674152260774319	0.6818636824400763	4.418840607796598	3.258096538021482	7.074116816197362	82	25	1181
Astyanax_mexicanus	Astyanax_mexicanus	Astyanax mexicanus	0.9004690864944167	0.6246444236187779	4.30406509320417	3.218875824868201	7.348587530927593	73	24	1554
Athalia_rosae	Athalia_rosae	Athalia rosae	0.8584190934940776	0.5895045618155917	1.0986122886681098	0.0	4.430816798843313	2	0	84
Athene_cunicularia	Athene_cunicularia	Athene cunicularia	0.7933567313165022	0.693407061342677	0.0	0.0	4.718498871295094	0	0	112
Atta_cephalotes	Atta_cephalotes	Atta cephalotes	0.8944160045803177	0.5931382939604988	2.8903717578961645	1.0986122886681098	6.375024819828097	17	2	587
Atta_colombica	Atta_colombica	Atta colombica	0.8874105815344114	0.6153807167725571	2.833213344056216	1.791759469228055	6.415096959171596	16	5	611
Aureobasidium_namibiae_CBS_147.97	Aureobasidium_pullulans	Aureobasidium namibiae	0.7270572363450641	0.5338645418326693	0.0	0.0	1.9459101490553128	0	0	7
Aureobasidium_pullulans_EXF-150	Aureobasidium_pullulans	Aureobasidium pullulans	0.817573005644689	0.5770242943017813	0.0	0.6931471805599453	3.295836866004329	0	1	27
Aureobasidium_subglaciale_EXF-2481	Aureobasidium_pullulans	Aureobasidium subglaciale	0.7925020892410343	0.4452614379084967	0.0	0.0	1.791759469228055	0	0	6
Aureococcus_anophagefferens	Aureococcus_anophagefferens	Aureococcus anophagefferens	0.9070172673554324	0.4917922367062468	2.8903717578961645	2.079441541679836	4.6443908991413725	17	7	104
Auricularia_subglabra_TFB-10046_SS5	Auricularia_subglabra	Auricularia subglabra	0.9498373309592946	0.4090534782781826	3.044522437723423	1.3862943611198906	5.616771097666572	20	3	275
Austrofundulus_limnaeus	Austrofundulus_limnaeus	Austrofundulus limnaeus	0.8971398827235589	0.6202870933288613	4.143134726391533	2.995732273553991	6.987490247000991	62	19	1083
Auxenochlorella_protothecoides	Auxenochlorella_protothecoides	Auxenochlorella protothecoides	0.9356610747963948	0.3121342177136169	0.0	0.0	2.3978952727983707	0	0	11
Aythya_fuligula	Aythya_fuligula	Aythya fuligula	0.7821811617031218	0.732663118209952	1.0986122886681098	1.3862943611198906	4.934473933130692	2	3	139
Babesia_bigemina	Babesia_bigemina	Babesia bigemina	0.9167345942159666	0.4059563543003851	0.6931471805599453	0.0	3.218875824868201	1	0	25
Babesia_bovis	Babesia_bovis	Babesia bovis	0.8156754596958805	0.3877245508982035	0.0	0.0	1.3862943611198906	0	0	4
Babesia_ovata	Babesia_ovata	Babesia ovata	0.9191055844564628	0.4452474910138173	0.0	0.0	4.060443010546419	0	0	58
Babjeviella_inositovora_NRRL_Y-12698	Babjeviella_inositovora	Babjeviella inositovora	0.8584383733971057	0.3888888888888889	0.0	0.0	1.791759469228055	0	0	6
Bactrocera_dorsalis	Bactrocera_dorsalis	Bactrocera dorsalis	0.8945219942587762	0.6089921040878384	1.791759469228055	1.3862943611198906	6.343880434126331	5	3	569
Bactrocera_latifrons	Bactrocera_latifrons	Bactrocera latifrons	0.8753511148306354	0.6672000605731253	3.295836866004329	2.5649493574615367	6.839476438228843	26	12	934
Bactrocera_oleae	Bactrocera_oleae	Bactrocera oleae	0.8425398548333461	0.6899853744120334	2.995732273553991	1.3862943611198906	6.658011045870748	19	3	779
Balearica_regulorum_gibbericeps	Balearica_regulorum	Balearica regulorum	0.8309268140550067	0.634553627293066	1.0986122886681098	0.0	4.499809670330265	2	0	90
Bathycoccus_prasinos	Bathycoccus_prasinos	Bathycoccus prasinos	0.9685471431006732	0.130718954248366	0.6931471805599453	0.6931471805599453	1.0986122886681098	1	1	3
Baudoinia_panamericana_UAMH_10762	Baudoinia_panamericana	Baudoinia panamericana	0.952493009643306	0.1938202247191011	0.0	0.0	1.3862943611198906	0	0	4
Beauveria_bassiana_ARSEF_2860	Beauveria_bassiana	Beauveria bassiana	0.904485192033534	0.3754052802223251	0.0	0.0	2.833213344056216	0	0	17
Belonocnema_treatae	Belonocnema_treatae	Belonocnema treatae	0.8860216499915542	0.6315883304585239	3.713572066704308	2.19722457733622	7.4377951216719325	40	8	1699
Bemisia_tabaci	Bemisia_tabaci	Bemisia tabaci	0.8045245855283246	0.7457548924191255	3.1354942159291497	2.079441541679836	6.364750756851911	22	7	581
Besnoitia_besnoiti	Besnoitia_besnoiti	Besnoitia besnoiti	0.8332516602673834	0.3972972972972973	0.0	0.0	1.6094379124341005	0	0	5
Beta_vulgaris_subsp._vulgaris	Beta_vulgaris	Beta vulgaris	0.9072434175156248	0.5846002706702547	3.332204510175204	1.3862943611198906	6.855408798609928	27	3	949
Betta_splendens	Betta_splendens	Betta splendens	0.8979274497016956	0.5781094475896535	3.688879454113936	2.5649493574615367	6.013715156042802	39	12	409
Bicyclus_anynana	Bicyclus_anynana	Bicyclus anynana	0.8725938176918687	0.6676470700126561	4.174387269895637	2.8903717578961645	6.951772164398911	64	17	1045
Biomphalaria_glabrata	Biomphalaria_glabrata	Biomphalaria glabrata	0.8593800195020039	0.6990228170955934	3.332204510175204	1.9459101490553128	7.04141166379481	27	6	1143
Bipolaris_maydis_ATCC_48331	Bipolaris_maydis	Bipolaris maydis	0.9114221668985076	0.3811212814645309	0.6931471805599453	1.3862943611198906	2.995732273553991	1	3	20
Bipolaris_oryzae_ATCC_44560	Bipolaris_oryzae	Bipolaris oryzae	0.9319582323142556	0.3916249863093717	1.3862943611198906	1.791759469228055	3.8918202981106265	3	5	49
Bipolaris_sorokiniana_ND90Pr	Bipolaris_sorokiniana	Bipolaris sorokiniana	0.9300566753191694	0.431046431046431	1.791759469228055	1.3862943611198906	4.394449154672439	5	3	81
Bipolaris_victoriae_FI3	Bipolaris_victoriae	Bipolaris victoriae	0.9251337076109212	0.4192968389338387	0.6931471805599453	0.0	3.9318256327243257	1	0	51
Bipolaris_zeicola_26-R-13	Bipolaris_zeicola	Bipolaris zeicola	0.9546369355435738	0.324440547762191	2.19722457733622	1.3862943611198906	3.871201010907891	8	3	48
Bison_bison_bison	Bison_bison	Bison bison	0.7920634374462677	0.7739939004201006	2.302585092994046	2.079441541679836	5.840641657373398	9	7	344
Blastocystis_hominis	Blastocystis_hominis_-species_in_subkingdom_SAR	Blastocystis hominis	0.7669361245533676	0.6312303852521808	2.19722457733622	1.0986122886681098	3.8501476017100575	8	2	47
Blastomyces_gilchristii_SLH14081	Blastomyces_gilchristii	Blastomyces gilchristii	0.807825652018449	0.6938815702555521	0.0	1.3862943611198906	4.727387818712341	0	3	113
Boleophthalmus_pectinirostris	Boleophthalmus_pectinirostris	Boleophthalmus pectinirostris	0.8646075991240375	0.6862150873998611	3.4011973816621555	3.367295829986474	7.10085190894405	29	28	1213
Bombus_bifarius	Bombus_bifarius	Bombus bifarius	0.885888659497636	0.5958710583697445	3.5263605246161616	2.19722457733622	5.84354441703136	33	8	345
Bombus_impatiens	Bombus_impatiens	Bombus impatiens	0.8566820090054507	0.6289895543611437	1.791759469228055	1.3862943611198906	5.513428746164983	5	3	248
Bombus_terrestris	Bombus_terrestris_-species_in_domain_Eukaryota	Bombus terrestris	0.8511425299471459	0.6267610657616335	2.3978952727983707	0.0	5.170483995038151	10	0	176
Bombus_vancouverensis_nearcticus	Bombus_vancouverensis	Bombus vancouverensis	0.8931759852684736	0.5783572948520992	3.970291913552122	2.3978952727983707	5.908082938168931	52	10	368
Bombus_vosnesenskii	Bombus_vosnesenskii	Bombus vosnesenskii	0.8773891217989561	0.6183240324256394	3.970291913552122	2.4849066497880004	5.973809611869261	52	11	393
Bombyx_mandarina	Bombyx_mandarina	Bombyx mandarina	0.8328600800108898	0.71844782578081	4.553876891600541	4.02535169073515	6.648984550024776	94	55	772
Bombyx_mori	Bombyx_mori	Bombyx mori	0.8354105711126808	0.7240058757917496	5.153291594497779	4.007333185232471	6.63200177739563	172	54	759
Bos_indicus	Bos_indicus	Bos indicus	0.7907178822705979	0.7811237262731634	1.3862943611198906	2.70805020110221	5.986452005284438	3	14	398
Bos_indicus_x_Bos_taurus	Bos_indicus	Bos indicus	0.798839367760523	0.7696024378258914	1.0986122886681098	2.70805020110221	5.945420608606575	2	14	382
Bos_mutus	Bos_mutus	Bos mutus	0.7952143697359966	0.7655659529182116	1.0986122886681098	2.079441541679836	5.860786223465865	2	7	351
Bos_taurus	Bos_taurus	Bos taurus	0.7933576141747204	0.7775639355252878	1.6094379124341005	2.6390573296152584	5.916202062607435	4	13	371
Botrytis_cinerea_B05.10	Botrytis_cinerea	Botrytis cinerea	0.8822087813040022	0.4775147928994083	0.0	0.6931471805599453	3.258096538021482	0	1	26
Brachypodium_distachyon	Brachypodium_distachyon	Brachypodium distachyon	0.8893208092962497	0.5821516529628801	2.70805020110221	1.0986122886681098	5.860786223465865	14	2	351
Branchiostoma_belcheri	Branchiostoma_belcheri	Branchiostoma belcheri	0.9028312014355144	0.6186002379522919	4.143134726391533	3.610917912644224	7.106606137727303	62	36	1220
Branchiostoma_floridae	Branchiostoma_floridae	Branchiostoma floridae	0.916038220789031	0.575671272674108	3.555348061489413	2.8903717578961645	7.001245622069476	34	17	1098
Brassica_napus	Brassica_napus	Brassica napus	0.8969671090368072	0.607282177768813	2.4849066497880004	1.0986122886681098	6.577861357721047	11	2	719
Brassica_oleracea_var._oleracea	Brassica_oleracea	Brassica oleracea	0.924463438909255	0.5455577369284517	3.218875824868201	1.791759469228055	6.984716320118266	24	5	1080
Brassica_rapa	Brassica_rapa	Brassica rapa	0.87941979450651	0.6040623145381698	1.791759469228055	1.791759469228055	5.575949103146316	5	5	264
Brugia_malayi	Brugia_malayi	Brugia malayi	0.5113472860633994	0.8655936777897648	2.4849066497880004	0.0	4.74493212836325	11	0	115
Bubalus_bubalis	Bubalus_bubalis	Bubalus bubalis	0.815411074713378	0.7491267358786878	0.6931471805599453	2.3978952727983707	5.877735781779639	1	10	357
Buceros_rhinoceros_silvestris	Buceros_rhinoceros	Buceros rhinoceros	0.8130264989284938	0.6611221807179959	0.0	1.6094379124341005	4.672828834461906	0	4	107
Byssochlamys_spectabilis	Byssochlamys_spectabilis	Byssochlamys spectabilis	0.9058357209236356	0.4459506673188456	0.6931471805599453	0.0	3.49650756146648	1	0	33
Caenorhabditis_elegans	Caenorhabditis_elegans	Caenorhabditis elegans	0.8616518341155226	0.6309563464477819	2.19722457733622	1.6094379124341005	5.66988092298052	8	4	290
Caenorhabditis_remanei	Caenorhabditis_remanei	Caenorhabditis remanei	0.8473108277259332	0.676033460272631	2.4849066497880004	0.6931471805599453	5.891644211825772	11	1	362
Cajanus_cajan	Cajanus_cajan	Cajanus cajan	0.8949543996584738	0.6247880968381624	2.6390573296152584	0.0	6.836259277277067	13	0	931
Calidris_pugnax	Calidris_pugnax	Calidris pugnax	0.8181852106154613	0.6877277071234287	1.3862943611198906	1.0986122886681098	4.8283137373023015	3	2	125
Callithrix_jacchus	Callithrix_jacchus	Callithrix jacchus	0.7388960417502428	0.8119118648638222	0.6931471805599453	2.079441541679836	5.958424693029782	1	7	387
Callorhinus_ursinus	Callorhinus_ursinus	Callorhinus ursinus	0.7630266039694958	0.7951049359184793	0.6931471805599453	1.6094379124341005	5.54907608489522	1	4	257
Calypte_anna	Calypte_anna	Calypte anna	0.8104515882098997	0.6966410710012697	1.3862943611198906	1.9459101490553128	5.099866427824199	3	6	164
Camarhynchus_parvulus	Camarhynchus_parvulus	Camarhynchus parvulus	0.804785869032377	0.6854474125241433	0.6931471805599453	1.0986122886681098	4.875197323201151	1	2	131
Camelina_sativa	Camelina_sativa	Camelina sativa	0.9087317692522306	0.5730607348033988	2.6390573296152584	0.0	6.563855526532128	13	0	709
Camelus_bactrianus	Camelus_bactrianus	Camelus bactrianus	0.8228113701869313	0.718612443485785	0.0	0.6931471805599453	5.69035945432406	0	1	296
Camelus_dromedarius	Camelus_dromedarius	Camelus dromedarius	0.799412848057575	0.7411933038611295	0.6931471805599453	0.0	5.82600010738045	1	0	339
Camelus_ferus	Camelus_ferus	Camelus ferus	0.8333948197339747	0.7008693647271168	0.0	0.0	5.700443573390687	0	0	299
Camponotus_floridanus	Camponotus_floridanus	Camponotus floridanus	0.900078703744203	0.5892955284556836	4.3694478524670215	2.19722457733622	6.442540166468199	78	8	628
Candida_albicans_SC5314	Candida_albicans	Candida albicans	0.9537798004053272	0.1944444444444444	1.3862943611198906	0.0	1.3862943611198906	3	0	4
Candida_dubliniensis_CD36	Candida_dubliniensis	Candida dubliniensis	0.9913515378529691	0.0992063492063492	1.0986122886681098	0.0	1.9459101490553128	2	0	7
Candida_duobushaemulonis	[Candida]_duobushaemulonis	Candida duobushaemulonis	0.9260184462155336	0.2857142857142857	0.6931471805599453	0.0	1.9459101490553128	1	0	7
Candida_haemuloni	[Candida]_haemulonis	Candida haemuloni	0.9352691398683568	0.1486486486486486	0.0	0.0	0.6931471805599453	0	0	2
Candida_orthopsilosis_Co_90-125	Candida_orthopsilosis	Candida orthopsilosis	0.9568886656798214	0.1216216216216216	0.0	0.0	0.6931471805599453	0	0	2
Candida_tropicalis_MYA-3404	Candida_tropicalis	Candida tropicalis	0.9229707286019636	0.2432432432432432	1.0986122886681098	0.0	1.3862943611198906	2	0	4
Candida_viswanathii	Candida_viswanathii	Candida viswanathii	0.6898274121856953	0.4659090909090909	1.0986122886681098	0.6931471805599453	1.3862943611198906	2	1	4
Canis_lupus_dingo	Canis_lupus	Canis lupus	0.739632907999142	0.8083723789260977	0.6931471805599453	1.0986122886681098	5.638354669333745	1	2	281
Capra_hircus	Capra_hircus_-species_in_domain_Eukaryota	Capra hircus	0.7991146405184901	0.7692254990309274	2.079441541679836	2.302585092994046	5.87493073085203	7	9	356
Capronia_coronata_CBS_617.96	Capronia_coronata	Capronia coronata	0.9333572600179804	0.1507936507936507	0.0	0.0	0.6931471805599453	0	0	2
Capronia_epimyces_CBS_606.96	Capronia_epimyces	Capronia epimyces	0.810898685845518	0.5297052154195011	0.6931471805599453	1.0986122886681098	2.6390573296152584	1	2	14
Capsaspora_owczarzaki_ATCC_30864	Capsaspora_owczarzaki	Capsaspora owczarzaki	0.8880392264136053	0.4720214462655672	2.5649493574615367	0.6931471805599453	3.8501476017100575	12	1	47
Capsella_rubella	Capsella_rubella	Capsella rubella	0.8957241886009645	0.5630067137433781	2.833213344056216	0.0	5.746203190540153	16	0	313
Capsicum_annuum	Capsicum_annuum	Capsicum annuum	0.8884918428404688	0.6478584759428068	1.791759469228055	0.0	7.1049654482698426	5	0	1218
Carassius_auratus	Carassius_auratus	Carassius auratus	0.899641463320687	0.6035258140156814	4.820281565605037	3.1780538303479458	7.126087273299125	123	23	1244
Cariama_cristata	Cariama_cristata	Cariama cristata	0.8094411201426481	0.65029588272501	0.0	0.0	4.110873864173311	0	0	61
Carica_papaya	Carica_papaya	Carica papaya	0.8517139003194723	0.6615210219077553	2.19722457733622	1.0986122886681098	5.973809611869261	8	2	393
Carlito_syrichta	Carlito_syrichta	Carlito syrichta	0.7582908304608423	0.7981728913126526	2.079441541679836	1.3862943611198906	6.07073772800249	7	3	433
Castor_canadensis	Castor_canadensis	Castor canadensis	0.7437631070667385	0.8232168525354016	0.6931471805599453	1.3862943611198906	6.0112671744041615	1	3	408
Catharus_ustulatus	Catharus_ustulatus	Catharus ustulatus	0.8227147937342538	0.7009934282578273	1.0986122886681098	1.3862943611198906	5.147494476813453	2	3	172
Cavenderia_fasciculata	Cavenderia_fasciculata	Cavenderia fasciculata	0.8287154752368213	0.5291278023236786	1.9459101490553128	0.6931471805599453	2.8903717578961645	6	1	18
Cavia_porcellus	Cavia_porcellus	Cavia porcellus	0.829896026938012	0.7291512642738629	1.9459101490553128	1.0986122886681098	6.111467339502679	6	2	451
Cebus_capucinus_imitator	Cebus_capucinus	Cebus capucinus	0.7666634588984369	0.7961398059506337	1.0986122886681098	2.079441541679836	5.955837369464831	2	7	386
Cephus_cinctus	Cephus_cinctus	Cephus cinctus	0.923357655165954	0.5070416710265052	3.8501476017100575	2.302585092994046	5.942799375126701	46	9	381
Ceraceosorus_guamensis	Ceraceosorus_guamensis	Ceraceosorus guamensis	0.9112961193691024	0.226950354609929	0.6931471805599453	0.0	1.0986122886681098	1	0	3
Ceratina_calcarata	Ceratina_calcarata	Ceratina calcarata	0.8810047225414656	0.5939503629933837	2.8903717578961645	2.19722457733622	5.733341276897746	17	8	309
Ceratitis_capitata	Ceratitis_capitata	Ceratitis capitata	0.8634459759835795	0.6825031525455344	2.302585092994046	2.302585092994046	6.71295620067707	9	9	823
Ceratosolen_solmsi_marchali	Ceratosolen_solmsi	Ceratosolen solmsi	0.9269478002583406	0.4492426547494532	0.0	0.0	4.6443908991413725	0	0	104
Ceratotherium_simum_simum	Ceratotherium_simum	Ceratotherium simum	0.8229128767162056	0.7330561484882923	1.6094379124341005	0.0	6.049733455231958	4	0	424
Cercocebus_atys	Cercocebus_atys	Cercocebus atys	0.7484421323765471	0.8114519819925519	0.6931471805599453	0.6931471805599453	6.126869184114185	1	1	458
Cercospora_beticola	Cercospora_beticola	Cercospora beticola	0.9302742133884012	0.3668679727009378	0.6931471805599453	0.0	3.4339872044851463	1	0	31
Chaetomium_globosum_CBS_148.51	Chaetomium_globosum	Chaetomium globosum	0.903019908409554	0.4907069382815651	2.8903717578961645	1.9459101490553128	4.382026634673881	17	6	80
Chaetomium_thermophilum_var._thermophilum_DSM_1495	Chaetomium_thermophilum	Chaetomium thermophilum	0.9382659837650282	0.3620929155733909	0.0	0.0	3.4339872044851463	0	0	31
Chaetura_pelagica	Chaetura_pelagica	Chaetura pelagica	0.7971800728177147	0.7018043845663803	1.6094379124341005	0.6931471805599453	4.795790545596741	4	1	121
Chanos_chanos	Chanos_chanos	Chanos chanos	0.8502062432708083	0.6360959654374536	2.4849066497880004	0.0	5.872117789475416	11	0	355
Charadrius_vociferus	Charadrius_vociferus	Charadrius vociferus	0.771310768604756	0.7088182190292235	0.0	0.6931471805599453	4.276666119016055	0	1	72
Chelonia_mydas	Chelonia_mydas	Chelonia mydas	0.8620440105006288	0.6832081915959904	3.295836866004329	0.6931471805599453	6.620073206530356	26	1	750
Chelonoidis_abingdonii	Chelonoidis_abingdonii	Chelonoidis abingdonii	0.8877336870192075	0.6490249263556558	2.70805020110221	1.3862943611198906	6.97166860472579	14	3	1066
Chelonus_insularis	Chelonus_insularis	Chelonus insularis	0.9182475303520294	0.4840439621175174	2.3978952727983707	0.6931471805599453	5.327876168789581	10	1	206
Chenopodium_quinoa	Chenopodium_quinoa	Chenopodium quinoa	0.8997483498332313	0.6167336016265648	3.1354942159291497	2.4849066497880004	6.962243464266207	22	11	1056
Chinchilla_lanigera	Chinchilla_lanigera	Chinchilla lanigera	0.7773647907738139	0.7797526330084718	0.6931471805599453	0.6931471805599453	5.918893854273146	1	1	372
Chiroxiphia_lanceolata	Chiroxiphia_lanceolata	Chiroxiphia lanceolata	0.7869425883466482	0.7147506688057231	1.0986122886681098	0.6931471805599453	4.955827057601261	2	1	142
Chlamydomonas_reinhardtii	Chlamydomonas_reinhardtii	Chlamydomonas reinhardtii	0.8731746685130705	0.5905143844627377	3.58351893845611	1.6094379124341005	4.983606621708336	35	4	146
Chlamydotis_macqueenii	Chlamydotis_macqueenii	Chlamydotis macqueenii	0.7999823158839239	0.6827619429293942	0.6931471805599453	0.0	4.330733340286331	1	0	76
Chlorella_variabilis	Chlorella_variabilis	Chlorella variabilis	0.7802180006884676	0.5908878106911815	3.218875824868201	0.6931471805599453	3.784189633918261	24	1	44
Chlorocebus_sabaeus	Chlorocebus_sabaeus	Chlorocebus sabaeus	0.7430516253137592	0.8209775135382653	1.3862943611198906	0.6931471805599453	6.159095388491933	3	1	473
Chondrus_crispus	Chondrus_crispus	Chondrus crispus	0.9310526016414032	0.501635754475319	4.499809670330265	3.1780538303479458	6.5998704992128365	89	23	735
Chrysemys_picta_bellii	Chrysemys_picta	Chrysemys picta	0.880882588401762	0.6577079988165333	3.4339872044851463	2.772588722239781	6.870053411798126	30	15	963
Chrysochloris_asiatica	Chrysochloris_asiatica	Chrysochloris asiatica	0.7533787724400087	0.8350661652743419	1.3862943611198906	0.6931471805599453	6.218600119691729	3	1	502
Cicer_arietinum	Cicer_arietinum	Cicer arietinum	0.8935866159498215	0.6181676663371835	3.332204510175204	0.6931471805599453	6.79346613258001	27	1	892
Cimex_lectularius	Cimex_lectularius	Cimex lectularius	0.8432820565949944	0.7219448146501679	2.8903717578961645	2.4849066497880004	6.747586526829315	17	11	852
Ciona_intestinalis	Ciona_intestinalis	Ciona intestinalis	0.7644692310492486	0.772862608014744	2.302585092994046	1.3862943611198906	5.817111159963204	9	3	336
Citrus_clementina	Citrus_clementina	Citrus clementina	0.9179414162930573	0.551848605634011	2.079441541679836	1.0986122886681098	6.42648845745769	7	2	618
Citrus_sinensis	Citrus_sinensis	Citrus sinensis	0.9159672691354988	0.5643604025969781	2.9444389791664403	1.6094379124341005	6.75343791859778	18	4	857
Cladophialophora_bantiana_CBS_173.52	Cladophialophora_bantiana	Cladophialophora bantiana	0.8749097504617221	0.4470288115246098	0.0	0.0	2.6390573296152584	0	0	14
Cladophialophora_carrionii_CBS_160.54	Cladophialophora_carrionii	Cladophialophora carrionii	0.9679898096972492	0.2068713450292397	0.0	0.0	2.079441541679836	0	0	8
Cladophialophora_immunda	Cladophialophora_immunda	Cladophialophora immunda	0.8992748768939793	0.4126522702104097	0.6931471805599453	0.6931471805599453	3.044522437723423	1	1	21
Cladophialophora_psammophila_CBS_110553	Cladophialophora_psammophila	Cladophialophora psammophila	0.8695259473187965	0.485878047096195	1.0986122886681098	0.0	3.295836866004329	2	0	27
Cladophialophora_yegresii_CBS_114405	Cladophialophora_yegresii	Cladophialophora yegresii	0.9338289618323696	0.2623188405797101	0.0	0.0	1.791759469228055	0	0	6
Clavispora_lusitaniae_ATCC_42720	Clavispora_lusitaniae	Clavispora lusitaniae	0.9444433679188268	0.1733333333333333	0.0	0.0	1.0986122886681098	0	0	3
Clupea_harengus	Clupea_harengus	Clupea harengus	0.9145413102671726	0.557817732472473	4.983606621708336	3.218875824868201	6.703188113240863	145	24	815
Coccidioides_immitis_RS	Coccidioides_immitis	Coccidioides immitis	0.9224059962047712	0.4099956915122792	1.0986122886681098	0.0	3.555348061489413	2	0	35
Coccidioides_posadasii_C735_delta_SOWgp	Coccidioides_posadasii	Coccidioides posadasii	0.9021344497153834	0.4475975062723333	0.6931471805599453	0.0	3.332204510175204	1	0	28
Coccomyxa_subellipsoidea_C-169	Coccomyxa_subellipsoidea	Coccomyxa subellipsoidea	0.7373698076409421	0.6556133007119769	1.3862943611198906	1.0986122886681098	3.828641396489095	3	2	46
Coffea_arabica	Coffea_arabica	Coffea arabica	0.904150693967388	0.6086797696400297	2.8903717578961645	1.6094379124341005	7.048386408721883	17	4	1151
Coffea_eugenioides	Coffea_eugenioides	Coffea eugenioides	0.911126354013264	0.5926347699340944	3.1354942159291497	2.079441541679836	7.062191632286556	22	7	1167
Colius_striatus	Colius_striatus	Colius striatus	0.7708819274792562	0.735070605644702	0.0	0.0	4.6443908991413725	0	0	104
Colletotrichum_fioriniae_PJ7	Colletotrichum_fioriniae	Colletotrichum fioriniae	0.8917308849822937	0.3109965635738831	0.0	0.0	1.791759469228055	0	0	6
Colletotrichum_fructicola	Colletotrichum_fructicola	Colletotrichum fructicola	0.9312562783591994	0.377939142461964	1.791759469228055	1.0986122886681098	3.4657359027997265	5	2	32
Colletotrichum_graminicola_M1.001	Colletotrichum_graminicola	Colletotrichum graminicola	0.8702962599477508	0.5649428005816296	0.6931471805599453	0.6931471805599453	4.663439094112067	1	1	106
Colletotrichum_higginsianum_IMI_349063	Colletotrichum_higginsianum	Colletotrichum higginsianum	0.8877024360481934	0.4596414809850896	0.6931471805599453	1.0986122886681098	3.8501476017100575	1	2	47
Colletotrichum_orchidophilum	Colletotrichum_orchidophilum	Colletotrichum orchidophilum	0.9367464293828458	0.2718334297281666	0.0	0.0	1.9459101490553128	0	0	7
Colobus_angolensis_palliatus	Colobus_angolensis	Colobus angolensis	0.7848072901055173	0.7831825143586777	0.6931471805599453	0.6931471805599453	6.056784013228625	1	1	427
Columba_livia	Columba_livia	Columba livia	0.8248905835947308	0.6610262759222607	1.0986122886681098	0.0	4.574710978503383	2	0	97
Condylura_cristata	Condylura_cristata	Condylura cristata	0.7465531813455064	0.7919454848895172	0.0	0.6931471805599453	5.493061443340548	0	1	243
Coniophora_puteana_RWD-64-598_SS2	Coniophora_puteana	Coniophora puteana	0.9623387930631744	0.3272447528086626	3.1354942159291497	1.6094379124341005	4.890349128221754	22	4	133
Coniosporium_apollinis_CBS_100218	Coniosporium_apollinis	Coniosporium apollinis	0.8327209068335332	0.55724368144969	0.0	0.0	3.912023005428146	0	0	50
Contarinia_nasturtii	Contarinia_nasturtii	Contarinia nasturtii	0.9085702355395372	0.5086445293085651	3.7612001156935615	2.302585092994046	5.71042701737487	42	9	302
Copidosoma_floridanum	Copidosoma_floridanum	Copidosoma floridanum	0.9147140306425652	0.5600590226602623	3.1354942159291497	1.3862943611198906	6.93537044601511	22	3	1028
Coprinopsis_cinerea_okayama7#130	Coprinopsis_cinerea	Coprinopsis cinerea	0.9277064167728204	0.415179792179382	2.19722457733622	0.6931471805599453	3.871201010907891	8	1	48
Corapipo_altera	Corapipo_altera	Corapipo altera	0.8195379969553508	0.6885108776407427	1.0986122886681098	0.0	4.997212273764115	2	0	148
Cordyceps_fumosorosea_ARSEF_2679	Isaria_fumosorosea	Cordyceps fumosorosea	0.929364690606272	0.4090909090909091	0.6931471805599453	0.0	3.784189633918261	1	0	44
Cordyceps_militaris_CM01	Cordyceps_militaris	Cordyceps militaris	0.7652810938950992	0.6111258200217692	0.6931471805599453	0.0	3.295836866004329	1	0	27
Corvus_brachyrhynchos	Corvus_brachyrhynchos	Corvus brachyrhynchos	0.8099732193888347	0.6988856891398276	1.3862943611198906	1.6094379124341005	5.220355825078324	3	4	185
Corvus_cornix_cornix	Corvus_cornix	Corvus cornix	0.8039230543883945	0.6941223274709598	0.6931471805599453	1.6094379124341005	4.762173934797756	1	4	117
Corvus_moneduloides	Corvus_moneduloides	Corvus moneduloides	0.7124742170200425	0.7736584409420828	1.0986122886681098	0.0	4.836281906951478	2	0	126
Cottoperca_gobio	Cottoperca_gobio	Cottoperca gobio	0.8936551042849662	0.6092511370400553	4.330733340286331	3.1780538303479458	6.60934924316738	75	23	742
Coturnix_japonica	Coturnix_japonica	Coturnix japonica	0.8515945926469869	0.6307116207315735	1.0986122886681098	0.0	4.812184355372417	2	0	123
Crassostrea_gigas	Magallana_gigas	Crassostrea gigas	0.9050540509122204	0.5996143867361052	3.871201010907891	1.9459101490553128	7.013915474810528	47	6	1112
Crassostrea_virginica	Crassostrea_virginica	Crassostrea virginica	0.7996631065259079	0.7180777713763504	3.6635616461296463	1.6094379124341005	6.102558594613569	38	4	447
Cricetulus_griseus	Cricetulus_griseus	Cricetulus griseus	0.8256764738248167	0.7346964170554467	1.791759469228055	0.0	6.052089168924417	5	0	425
Crocodylus_porosus	Crocodylus_porosus	Crocodylus porosus	0.8940537184463625	0.6342889647941582	1.0986122886681098	0.0	6.871091294610546	2	0	964
Cryptococcus_amylolentus_CBS_6039	Cryptococcus_amylolentus	Cryptococcus amylolentus	0.9011169021936052	0.4030572755417956	1.0986122886681098	0.0	2.772588722239781	2	0	16
Cryptococcus_gattii_WM276	Cryptococcus_gattii	Cryptococcus gattii	0.9401855319740304	0.3246422893481717	1.9459101490553128	1.0986122886681098	2.833213344056216	6	2	17
Cryptococcus_neoformans_var._grubii_H99	Cryptococcus_neoformans	Cryptococcus neoformans	0.9399038267062126	0.3223371777476255	2.3978952727983707	0.0	2.772588722239781	10	0	16
Cryptococcus_neoformans_var._neoformans_B-3501A	Cryptococcus_neoformans	Cryptococcus neoformans	0.979982922091309	0.1397849462365591	0.6931471805599453	0.0	1.6094379124341005	1	0	5
Cryptococcus_neoformans_var._neoformans_JEC21	Cryptococcus_neoformans	Cryptococcus neoformans	0.8865340314319051	0.47057962529274	2.4849066497880004	1.0986122886681098	3.332204510175204	11	2	28
Cryptococcus_wingfieldii_CBS_7118	Tsuchiyaea_wingfieldii	Cryptococcus wingfieldii	0.9464422083731344	0.3164352599289635	2.079441541679836	0.6931471805599453	2.9444389791664403	7	1	19
Cryptotermes_secundus	Cryptotermes_secundus	Cryptotermes secundus	0.818221120348062	0.7587132041949707	4.060443010546419	2.302585092994046	6.875232087276577	57	9	968
Ctenocephalides_felis	Ctenocephalides_felis	Ctenocephalides felis	0.8445796253943039	0.726646340222759	3.951243718581428	2.833213344056216	6.965080345601407	51	16	1059
Cuculus_canorus	Cuculus_canorus	Cuculus canorus	0.7416078757512575	0.7454484489248475	0.0	0.0	4.465908118654584	0	0	87
Cucumis_melo	Cucumis_melo	Cucumis melo	0.910159439857868	0.5813755441056404	2.9444389791664403	0.6931471805599453	6.779921907472252	18	1	880
Cucumis_sativus	Cucumis_sativus_-species_in_domain_Eukaryota	Cucumis sativus	0.9226616438585308	0.5328936011085226	3.332204510175204	1.0986122886681098	6.249975242259483	27	2	518
Cucurbita_maxima	Cucurbita_maxima	Cucurbita maxima	0.8687032791279385	0.6455121960360657	4.3694478524670215	2.19722457733622	6.587550014824796	78	8	726
Cucurbita_moschata	Cucurbita_moschata	Cucurbita moschata	0.8571161752445935	0.6584444820657177	3.5263605246161616	2.4849066497880004	6.553933404025811	33	11	702
Cucurbita_pepo_subsp._pepo	Cucurbita_pepo	Cucurbita pepo	0.8695249540853616	0.6608298245575167	2.5649493574615367	0.6931471805599453	6.472346294500901	12	1	647
Culex_quinquefasciatus	Culex_quinquefasciatus	Culex quinquefasciatus	0.8565005843000508	0.6828015382598015	3.784189633918261	2.8903717578961645	6.639875833826536	43	17	765
Cyanidioschyzon_merolae_strain_10D	Cyanidioschyzon_merolae	Cyanidioschyzon merolae	0.8321877704225333	0.5580562538538159	0.0	0.6931471805599453	3.367295829986474	0	1	29
Cyanistes_caeruleus	Cyanistes_caeruleus	Cyanistes caeruleus	0.8163818677363582	0.6903527078417396	0.0	0.0	4.976733742420574	0	0	145
Cyberlindnera_jadinii_NRRL_Y-1542	Cyberlindnera_jadinii	Cyberlindnera jadinii	0.909033470184526	0.2860215053763441	0.0	0.0	1.6094379124341005	0	0	5
Cyclopterus_lumpus	Cyclopterus_lumpus	Cyclopterus lumpus	0.8778655955223624	0.6371636854633146	4.007333185232471	2.6390573296152584	6.324358962381311	54	13	558
Cyclospora_cayetanensis	Cyclospora_cayetanensis	Cyclospora cayetanensis	0.6708634884905355	0.7585404035384157	0.0	0.0	3.688879454113936	0	0	40
Cynara_cardunculus_var._scolymus	Cynara_cardunculus	Cynara cardunculus	0.8752840731111936	0.6724829962857038	2.6390573296152584	1.0986122886681098	7.0587581525186645	13	2	1163
Cynoglossus_semilaevis	Cynoglossus_semilaevis	Cynoglossus semilaevis	0.8882122031275499	0.6015842082697469	2.772588722239781	1.3862943611198906	5.786897381366708	15	3	326
Cyphomyrmex_costatus	Cyphomyrmex_costatus	Cyphomyrmex costatus	0.9107711297639316	0.5535110667943975	4.127134385045092	2.079441541679836	6.60934924316738	61	7	742
Cyprinus_carpio	Cyprinus_carpio	Cyprinus carpio	0.8945007335778525	0.6140775365426472	4.605170185988092	2.833213344056216	7.266128779556451	99	16	1431
Dactylellina_haptotyla_CBS_200.50	Dactylellina_haptotyla	Dactylellina haptotyla	0.8911806483408017	0.4113415594644263	0.6931471805599453	0.0	2.5649493574615367	1	0	13
Daldinia_childiae	Daldinia_childiae	Daldinia childiae	0.8537971402795597	0.5501320237889593	1.6094379124341005	0.6931471805599453	3.8918202981106265	4	1	49
Danaus_plexippus_plexippus	Danaus_plexippus	Danaus plexippus	0.8533271966736884	0.642789490026346	1.791759469228055	0.0	5.198497031265826	5	0	181
Danio_rerio	Danio_rerio	Danio rerio	0.8810523321341158	0.6617310065554652	4.007333185232471	3.1780538303479458	7.440733707389261	54	23	1704
Dasypus_novemcinctus	Dasypus_novemcinctus	Dasypus novemcinctus	0.7998706840807137	0.7586387311571147	2.079441541679836	1.0986122886681098	6.135564891081739	7	2	462
Daucus_carota_subsp._sativus	Daucus_carota	Daucus carota	0.908018084873206	0.5815740535357783	3.258096538021482	1.6094379124341005	6.672032945461067	25	4	790
Debaryomyces_hansenii_CBS767	Debaryomyces_hansenii	Debaryomyces hansenii	0.8713802428628211	0.4126436781609195	1.0986122886681098	0.0	2.302585092994046	2	0	10
Delphinapterus_leucas	Delphinapterus_leucas	Delphinapterus leucas	0.8092828271047876	0.7362683113447978	1.6094379124341005	0.6931471805599453	5.924255797414532	4	1	374
Dendrobium_catenatum	Dendrobium_catenatum	Dendrobium catenatum	0.8470574897479715	0.6856724854939759	0.6931471805599453	0.0	6.423246963533519	1	0	616
Dendroctonus_ponderosae	Dendroctonus_ponderosae	Dendroctonus ponderosae	0.8959500740383968	0.5781104574976269	3.367295829986474	1.791759469228055	6.142037405587356	28	5	465
Dendronephthya_gigantea	Dendronephthya_gigantea	Dendronephthya gigantea	0.9183429350630538	0.5616144796248677	4.574710978503383	2.833213344056216	6.883462586413092	96	16	976
Denticeps_clupeoides	Denticeps_clupeoides	Denticeps clupeoides	0.8375090310891846	0.7112071597602742	4.07753744390572	2.70805020110221	6.741700694652055	58	14	847
Dermatophagoides_pteronyssinus	Dermatophagoides_pteronyssinus	Dermatophagoides pteronyssinus	0.606931103903842	0.6726508167556202	1.0986122886681098	0.0	2.19722457733622	2	0	9
Desmodus_rotundus	Desmodus_rotundus	Desmodus rotundus	0.8014349814276821	0.7322590142705935	1.3862943611198906	0.6931471805599453	5.872117789475416	3	1	355
Diabrotica_virgifera_virgifera	Diabrotica_virgifera	Diabrotica virgifera	0.9058914421022032	0.6261341832583288	5.673323267171493	3.49650756146648	7.781138509845015	290	32	2395
Diachasma_alloeum	Diachasma_alloeum	Diachasma alloeum	0.9019502840487452	0.6187709520588165	4.174387269895637	2.4849066497880004	7.313220387090301	64	11	1500
Diaphorina_citri	Diaphorina_citri	Diaphorina citri	0.8498246301128753	0.7045621814625365	4.990432586778736	3.4657359027997265	6.633318433280377	146	31	760
Dichomitus_squalens_LYAD-421_SS1	Dichomitus_squalens	Dichomitus squalens	0.90399159970813	0.5006217838765008	3.555348061489413	2.079441541679836	5.170483995038151	34	7	176
Dictyostelium_discoideum_AX4	Dictyostelium_discoideum	Dictyostelium discoideum	0.8319982734766905	0.5531712158808934	2.4849066497880004	1.3862943611198906	3.218875824868201	11	3	25
Dictyostelium_purpureum	Dictyostelium_purpureum	Dictyostelium purpureum	0.9133273433746806	0.474716070866448	2.19722457733622	1.0986122886681098	4.290459441148391	8	2	73
Didymella_exigua_CBS_183.55	Didymella_exigua	Didymella exigua	0.889079776729833	0.5453320933072513	2.5649493574615367	1.6094379124341005	4.6443908991413725	12	4	104
Dinoponera_quadriceps	Dinoponera_quadriceps	Dinoponera quadriceps	0.901880940314943	0.5926695552772392	3.1780538303479458	2.079441541679836	6.368187186350492	23	7	583
Diplodia_corticola	Diplodia_corticola	Diplodia corticola	0.7577374167327604	0.5946502057613169	0.0	0.0	2.9444389791664403	0	0	19
Dipodomys_ordii	Dipodomys_ordii	Dipodomys ordii	0.7623729752487887	0.7794004230510995	1.0986122886681098	3.1354942159291497	5.616771097666572	2	22	275
Dissoconium_aciculare_CBS_342.82	Dissoconium_aciculare	Dissoconium aciculare	0.8148572663582719	0.4687661331956634	0.6931471805599453	0.0	2.5649493574615367	1	0	13
Diuraphis_noxia	Diuraphis_noxia	Diuraphis noxia	0.850579466373087	0.6595004664865335	2.079441541679836	0.6931471805599453	5.726847747587197	7	1	307
Dothidotthia_symphoricarpi_CBS_119687	Dothidotthia_symphoricarpi	Dothidotthia symphoricarpi	0.7153062093451831	0.6990388667054598	0.0	0.0	3.7612001156935615	0	0	43
Dromaius_novaehollandiae	Dromaius_novaehollandiae	Dromaius novaehollandiae	0.8432944946651916	0.5651255413285806	0.6931471805599453	0.0	3.9889840465642745	1	0	54
Drosophila_albomicans	Drosophila_albomicans	Drosophila albomicans	0.7758558800832739	0.7363241639527877	3.5263605246161616	0.6931471805599453	5.680172609017068	33	1	293
Drosophila_ananassae	Drosophila_ananassae	Drosophila ananassae	0.870712445758016	0.6632509998975694	4.442651256490317	3.218875824868201	6.635946555686647	84	24	762
Drosophila_arizonae	Drosophila_arizonae	Drosophila arizonae	0.7742842666784425	0.7074175387375475	1.0986122886681098	1.0986122886681098	4.465908118654584	2	2	87
Drosophila_biarmipes	Drosophila_biarmipes	Drosophila biarmipes	0.8899717503388446	0.5943353242129864	3.555348061489413	1.791759469228055	6.318968113746434	34	5	555
Drosophila_bipectinata	Drosophila_bipectinata	Drosophila bipectinata	0.8501563634619683	0.6558371603274192	3.912023005428146	1.3862943611198906	6.228511003591184	49	3	507
Drosophila_busckii	Drosophila_busckii	Drosophila busckii	0.8744822650636099	0.5595147235839018	1.3862943611198906	0.0	4.718498871295094	3	0	112
Drosophila_elegans	Drosophila_elegans	Drosophila elegans	0.8294719722889641	0.6515545464509466	3.295836866004329	0.0	6.163314804034641	26	0	475
Drosophila_erecta	Drosophila_erecta	Drosophila erecta	0.8689958144984962	0.6211531873511584	3.688879454113936	2.5649493574615367	5.886104031450156	39	12	360
Drosophila_eugracilis	Drosophila_eugracilis	Drosophila eugracilis	0.8917371366530633	0.5593737383416172	3.555348061489413	1.6094379124341005	6.180016653652572	34	4	483
Drosophila_ficusphila	Drosophila_ficusphila	Drosophila ficusphila	0.8606854542198492	0.6037904629982244	4.07753744390572	1.791759469228055	5.83773044716594	58	5	343
Drosophila_grimshawi	Drosophila_grimshawi	Drosophila grimshawi	0.7972984873444093	0.702757704006328	3.6635616461296463	1.9459101490553128	5.3230099791384085	38	6	205
Drosophila_guanche	Drosophila_guanche	Drosophila guanche	0.7905740618414435	0.7214831711390381	3.4657359027997265	2.5649493574615367	5.231108616854587	31	12	187
Drosophila_hydei	Drosophila_hydei	Drosophila hydei	0.8458188124286727	0.634937677458526	2.3978952727983707	1.3862943611198906	4.7535901911063645	10	3	116
Drosophila_innubila	Drosophila_innubila	Drosophila innubila	0.8696256922666765	0.6410987743924332	3.218875824868201	1.6094379124341005	5.905361848054571	24	4	367
Drosophila_kikkawai	Drosophila_kikkawai_-species_in_domain_Eukaryota	Drosophila kikkawai	0.852108434384465	0.631330783965029	3.9318256327243257	2.19722457733622	6.100318952020064	50	8	446
Drosophila_mauritiana	Drosophila_mauritiana	Drosophila mauritiana	0.8789865769987416	0.5997834768863511	4.356708826689592	2.772588722239781	5.926926025970411	77	15	375
Drosophila_melanogaster	Drosophila_melanogaster	Drosophila melanogaster	0.8849841845121901	0.6035626929605274	4.110873864173311	2.3978952727983707	6.052089168924417	60	10	425
Drosophila_miranda	Drosophila_miranda	Drosophila miranda	0.7936661870231435	0.6925621018108779	3.218875824868201	1.3862943611198906	5.247024072160486	24	3	190
Drosophila_mojavensis	Drosophila_mojavensis	Drosophila mojavensis	0.8048143748071638	0.7273079761447634	3.7612001156935615	1.791759469228055	5.575949103146316	42	5	264
Drosophila_navojoa	Drosophila_navojoa	Drosophila navojoa	0.8519035492111052	0.6103728548659146	2.4849066497880004	0.0	4.356708826689592	11	0	78
Drosophila_novamexicana	Drosophila_novamexicana	Drosophila novamexicana	0.8344564902559479	0.7042984454844377	2.995732273553991	2.19722457733622	5.82600010738045	19	8	339
Drosophila_obscura	Drosophila_obscura	Drosophila obscura	0.8504056183186993	0.6543419384729795	3.295836866004329	2.302585092994046	6.013715156042802	26	9	409
Drosophila_persimilis	Drosophila_persimilis	Drosophila persimilis	0.8601593665542288	0.6418052885436403	4.59511985013459	3.1780538303479458	6.269096283706261	98	23	528
Drosophila_rhopaloa	Drosophila_rhopaloa	Drosophila rhopaloa	0.8229433774813202	0.6951380126128737	4.418840607796598	2.3978952727983707	6.359573868672378	82	10	578
Drosophila_sechellia	Drosophila_sechellia	Drosophila sechellia	0.8891706528227564	0.5838017237368051	4.248495242049359	2.6390573296152584	5.973809611869261	69	13	393
Drosophila_serrata	Drosophila_serrata	Drosophila serrata	0.8105233827630012	0.6907704751136758	3.80666248977032	2.079441541679836	5.908082938168931	44	7	368
Drosophila_simulans	Drosophila_simulans	Drosophila simulans	0.8580810480564005	0.6020659489988747	3.49650756146648	0.0	5.332718793265369	32	0	207
Drosophila_subobscura	Drosophila_subobscura	Drosophila subobscura	0.8252218063144846	0.6554783083253324	2.9444389791664403	1.0986122886681098	5.049856007249537	18	2	156
Drosophila_suzukii	Drosophila_suzukii	Drosophila suzukii	0.8880951086864396	0.5944299109965319	3.784189633918261	1.6094379124341005	6.587550014824796	43	4	726
Drosophila_takahashii	Drosophila_takahashii	Drosophila takahashii	0.8393030549921747	0.6648013250350524	4.418840607796598	3.1780538303479458	6.317164686747284	82	23	554
Drosophila_virilis	Drosophila_virilis	Drosophila virilis	0.82511775427283	0.7064665575311583	3.332204510175204	1.9459101490553128	6.0330862217988015	27	6	417
Drosophila_willistoni	Drosophila_willistoni	Drosophila willistoni	0.8792217062765112	0.6286674147299588	5.214935757608986	2.079441541679836	6.705639094860003	183	7	817
Drosophila_yakuba	Drosophila_yakuba	Drosophila yakuba	0.8439560848659693	0.6530807455742347	4.454347296253507	1.6094379124341005	6.343880434126331	85	4	569
Dufourea_novaeangliae	Dufourea_novaeangliae	Dufourea novaeangliae	0.9115866398783056	0.5670538860998123	2.4849066497880004	1.3862943611198906	6.45833828334479	11	3	638
Durio_zibethinus	Durio_zibethinus	Durio zibethinus	0.8569002579127071	0.675528609084595	1.3862943611198906	0.0	6.1779441140506	3	0	482
Echeneis_naucrates	Echeneis_naucrates	Echeneis naucrates	0.8784845192045648	0.6007987438800133	3.332204510175204	1.3862943611198906	5.899897353582492	27	3	365
Echinococcus_granulosus	Echinococcus_granulosus	Echinococcus granulosus	0.6907403352894566	0.7690463533965993	0.0	0.0	4.04305126783455	0	0	57
Echinops_telfairi	Echinops_telfairi	Echinops telfairi	0.7983957016540325	0.7672432037916305	1.3862943611198906	1.6094379124341005	6.198478716492308	3	4	492
Egretta_garzetta	Egretta_garzetta	Egretta garzetta	0.8299710292523359	0.6541550301559267	1.3862943611198906	0.6931471805599453	4.543294782270004	3	1	94
Eimeria_acervulina	Eimeria_acervulina	Eimeria acervulina	0.7167327150952875	0.7622508769040631	0.0	0.0	4.127134385045092	0	0	62
Eimeria_maxima	Eimeria_maxima	Eimeria maxima	0.7516249725238152	0.7222806425369129	0.0	0.0	5.123963979403259	0	0	168
Eimeria_mitis	Eimeria_mitis	Eimeria mitis	0.812412347699682	0.6619758229425248	1.3862943611198906	0.0	5.713732805509369	3	0	303
Eimeria_necatrix	Eimeria_necatrix	Eimeria necatrix	0.7078117675452744	0.7513790560864432	0.6931471805599453	0.0	5.313205979041787	1	0	203
Eimeria_tenella	Eimeria_tenella	Eimeria tenella	0.6982122697691838	0.7604517302875282	2.079441541679836	0.0	3.8501476017100575	7	0	47
Elaeis_guineensis	Elaeis_guineensis	Elaeis guineensis	0.8905705770517964	0.626269023716083	1.0986122886681098	0.0	6.429719478039138	2	0	620
Electrophorus_electricus	Electrophorus_electricus	Electrophorus electricus	0.8722815106662533	0.6268917979990434	2.3978952727983707	1.0986122886681098	5.883322388488279	10	2	359
Elephantulus_edwardii	Elephantulus_edwardii	Elephantulus edwardii	0.7839261580098141	0.7875532669575755	1.3862943611198906	0.0	6.008813185442595	3	0	407
Emiliania_huxleyi_CCMP1516	Emiliania_huxleyi	Emiliania huxleyi	0.8002413002650597	0.7156708714680637	4.406719247264253	2.6390573296152584	5.564520407322694	81	13	261
Empidonax_traillii	Empidonax_traillii	Empidonax traillii	0.8034148165337308	0.6994868239580918	1.9459101490553128	0.0	4.934473933130692	6	0	139
Endocarpon_pusillum_Z07020	Endocarpon_pusillum	Endocarpon pusillum	0.9284025615929906	0.4773296953546764	1.0986122886681098	0.0	5.3706380281276624	2	0	215
Enhydra_lutris_kenyoni	Enhydra_lutris	Enhydra lutris	0.731465490226828	0.8229619900255082	0.6931471805599453	0.6931471805599453	5.62040086571715	1	1	276
Entamoeba_dispar_SAW760	Entamoeba_dispar	Entamoeba dispar	0.7815386724115657	0.654717285807773	2.3978952727983707	0.0	3.6635616461296463	10	0	39
Entamoeba_invadens_IP1	Entamoeba_invadens	Entamoeba invadens	0.9230816925746896	0.5044376674811457	3.7612001156935615	1.9459101490553128	5.934894195619588	42	6	378
Entamoeba_nuttalli_P19	Entamoeba_nuttalli	Entamoeba nuttalli	0.9331712573617386	0.3417924096936443	0.0	0.0	2.8903717578961645	0	0	18
Epinephelus_lanceolatus	Epinephelus_lanceolatus	Epinephelus lanceolatus	0.9105696160009824	0.6038799320767063	5.1647859739235145	3.713572066704308	7.366445148327599	174	40	1582
Equus_asinus	Equus_asinus	Equus asinus	0.8116452692044492	0.738458993561606	0.0	0.6931471805599453	5.963579343618446	0	1	389
Equus_caballus	Equus_caballus	Equus caballus	0.7947044631669232	0.7585574578977412	0.0	0.6931471805599453	6.016157159698354	0	1	410
Equus_przewalskii	Equus_przewalskii	Equus przewalskii	0.7702953778317541	0.7855677747652486	0.0	0.6931471805599453	5.918893854273146	0	1	372
Eremothecium_cymbalariae_DBVPG#7215	Eremothecium_cymbalariae	Eremothecium cymbalariae	0.851297702871971	0.3735849056603773	1.0986122886681098	0.0	1.6094379124341005	2	0	5
Eremothecium_sinecaudum	Eremothecium_sinecaudum	Eremothecium sinecaudum	0.9441800960328748	0.2233115468409586	0.6931471805599453	0.0	1.791759469228055	1	0	6
Erinaceus_europaeus	Erinaceus_europaeus	Erinaceus europaeus	0.7659351880832704	0.8089945105516595	2.3978952727983707	2.19722457733622	6.093569770045136	10	8	443
Erpetoichthys_calabaricus	Erpetoichthys_calabaricus	Erpetoichthys calabaricus	0.8941686442111646	0.642815383270642	4.867534450455582	3.784189633918261	7.266827347520591	129	43	1432
Erythranthe_guttata	Erythranthe_guttata	Erythranthe guttata	0.8299955499557876	0.6767271626383072	2.302585092994046	1.3862943611198906	6.470799503782602	9	3	646
Esox_lucius	Esox_lucius	Esox lucius	0.8903374576085895	0.6324026878510968	4.07753744390572	3.218875824868201	6.960347729101308	58	24	1054
Etheostoma_cragini	Etheostoma_cragini	Etheostoma cragini	0.9186399346739358	0.56224591586922	3.1354942159291497	1.3862943611198906	6.974478911025045	22	3	1069
Etheostoma_spectabile	Etheostoma_spectabile	Etheostoma spectabile	0.8914801889266014	0.6154423069842522	4.060443010546419	1.9459101490553128	7.1770187659099	57	6	1309
Eucalyptus_grandis	Eucalyptus_grandis	Eucalyptus grandis	0.8955160408320204	0.6165997231915115	2.3978952727983707	1.6094379124341005	6.833031732786201	10	4	928
Eufriesea_mexicana	Eufriesea_mexicana	Eufriesea mexicana	0.709144205635427	0.7552094693191673	1.3862943611198906	0.0	5.638354669333745	3	0	281
Eumetopias_jubatus	Eumetopias_jubatus	Eumetopias jubatus	0.7673747731502526	0.7930652942137205	1.0986122886681098	1.0986122886681098	5.720311776607412	2	2	305
Eurypyga_helias	Eurypyga_helias	Eurypyga helias	0.7609110411891129	0.7319727644892672	0.0	0.0	4.5217885770490405	0	0	92
Eurytemora_affinis	Eurytemora_affinis	Eurytemora affinis	0.8557291329047855	0.6885307400318488	3.295836866004329	2.3978952727983707	6.799055862058796	26	10	897
Eutrema_salsugineum	Eutrema_salsugineum	Eutrema salsugineum	0.906646881649181	0.5773950376894631	3.1780538303479458	1.9459101490553128	6.349138991379798	23	6	572
Eutypa_lata_UCREL1	Eutypa_lata	Eutypa lata	0.92258196968902	0.3858589296349868	0.0	0.0	3.1354942159291497	0	0	23
Exaiptasia_pallida	Exaiptasia_pallida	Exaiptasia pallida	0.9219326708885044	0.5434413974163076	4.543294782270004	2.9444389791664403	6.673297967767654	93	18	791
Exophiala_aquamarina_CBS_119918	Exophiala_aquamarina	Exophiala aquamarina	0.8846418812574549	0.5175700459919302	2.772588722239781	0.6931471805599453	4.110873864173311	15	1	61
Exophiala_dermatitidis_NIH_UT8656	Exophiala_dermatitidis	Exophiala dermatitidis	0.917992122313944	0.4043941841680129	1.791759469228055	0.0	3.218875824868201	5	0	25
Exophiala_mesophila	Exophiala_mesophila	Exophiala mesophila	1.0	0.0	0.0	0.0	0.6931471805599453	0	0	2
Exophiala_oligosperma	Exophiala_oligosperma	Exophiala oligosperma	0.950076106347996	0.3196286472148541	1.0986122886681098	0.0	3.258096538021482	2	0	26
Exophiala_spinifera	Exophiala_spinifera	Exophiala spinifera	0.9431167309514245	0.3222814746116392	0.0	0.0	2.9444389791664403	0	0	19
Falco_cherrug	Falco_cherrug	Falco cherrug	0.7941298654543755	0.6670910405640638	0.0	0.0	4.564348191467836	0	0	96
Falco_peregrinus	Falco_peregrinus	Falco peregrinus	0.7986208467487482	0.6896824226228693	0.6931471805599453	0.0	4.477336814478207	1	0	88
Felis_catus	Felis_catus	Felis catus	0.7520319512536563	0.8084576295011998	0.6931471805599453	0.0	5.723585101952381	1	0	306
Fibroporia_radiculosa	Fibroporia_radiculosa	Fibroporia radiculosa	0.859782017262999	0.5343914492217053	1.3862943611198906	0.0	3.610917912644224	3	0	37
Ficedula_albicollis	Ficedula_albicollis	Ficedula albicollis	0.7397698425086124	0.7469465432739966	0.0	0.0	4.691347882229144	0	0	109
Folsomia_candida	Folsomia_candida	Folsomia candida	0.8789019473234974	0.6060038936942063	2.302585092994046	1.9459101490553128	5.902633333401366	9	6	366
Fomitiporia_mediterranea_MF3_22	Fomitiporia_mediterranea	Fomitiporia mediterranea	0.8175677071286792	0.6680626098796746	2.4849066497880004	1.791759469228055	4.976733742420574	11	5	145
Fonsecaea_erecta	Fonsecaea_erecta	Fonsecaea erecta	0.906481474806086	0.386171497584541	0.0	0.0	3.1354942159291497	0	0	23
Fonsecaea_monophora	Fonsecaea_monophora	Fonsecaea monophora	0.9175529065698544	0.3949255377826806	1.3862943611198906	0.0	3.044522437723423	3	0	21
Fonsecaea_multimorphosa_CBS_102226	Fonsecaea_multimorphosa	Fonsecaea multimorphosa	0.7668296606596974	0.4545454545454545	0.0	0.0	1.6094379124341005	0	0	5
Fonsecaea_nubica	Fonsecaea_nubica	Fonsecaea nubica	0.9362769623489056	0.3110047846889952	0.0	0.0	2.3978952727983707	0	0	11
Fonsecaea_pedrosoi_CBS_271.37	Fonsecaea_pedrosoi	Fonsecaea pedrosoi	0.8437093253921489	0.4010989010989011	0.0	0.0	1.9459101490553128	0	0	7
Fonticula_alba	Fonticula_alba	Fonticula alba	0.9750156277673074	0.144927536231884	0.0	1.3862943611198906	1.6094379124341005	0	3	5
Fopius_arisanus	Fopius_arisanus	Fopius arisanus	0.9074820782754266	0.5633985505120582	2.4849066497880004	1.6094379124341005	6.26530121273771	11	4	526
Formica_exsecta	Formica_exsecta	Formica exsecta	0.9248114254312368	0.5192657630797116	3.8501476017100575	1.9459101490553128	6.248042874508429	46	6	517
Fragaria_vesca_subsp._vesca	Fragaria_vesca	Fragaria vesca	0.9290306417557316	0.5151502093726723	3.6375861597263857	2.4849066497880004	6.466144724237619	37	11	643
Frankliniella_occidentalis	Frankliniella_occidentalis	Frankliniella occidentalis	0.8912371580069618	0.5928310469164434	2.5649493574615367	1.0986122886681098	6.066108090103747	12	2	431
Fukomys_damarensis	Fukomys_damarensis	Fukomys damarensis	0.769322486802601	0.7902777196853645	1.791759469228055	0.0	5.697093486505405	5	0	298
Fulmarus_glacialis	Fulmarus_glacialis	Fulmarus glacialis	0.8324598770891608	0.6483477772983838	0.6931471805599453	0.0	4.59511985013459	1	0	99
Fundulus_heteroclitus	Fundulus_heteroclitus	Fundulus heteroclitus	0.8877703514667015	0.6344625285151629	3.9889840465642745	2.3978952727983707	7.105786129481271	53	10	1219
Fusarium_coffeatum	Fusarium_chlamydosporum	Fusarium coffeatum	0.6448174427332066	0.6921436588103255	0.0	1.0986122886681098	2.8903717578961645	0	2	18
Fusarium_fujikuroi_IMI_58289	Fusarium_fujikuroi	Fusarium fujikuroi	0.8433395818611621	0.5598545674897742	1.0986122886681098	0.0	3.555348061489413	2	0	35
Fusarium_graminearum_PH-1	Gibberella_zeae	Fusarium graminearum	0.8377107720767768	0.4805283818306436	0.0	0.6931471805599453	2.3978952727983707	0	1	11
Fusarium_oxysporum_NRRL_32931	Fusarium_oxysporum	Fusarium oxysporum	0.931217987928188	0.3702633784482605	0.0	0.0	3.295836866004329	0	0	27
Fusarium_oxysporum_f._sp._lycopersici_4287	Fusarium_oxysporum	Fusarium oxysporum	0.9060349029962916	0.5352388447312505	2.9444389791664403	1.9459101490553128	5.41610040220442	18	6	225
Fusarium_proliferatum_ET1	Fusarium_proliferatum	Fusarium proliferatum	0.9086871584342924	0.3995144573438327	0.6931471805599453	0.0	2.9444389791664403	1	0	19
Fusarium_pseudograminearum_CS3096	Gibberella_coronicola	Fusarium pseudograminearum	0.8511749722713944	0.5024163511558469	0.0	1.0986122886681098	2.833213344056216	0	2	17
Fusarium_venenatum	Fusarium_venenatum	Fusarium venenatum	0.7324254612946546	0.6332903364506073	0.0	0.0	3.044522437723423	0	0	21
Fusarium_verticillioides_7600	Gibberella_fujikuroi	Fusarium verticillioides	0.7634819469432584	0.5443015362629511	0.0	0.0	2.19722457733622	0	0	9
Gadus_morhua	Gadus_morhua_-species_in_domain_Eukaryota	Gadus morhua	0.9084175079981884	0.5806255026419805	5.501258210544727	3.80666248977032	6.993932975223189	244	44	1090
Gaeumannomyces_tritici_R3-111a-1	Gaeumannomyces_tritici	Gaeumannomyces tritici	0.8803870274030833	0.5143956971103143	1.0986122886681098	0.0	3.784189633918261	2	0	44
Galendromus_occidentalis	Galendromus_occidentalis	Galendromus occidentalis	0.9295160638342264	0.4357219403009078	2.19722457733622	0.6931471805599453	4.927253685157205	8	1	138
Galeopterus_variegatus	Galeopterus_variegatus	Galeopterus variegatus	0.8090059243400394	0.7499703091177123	1.791759469228055	2.079441541679836	6.049733455231958	5	7	424
Galleria_mellonella	Galleria_mellonella	Galleria mellonella	0.8438269967868944	0.7211397321266486	3.1354942159291497	0.6931471805599453	6.625392368007956	22	1	754
Gallus_gallus	Gallus_gallus	Gallus gallus	0.8081544746664485	0.7038292771856888	1.6094379124341005	1.0986122886681098	4.976733742420574	4	2	145
Gavia_stellata	Gavia_stellata	Gavia stellata	0.7450313134397194	0.7359938297628372	0.0	0.6931471805599453	4.3694478524670215	0	1	79
Gavialis_gangeticus	Gavialis_gangeticus	Gavialis gangeticus	0.8933276894821982	0.6340033852328123	2.3978952727983707	1.0986122886681098	6.846943139585379	10	2	941
Gekko_japonicus	Gekko_japonicus	Gekko japonicus	0.8609373962080882	0.6924004489114249	2.9444389791664403	3.4657359027997265	6.954638864880987	18	31	1048
Geospiza_fortis	Geospiza_fortis	Geospiza fortis	0.823805417370954	0.6766498651498164	0.0	0.0	4.934473933130692	0	0	139
Geotrypetes_seraphini	Geotrypetes_seraphini	Geotrypetes seraphini	0.8870465001847218	0.6696576249603576	4.330733340286331	2.9444389791664403	7.510430556378006	75	18	1827
Giardia_lamblia_ATCC_50803	Giardia_intestinalis	Giardia lamblia	0.864264103001218	0.3827838827838827	0.0	0.0	1.791759469228055	0	0	6
Glarea_lozoyensis_ATCC_20868	Glarea_lozoyensis	Glarea lozoyensis	0.8274710715990204	0.5575346338705117	1.6094379124341005	0.0	3.295836866004329	4	0	27
Globicephala_melas	Globicephala_melas	Globicephala melas	0.8142613733453841	0.7355750921487824	1.0986122886681098	1.0986122886681098	5.7899601708972535	2	2	327
Gloeophyllum_trabeum_ATCC_11539	Gloeophyllum_trabeum	Gloeophyllum trabeum	0.907302762192059	0.4583789704271632	3.80666248977032	2.079441541679836	5.0369526024136295	44	7	154
Glycine_max	Glycine_max	Glycine max	0.8757319621503563	0.6540243436253346	3.044522437723423	1.791759469228055	6.385194398997726	20	5	593
Glycine_soja	Glycine_soja	Glycine soja	0.8599945512438325	0.6755883827047966	2.5649493574615367	1.6094379124341005	6.322565239927284	12	4	557
Gopherus_evgoodei	Gopherus_evgoodei	Gopherus evgoodei	0.8829912976993601	0.6590677166145266	2.5649493574615367	2.302585092994046	6.902742737158593	12	9	995
Gorilla_gorilla_gorilla	Gorilla_gorilla	Gorilla gorilla	0.7669192674501069	0.7888233565740465	0.6931471805599453	1.0986122886681098	5.998936561946683	1	2	403
Gossypium_arboreum	Gossypium_arboreum	Gossypium arboreum	0.884206841005223	0.6577888407179211	3.044522437723423	2.302585092994046	7.083387847625295	20	9	1192
Gossypium_hirsutum	Gossypium_hirsutum	Gossypium hirsutum	0.8864735858794308	0.6484901490890362	2.70805020110221	2.4849066497880004	7.110696122978827	14	11	1225
Gossypium_raimondii	Gossypium_raimondii	Gossypium raimondii	0.8911784662778128	0.6276551579276797	2.70805020110221	0.0	7.00850518208228	14	0	1106
Gouania_willdenowi	Gouania_willdenowi	Gouania willdenowi	0.910309470750226	0.6095195299379408	4.382026634673881	3.49650756146648	7.532088143541722	79	32	1867
Grammomys_surdaster	Grammomys_surdaster	Grammomys surdaster	0.8100046716603877	0.7518107568213677	2.079441541679836	1.3862943611198906	6.1463292576688975	7	3	467
Gregarina_niphandrodes	Gregarina_niphandrodes	Gregarina niphandrodes	0.9517731794470108	0.3739294850405961	1.791759469228055	0.0	4.709530201312334	5	0	111
Grosmannia_clavigera_kw1407	Grosmannia_clavigera	Grosmannia clavigera	0.7840343451934516	0.6353951526911882	1.6094379124341005	0.6931471805599453	3.713572066704308	4	1	41
Guillardia_theta_CCMP2712	Guillardia_theta	Guillardia theta	0.6965870471021588	0.6937786650839044	2.5649493574615367	0.0	3.7612001156935615	12	0	43
Gymnodraco_acuticeps	Gymnodraco_acuticeps	Gymnodraco acuticeps	0.9182032520938744	0.5729433299712205	6.192362489474872	4.955827057601261	7.347299700743164	488	141	1552
Habropoda_laboriosa	Habropoda_laboriosa	Habropoda laboriosa	0.8818470043546721	0.6193104566927673	3.4339872044851463	2.3978952727983707	6.169610732491456	30	10	478
Haliaeetus_albicilla	Haliaeetus_albicilla	Haliaeetus albicilla	0.8440157463973343	0.617433332887251	1.0986122886681098	0.0	4.343805421853684	2	0	77
Haliaeetus_leucocephalus	Haliaeetus_leucocephalus	Haliaeetus leucocephalus	0.8467450143286804	0.6230791724789843	0.0	0.6931471805599453	4.5217885770490405	0	1	92
Halyomorpha_halys	Halyomorpha_halys	Halyomorpha halys	0.8627292799561131	0.6874770689960966	2.6390573296152584	1.6094379124341005	7.145984467714388	13	4	1269
Hammondia_hammondi	Hammondia_hammondi	Hammondia hammondi	0.7256581989370195	0.608909952606635	0.0	0.0	3.218875824868201	0	0	25
Haplochromis_burtoni	Haplochromis_burtoni	Haplochromis burtoni	0.889618847247504	0.6276003399457206	4.189654742026425	2.995732273553991	6.684611727667927	65	19	800
Harpegnathos_saltator	Harpegnathos_saltator	Harpegnathos saltator	0.8567301333676088	0.6154606530276256	4.189654742026425	2.833213344056216	6.626717749249025	65	16	755
Helianthus_annuus	Helianthus_annuus	Helianthus annuus	0.8995887905847001	0.6202140697274308	3.218875824868201	1.0986122886681098	7.102499355774649	24	2	1215
Helicoverpa_armigera	Helicoverpa_armigera	Helicoverpa armigera	0.8443864013227788	0.6775207997897699	4.02535169073515	2.833213344056216	6.018593214496234	55	16	411
Helobdella_robusta	Helobdella_robusta	Helobdella robusta	0.8617354513776978	0.652370223436639	3.295836866004329	2.079441541679836	5.937536205082426	26	7	379
Herrania_umbratica	Herrania_umbratica	Herrania umbratica	0.8185146580503062	0.6587915960195043	1.0986122886681098	0.0	6.040254711277414	2	0	420
Heterobasidion_irregulare_TC_32-1	Heterobasidion_irregulare	Heterobasidion irregulare	0.8728516061217657	0.5409351851851851	1.3862943611198906	0.6931471805599453	4.276666119016055	3	1	72
Heterocephalus_glaber	Heterocephalus_glaber	Heterocephalus glaber	0.7759076283191068	0.7833241751595376	1.0986122886681098	0.0	5.942799375126701	2	0	381
Heterostelium_album_PN500	Heterostelium_album	Heterostelium album	0.761336754560097	0.6387479762547221	2.5649493574615367	1.0986122886681098	3.218875824868201	12	2	25
Hevea_brasiliensis	Hevea_brasiliensis	Hevea brasiliensis	0.8425895817360028	0.7118895742320889	2.6390573296152584	1.791759469228055	6.405228458030842	13	5	605
Hippocampus_comes	Hippocampus_comes	Hippocampus comes	0.8822874833152596	0.6168690813531429	4.060443010546419	1.791759469228055	6.61472560020376	57	5	746
Hippoglossus_hippoglossus	Hippoglossus_hippoglossus	Hippoglossus hippoglossus	0.8779476070618648	0.6433225357639799	3.218875824868201	1.3862943611198906	6.478509642208569	24	3	651
Hipposideros_armiger	Hipposideros_armiger	Hipposideros armiger	0.8246926317377118	0.7128794350017772	2.772588722239781	2.302585092994046	5.799092654460526	15	9	330
Histoplasma_capsulatum_NAm1	Histoplasma_capsulatum	Histoplasma capsulatum	0.891647705071487	0.526369680061732	2.19722457733622	1.0986122886681098	4.912654885736052	8	2	136
Homo_sapiens	Homo_sapiens	Homo sapiens	0.7586391978787294	0.803217556686287	0.0	1.0986122886681098	6.030685260261263	0	2	416
Hyalella_azteca	Hyalella_azteca	Hyalella azteca	0.8682865811835632	0.6457303575053701	4.110873864173311	3.1354942159291497	6.51025834052315	60	22	672
Hyaloscypha_bicolor_E	Meliniomyces_bicolor	Hyaloscypha bicolor	0.8546671006932405	0.6105949182345501	0.6931471805599453	1.0986122886681098	5.241747015059643	1	2	189
Hydra_vulgaris	Hydra_vulgaris	Hydra vulgaris	0.9139854033041884	0.5706561743233453	4.007333185232471	2.079441541679836	7.45298232946546	54	7	1725
Hylobates_moloch	Hylobates_moloch	Hylobates moloch	0.7588545454879911	0.7972906944772487	0.0	1.3862943611198906	6.025865973825314	0	3	414
Hyposmocoma_kahamanoa	Hyposmocoma_kahamanoa	Hyposmocoma kahamanoa	0.8576250822664697	0.6939024786492382	4.04305126783455	3.4011973816621555	7.351799869057777	56	29	1559
Ichthyophthirius_multifiliis	Ichthyophthirius_multifiliis	Ichthyophthirius multifiliis	0.9486876146311476	0.1325581395348837	0.0	0.0	0.6931471805599453	0	0	2
Ictalurus_punctatus	Ictalurus_punctatus	Ictalurus punctatus	0.8819877110717724	0.6355344513779612	2.5649493574615367	2.3978952727983707	6.70196036600254	12	10	814
Ictidomys_tridecemlineatus	Ictidomys_tridecemlineatus	Ictidomys tridecemlineatus	0.7811898162775647	0.7705687264010824	1.3862943611198906	0.6931471805599453	5.755742213586912	3	1	316
Ipomoea_nil	Ipomoea_nil	Ipomoea nil	0.9040033616954236	0.6198029152765561	3.4011973816621555	2.5649493574615367	7.193685818395112	29	12	1331
Ipomoea_triloba	Ipomoea_triloba	Ipomoea triloba	0.9066146591196628	0.6084069832821712	3.4339872044851463	2.833213344056216	7.165493475060845	30	16	1294
Ixodes_scapularis	Ixodes_scapularis	Ixodes scapularis	0.9013977246762468	0.6075703364573499	3.1780538303479458	2.19722457733622	7.168579897264035	23	8	1298
Jaculus_jaculus	Jaculus_jaculus	Jaculus jaculus	0.7848705533488716	0.7896295424638088	1.0986122886681098	1.6094379124341005	6.063785208687608	2	4	430
Jatropha_curcas	Jatropha_curcas	Jatropha curcas	0.8963278697472521	0.590627662858236	2.5649493574615367	1.0986122886681098	6.395261598115449	12	2	599
Juglans_regia	Juglans_regia	Juglans regia	0.9009002368944216	0.6048416017912389	3.218875824868201	0.6931471805599453	6.796823718274855	24	1	895
Kazachstania_africana_CBS_2517	Kazachstania_africana	Kazachstania africana	0.9601596580807626	0.2472999779590037	0.0	0.0	2.5649493574615367	0	0	13
Kazachstania_naganishii_CBS_8797	Kazachstania_naganishii	Kazachstania naganishii	0.9613781467585052	0.2725925925925926	0.0	0.6931471805599453	3.044522437723423	0	1	21
Kluyveromyces_lactis	Kluyveromyces_lactis	Kluyveromyces lactis	0.8497511372532974	0.2241379310344827	0.0	0.0	0.6931471805599453	0	0	2
Kluyveromyces_marxianus_DMKU3-1042	Kluyveromyces_marxianus	Kluyveromyces marxianus	0.9479974186955258	0.1666666666666666	0.0	0.0	1.0986122886681098	0	0	3
Kryptolebias_marmoratus	Kryptolebias_marmoratus	Kryptolebias marmoratus	0.8523551931748367	0.6842309269621051	4.04305126783455	2.3978952727983707	6.6293632534374485	56	10	757
Kwoniella_mangroviensis_CBS_8507	Kwoniella_mangrovensis	Kwoniella mangroviensis	0.998363672593813	0.0238095238095238	0.0	0.0	0.6931471805599453	0	0	2
Kwoniella_shandongensis	Kwoniella_shandongensis	Kwoniella shandongensis	0.8890005163290284	0.4292527821939587	0.6931471805599453	0.0	2.70805020110221	1	0	15
Labrus_bergylta	Labrus_bergylta	Labrus bergylta	0.8981904248414252	0.6074329980388641	5.093750200806762	2.8903717578961645	6.835184586147301	162	17	930
Laccaria_bicolor_S238N-H82	Laccaria_bicolor	Laccaria bicolor	0.8938368014060307	0.5552792022640936	3.6635616461296463	1.0986122886681098	6.001414877961151	38	2	404
Lacerta_agilis	Lacerta_agilis	Lacerta agilis	0.8628089020522715	0.6886572227083784	3.970291913552122	3.4657359027997265	6.97914527506881	52	31	1074
Lachancea_lanzarotensis	Lachancea_lanzarotensis	Lachancea lanzarotensis	0.8189555018403104	0.2450980392156862	0.0	0.0	0.6931471805599453	0	0	2
Lachancea_thermotolerans_CBS_6340	Lachancea_thermotolerans	Lachancea thermotolerans	0.8228656036245172	0.3771186440677966	0.0	0.0	1.3862943611198906	0	0	4
Lachnellula_hyalina	Lachnellula_hyalina	Lachnellula hyalina	0.8203395780145872	0.5479195885928003	0.0	0.0	3.1354942159291497	0	0	23
Lactuca_sativa	Lactuca_sativa	Lactuca sativa	0.8847598840820818	0.6598701846762001	2.19722457733622	1.9459101490553128	7.13966033596492	8	6	1261
Lagenorhynchus_obliquidens	Lagenorhynchus_obliquidens	Lagenorhynchus obliquidens	0.799420214177904	0.7509721887277151	0.6931471805599453	0.6931471805599453	5.793013608384144	1	1	328
Larimichthys_crocea	Larimichthys_crocea	Larimichthys crocea	0.886995669717934	0.6229642544036174	4.564348191467836	2.079441541679836	6.478509642208569	95	7	651
Latimeria_chalumnae	Latimeria_chalumnae	Latimeria chalumnae	0.8427562743674112	0.732639515484407	4.382026634673881	3.295836866004329	7.087573705557973	79	26	1197
Leishmania_braziliensis_MHOM_BR_75_M2904	Leishmania_braziliensis	Leishmania braziliensis	0.9061006143261402	0.5018311230988237	2.19722457733622	0.0	5.010635294096256	8	0	150
Leishmania_donovani	Leishmania_donovani	Leishmania donovani	0.8750982636718635	0.5459834997828918	1.0986122886681098	0.0	4.990432586778736	2	0	147
Leishmania_infantum_JPCM5	Leishmania_infantum	Leishmania infantum	0.9001548109141205	0.5037322509321551	1.3862943611198906	0.6931471805599453	4.897839799950911	3	1	134
Leishmania_major_strain_Friedlin	Leishmania_major	Leishmania major	0.9144876917448238	0.4846983910503327	1.9459101490553128	0.6931471805599453	4.7535901911063645	6	1	116
Leishmania_mexicana_MHOM_GT_2001_U1103	Leishmania_mexicana	Leishmania mexicana	0.9010347182496352	0.5222782881469863	1.6094379124341005	0.6931471805599453	4.8283137373023015	4	1	125
Leishmania_panamensis	Leishmania_panamensis	Leishmania panamensis	0.9025824673965098	0.5026321592753221	1.0986122886681098	0.0	4.61512051684126	2	0	101
Lepidothrix_coronata	Lepidothrix_coronata	Lepidothrix coronata	0.7859560345920336	0.7212022844590629	1.6094379124341005	0.6931471805599453	4.736198448394496	4	1	114
Lepisosteus_oculatus	Lepisosteus_oculatus	Lepisosteus oculatus	0.8518691134849978	0.67144557369749	3.4657359027997265	1.6094379124341005	6.345636360828596	31	4	570
Leptinotarsa_decemlineata	Leptinotarsa_decemlineata	Leptinotarsa decemlineata	0.8869482253742134	0.6527987973771672	4.343805421853684	2.302585092994046	7.32052696227274	76	9	1511
Leptomonas_pyrrhocoris	Leptomonas_pyrrhocoris	Leptomonas pyrrhocoris	0.9399934335262397	0.3489005235602094	0.6931471805599453	0.6931471805599453	3.218875824868201	1	1	25
Leptonychotes_weddellii	Leptonychotes_weddellii	Leptonychotes weddellii	0.7707543346512581	0.7775548380561683	0.0	1.6094379124341005	5.680172609017068	0	4	293
Leptosomus_discolor	Leptosomus_discolor	Leptosomus discolor	0.7722783990203498	0.7161290860712826	1.9459101490553128	0.0	4.343805421853684	6	0	77
Leptosphaeria_maculans_JN3	Leptosphaeria_maculans	Leptosphaeria maculans	0.7801830309155994	0.6755134686737165	2.4849066497880004	1.3862943611198906	4.110873864173311	11	3	61
Limulus_polyphemus	Limulus_polyphemus	Limulus polyphemus	0.8607522173615534	0.665374397467615	3.044522437723423	2.19722457733622	6.234410725718371	20	8	510
Lindgomyces_ingoldianus	Lindgomyces_ingoldianus	Lindgomyces ingoldianus	0.8056570603060019	0.694648967614124	0.0	0.6931471805599453	4.919980925828125	0	1	137
Linepithema_humile	Linepithema_humile	Linepithema humile	0.9281460249946076	0.492700215240261	3.713572066704308	1.791759469228055	5.700443573390687	40	5	299
Lingula_anatina	Lingula_anatina	Lingula anatina	0.8998925283910996	0.5951980391293038	3.610917912644224	2.772588722239781	6.447305862541213	36	15	631
Loa_loa	Loa_loa	Loa loa	0.9155359314236272	0.4883242980964914	0.0	0.6931471805599453	4.820281565605037	0	1	124
Lobosporangium_transversale	Lobosporangium_transversale	Lobosporangium transversale	0.9206851058027652	0.495859643660108	3.295836866004329	2.079441541679836	5.365976015021851	26	7	214
Lodderomyces_elongisporus_NRRL_YB-4239	Lodderomyces_elongisporus	Lodderomyces elongisporus	0.6869003674934102	0.4912280701754385	0.6931471805599453	0.0	1.3862943611198906	1	0	4
Lonchura_striata_domestica	Lonchura_striata	Lonchura striata	0.8010329846563988	0.6990505281341659	0.0	1.3862943611198906	4.912654885736052	0	3	136
Lontra_canadensis	Lontra_canadensis	Lontra canadensis	0.7488560890186946	0.8078841561224746	1.0986122886681098	0.6931471805599453	5.545177444479562	2	1	256
Lottia_gigantea	Lottia_gigantea	Lottia gigantea	0.8658844622450915	0.6455785208203426	3.4011973816621555	1.6094379124341005	6.293419278846481	29	4	541
Loxodonta_africana	Loxodonta_africana	Loxodonta africana	0.8020681158690202	0.7584042212453114	0.0	1.6094379124341005	5.828945617610208	0	4	340
Lucilia_cuprina	Lucilia_cuprina	Lucilia cuprina	0.8871879444312712	0.6417691613618265	3.4011973816621555	1.0986122886681098	6.803505257608338	29	2	901
Lupinus_angustifolius	Lupinus_angustifolius	Lupinus angustifolius	0.8986917703863296	0.6126098955555538	2.19722457733622	0.0	6.810142450115136	8	0	907
Lynx_canadensis	Lynx_canadensis	Lynx canadensis	0.7661457854735091	0.796388045775238	0.0	1.3862943611198906	5.648974238161206	0	3	284
Macaca_fascicularis	Macaca_fascicularis	Macaca fascicularis	0.750340586031687	0.806492211019925	1.791759469228055	0.6931471805599453	6.059123195581797	5	1	428
Macaca_mulatta	Macaca_mulatta	Macaca mulatta	0.7722998917893119	0.7986205806426157	0.6931471805599453	1.0986122886681098	6.118097198041348	1	2	454
Macaca_nemestrina	Macaca_nemestrina	Macaca nemestrina	0.7660719468334831	0.8000784093690002	0.6931471805599453	0.0	6.061456918928017	1	0	429
Macroventuria_anomochaeta	Macroventuria_anomochaeta	Macroventuria anomochaeta	0.8765372757677853	0.512323464047602	1.0986122886681098	0.0	3.610917912644224	2	0	37
Malus_domestica	Malus_domestica	Malus domestica	0.8667279311753748	0.669159537773317	2.8903717578961645	2.4849066497880004	6.52649485957079	17	11	683
Manacus_vitellinus	Manacus_vitellinus	Manacus vitellinus	0.7488557933344585	0.7464401616920289	0.0	0.0	4.804021044733257	0	0	122
Mandrillus_leucophaeus	Mandrillus_leucophaeus	Mandrillus leucophaeus	0.7662254910721532	0.800827103610016	1.0986122886681098	0.6931471805599453	6.131226489483141	2	1	460
Manduca_sexta	Manduca_sexta	Manduca sexta	0.8347152758646871	0.7036779045909384	3.610917912644224	2.70805020110221	6.251903883165888	36	14	519
Manihot_esculenta	Manihot_esculenta	Manihot esculenta	0.8535435639541056	0.6822692969328743	1.9459101490553128	1.6094379124341005	6.416732282512326	6	4	612
Manis_javanica	Manis_javanica	Manis javanica	0.8277546765238253	0.70171394746433	2.995732273553991	0.6931471805599453	5.834810737062605	19	1	342
Marmota_flaviventris	Marmota_flaviventris	Marmota flaviventris	0.7758197763113327	0.7886095517974903	1.9459101490553128	1.9459101490553128	5.932245187448011	6	6	377
Marmota_marmota_marmota	Marmota_marmota	Marmota marmota	0.7779536306454634	0.7809807976250482	1.6094379124341005	2.19722457733622	5.908082938168931	4	8	368
Mastacembelus_armatus	Mastacembelus_armatus	Mastacembelus armatus	0.8844940658423471	0.6086977118961496	3.4657359027997265	2.833213344056216	6.248042874508429	31	16	517
Mastomys_coucha	Mastomys_coucha	Mastomys coucha	0.8256902894028083	0.7320489019117886	1.6094379124341005	0.0	6.107022887742255	4	0	449
Maylandia_zebra	Maylandia_zebra	Maylandia zebra	0.904264376555078	0.6051697939624491	4.969813299576001	4.127134385045092	7.042286171939743	143	61	1144
Medicago_truncatula	Medicago_truncatula	Medicago truncatula	0.9200833519972342	0.5636728285377912	2.3978952727983707	0.6931471805599453	6.925595197110468	10	1	1018
Megachile_rotundata	Megachile_rotundata	Megachile rotundata	0.8705489570298185	0.6036017715957431	3.4657359027997265	1.0986122886681098	5.8805329864007	31	2	358
Megalopta_genalis	Megalopta_genalis	Megalopta genalis	0.8686316935870436	0.6661707426547583	3.713572066704308	3.044522437723423	6.559615237493242	40	20	706
Meira_miltonrushii	Meira_miltonrushii	Meira miltonrushii	0.9483856846292728	0.2382920110192837	0.0	0.0	1.791759469228055	0	0	6
Melampsora_larici-populina_98AG31	Melampsora_laricis-populina	Melampsora larici-populina	0.9408906757893802	0.4657890142435329	2.079441541679836	1.791759469228055	6.400257445308821	7	5	602
Melanaphis_sacchari	Melanaphis_sacchari	Melanaphis sacchari	0.828091885096553	0.6852211267136998	2.079441541679836	1.0986122886681098	5.159055299214529	7	2	174
Meleagris_gallopavo	Meleagris_gallopavo	Meleagris gallopavo	0.7956645738273114	0.7390196490505333	2.9444389791664403	1.0986122886681098	5.293304824724492	18	2	199
Melopsittacus_undulatus	Melopsittacus_undulatus	Melopsittacus undulatus	0.8046219487727443	0.7121668270956313	2.6390573296152584	1.3862943611198906	4.875197323201151	13	3	131
Meriones_unguiculatus	Meriones_unguiculatus	Meriones unguiculatus	0.8287327696066779	0.7315306651855611	1.9459101490553128	1.6094379124341005	6.054439346269371	6	4	426
Merops_nubicus	Merops_nubicus	Merops nubicus	0.783270487228109	0.7189230916019154	0.0	1.0986122886681098	4.5217885770490405	0	2	92
Mesitornis_unicolor	Mesitornis_unicolor	Mesitornis unicolor	0.788914664982539	0.7047806817951374	1.0986122886681098	1.791759469228055	4.727387818712341	2	5	113
Mesocricetus_auratus	Mesocricetus_auratus	Mesocricetus auratus	0.8223514780962741	0.74184563705425	0.6931471805599453	0.6931471805599453	6.1224928095143865	1	1	456
Metarhizium_acridum_CQMa_102	Metarhizium_anisopliae	Metarhizium acridum	0.9171581305798836	0.450198761811665	0.0	0.6931471805599453	4.499809670330265	0	1	90
Metarhizium_brunneum_ARSEF_3297	Metarhizium_anisopliae	Metarhizium brunneum	0.8757117518992406	0.5073170731707317	0.6931471805599453	0.0	3.713572066704308	1	0	41
Metarhizium_majus_ARSEF_297	Metarhizium_majus	Metarhizium majus	0.9124050027612596	0.4763097847971008	1.791759469228055	1.0986122886681098	4.343805421853684	5	2	77
Metschnikowia_bicuspidata_var._bicuspidata_NRRL_YB-4993	Metschnikowia_bicuspidata	Metschnikowia bicuspidata	0.7384030245042988	0.5585347432024169	0.0	0.0	2.079441541679836	0	0	8
Microcaecilia_unicolor	Microcaecilia_unicolor	Microcaecilia unicolor	0.8751117246535025	0.6903319125902793	4.0943445622221	3.713572066704308	7.311218384419629	59	40	1497
Microcebus_murinus	Microcebus_murinus	Microcebus murinus	0.7967182231440819	0.7593207425371236	1.9459101490553128	1.9459101490553128	6.016157159698354	6	6	410
Micromonas_commoda	Micromonas_commoda	Micromonas commoda	0.9276534085530932	0.3269312846777635	0.6931471805599453	0.0	2.3978952727983707	1	0	11
Micromonas_pusilla_CCMP1545	Micromonas_pusilla	Micromonas pusilla	0.5713359604137878	0.7685397391279745	1.0986122886681098	0.6931471805599453	2.8903717578961645	2	1	18
Microplitis_demolitor	Microplitis_demolitor	Microplitis demolitor	0.8960940853935623	0.6065553442937603	2.9444389791664403	1.6094379124341005	6.816735880594968	18	4	913
Microsporum_canis_CBS_113480	Microsporum_canis	Microsporum canis	0.9381237207594696	0.2832460732984293	0.0	0.0	2.302585092994046	0	0	10
Microtus_ochrogaster	Microtus_ochrogaster	Microtus ochrogaster	0.8240663008225858	0.7385596849242547	0.6931471805599453	1.6094379124341005	6.248042874508429	1	4	517
Miniopterus_natalensis	Miniopterus_natalensis	Miniopterus natalensis	0.7956673705086585	0.7564038397648601	1.0986122886681098	0.0	5.877735781779639	2	0	357
Mirounga_leonina	Mirounga_leonina	Mirounga leonina	0.7837702289832781	0.7736890704825476	0.0	1.0986122886681098	5.683579767338681	0	2	294
Mixia_osmundae_IAM_14324	Mixia_osmundae	Mixia osmundae	0.9352691398683568	0.1486486486486486	0.6931471805599453	0.0	0.6931471805599453	1	0	2
Mizuhopecten_yessoensis	Mizuhopecten_yessoensis	Mizuhopecten yessoensis	0.8735945339703954	0.6510071346646708	3.610917912644224	2.079441541679836	6.647688373563329	36	7	771
Momordica_charantia	Momordica_charantia	Momordica charantia	0.9050266444386824	0.5863361934416375	2.19722457733622	1.6094379124341005	6.714170529909472	8	4	824
Moniliophthora_perniciosa_FA553	Moniliophthora_perniciosa	Moniliophthora perniciosa	0.9045481658763282	0.4373438527284681	1.9459101490553128	0.0	3.6635616461296463	6	0	39
Moniliophthora_roreri_MCA_2997	Moniliophthora_roreri	Moniliophthora roreri	0.9302718907570456	0.4273450799768408	2.19722457733622	0.0	4.574710978503383	8	0	97
Monodelphis_domestica	Monodelphis_domestica	Monodelphis domestica	0.7958225911482405	0.7815586637504548	2.302585092994046	2.70805020110221	6.525029657843462	9	14	682
Monodon_monoceros	Monodon_monoceros	Monodon monoceros	0.8015431589609651	0.7489136244789386	1.0986122886681098	1.3862943611198906	5.860786223465865	2	3	351
Monomorium_pharaonis	Monomorium_pharaonis	Monomorium pharaonis	0.9097979756297444	0.5488225605731203	3.218875824868201	1.3862943611198906	6.045005314036012	24	3	422
Monopterus_albus	Monopterus_albus	Monopterus albus	0.909572674597414	0.5834753198160912	3.784189633918261	2.3978952727983707	6.761572768804055	43	10	864
Monoraphidium_neglectum	Monoraphidium_neglectum	Monoraphidium neglectum	0.8389579504471214	0.5599192880241601	1.6094379124341005	1.3862943611198906	3.5263605246161616	4	3	34
Morus_notabilis	Morus_notabilis	Morus notabilis	0.8609257035567179	0.6651490675132566	2.079441541679836	1.0986122886681098	6.369900982828227	7	2	584
Mus_caroli	Mus_caroli	Mus caroli	0.8347613022807663	0.7210410032735816	0.0	0.6931471805599453	6.066108090103747	0	1	431
Mus_musculus	Mus_musculus	Mus musculus	0.8246085689186617	0.7453675167304976	1.9459101490553128	2.302585092994046	6.320768294250582	6	9	556
Mus_pahari	Mus_pahari	Mus pahari	0.8324565872814134	0.7267855804553289	1.0986122886681098	1.0986122886681098	6.16541785423142	2	2	476
Musa_acuminata_subsp._malaccensis	Musa_acuminata	Musa acuminata	0.8612764253461286	0.6600597428325402	2.833213344056216	2.079441541679836	6.349138991379798	16	7	572
Musca_domestica	Musca_domestica	Musca domestica	0.806264633413885	0.7760486661102747	3.044522437723423	2.19722457733622	6.363028103540465	20	8	580
Mustela_erminea	Mustela_erminea	Mustela erminea	0.7362040385067464	0.8042833655911485	1.3862943611198906	1.0986122886681098	5.572154032177765	3	2	263
Mustela_putorius_furo	Mustela_putorius	Mustela putorius	0.7735248030757721	0.778783509847497	1.0986122886681098	0.0	5.556828061699537	2	0	259
Myotis_brandtii	Myotis_brandtii	Myotis brandtii	0.7807229268507272	0.7767620419581344	3.4657359027997265	2.9444389791664403	6.144185634125646	31	18	466
Myotis_davidii	Myotis_davidii	Myotis davidii	0.7930598143568953	0.7613421628402804	3.295836866004329	3.044522437723423	6.163314804034641	26	20	475
Myripristis_murdjan	Myripristis_murdjan	Myripristis murdjan	0.907404445643228	0.5890295080845759	4.8283137373023015	3.1354942159291497	6.807934943699926	124	22	905
Mytilinidion_resinicola	Mytilinidion_resinicola	Mytilinidion resinicola	0.891085823867958	0.5001063204372898	0.6931471805599453	0.0	3.8501476017100575	1	0	47
Myzus_persicae	Myzus_persicae	Myzus persicae	0.8461193626721838	0.6615147769497537	1.6094379124341005	0.6931471805599453	5.855071922202427	4	1	349
Nannizzia_gypsea_CBS_118893	Nannizzia_gypsea	Nannizzia gypsea	0.9744973737925336	0.1565217391304348	0.6931471805599453	0.0	1.6094379124341005	1	0	5
Nannochloropsis_gaditana_CCMP526	Nannochloropsis_gaditana	Nannochloropsis gaditana	0.9014678889868804	0.417976046588287	0.0	0.0	2.9444389791664403	0	0	19
Nannospalax_galili	Nannospalax_galili_-species_in_domain_Eukaryota	Nannospalax galili	0.7647576224056197	0.8110236484160575	0.6931471805599453	0.0	6.1224928095143865	1	0	456
Nanorana_parkeri	Nanorana_parkeri	Nanorana parkeri	0.8963622056316021	0.6414720628519761	3.871201010907891	3.4339872044851463	7.334329350300536	47	30	1532
Nasonia_vitripennis	Nasonia_vitripennis	Nasonia vitripennis	0.778567552611527	0.6965510996755546	3.332204510175204	2.079441541679836	6.1675164908883415	27	7	477
Naumovozyma_dairenensis_CBS_421	Naumovozyma_dairenensis	Naumovozyma dairenensis	0.920318154520813	0.4028945737806497	1.791759469228055	0.0	3.258096538021482	5	0	26
Necator_americanus	Necator_americanus	Necator americanus	0.8273705576683965	0.7118749531794065	1.3862943611198906	0.6931471805599453	5.820082930352362	3	1	337
Nelumbo_nucifera	Nelumbo_nucifera	Nelumbo nucifera	0.906225493990371	0.6126329225329311	1.791759469228055	0.6931471805599453	7.116394144093465	5	1	1232
Nematostella_vectensis	Nematostella_vectensis	Nematostella vectensis	0.860149658057219	0.6470158049486588	4.060443010546419	1.791759469228055	5.926926025970411	57	5	375
Neodiprion_lecontei	Neodiprion_lecontei	Neodiprion lecontei	0.9130263028769042	0.5282565384058867	2.302585092994046	1.0986122886681098	5.966146739123692	9	2	390
Neofusicoccum_parvum_UCRNP2	Neofusicoccum_parvum	Neofusicoccum parvum	0.8422326383419695	0.552173191771732	0.6931471805599453	0.0	4.189654742026425	1	0	66
Neolamprologus_brichardi	Neolamprologus_brichardi	Neolamprologus brichardi	0.8941569293135406	0.6168264764432647	4.276666119016055	2.3978952727983707	6.646390514847729	71	10	770
Neomonachus_schauinslandi	Neomonachus_schauinslandi	Neomonachus schauinslandi	0.7679504612145828	0.7815950174840499	0.6931471805599453	1.6094379124341005	5.730099782973574	1	4	308
Neopelma_chrysocephalum	Neopelma_chrysocephalum	Neopelma chrysocephalum	0.778113821265028	0.7375863254874653	1.0986122886681098	0.6931471805599453	5.135798437050262	2	1	170
Neophocaena_asiaeorientalis_asiaeorientalis	Neophocaena_asiaeorientalis	Neophocaena asiaeorientalis	0.7972681647999256	0.7530729601566637	1.6094379124341005	0.0	5.83773044716594	4	0	343
Neospora_caninum_Liverpool	Neospora_caninum	Neospora caninum	0.9401486299788888	0.3866590847281628	0.6931471805599453	0.0	4.007333185232471	1	0	55
Nestor_notabilis	Nestor_notabilis	Nestor notabilis	0.7822929264257886	0.7028175733947828	0.0	0.6931471805599453	4.406719247264253	0	1	82
Neurospora_crassa_OR74A	Neurospora_crassa	Neurospora crassa	0.9214362932567908	0.4433884155504941	0.6931471805599453	0.0	4.59511985013459	1	0	99
Neurospora_tetrasperma_FGSC_2508	Neurospora_tetrasperma	Neurospora tetrasperma	0.946615861740978	0.3611229756184374	0.0	0.6931471805599453	4.0943445622221	0	1	60
Nicotiana_attenuata	Nicotiana_attenuata	Nicotiana attenuata	0.8825591369199544	0.6669153415563176	2.833213344056216	0.6931471805599453	7.285506548522785	16	1	1459
Nicotiana_sylvestris	Nicotiana_sylvestris	Nicotiana sylvestris	0.8957551905693296	0.6418577968739064	3.091042453358316	1.0986122886681098	7.282073658093465	21	2	1454
Nicotiana_tabacum	Nicotiana_tabacum	Nicotiana tabacum	0.8566792090867467	0.6986041072874062	1.9459101490553128	0.0	6.932447891572509	6	0	1025
Nicotiana_tomentosiformis	Nicotiana_tomentosiformis	Nicotiana tomentosiformis	0.8805620484896488	0.6642537534904407	2.3978952727983707	0.6931471805599453	7.1049654482698426	10	1	1218
Nicrophorus_vespilloides	Nicrophorus_vespilloides	Nicrophorus vespilloides	0.8715696507290291	0.6268715077464142	2.70805020110221	0.6931471805599453	5.808142489980444	14	1	333
Nilaparvata_lugens	Nilaparvata_lugens	Nilaparvata lugens	0.8805120788523355	0.6675384943930293	4.820281565605037	3.5263605246161616	7.175489713624222	123	33	1307
Nipponia_nippon	Nipponia_nippon	Nipponia nippon	0.8040348084689866	0.6869068742929698	0.0	0.0	4.465908118654584	0	0	87
Nomascus_leucogenys	Nomascus_leucogenys	Nomascus leucogenys	0.7537136218964328	0.7986735893975435	0.0	1.3862943611198906	5.950642552587727	0	3	384
Nomia_melanderi	Nomia_melanderi	Nomia melanderi	0.7978376837802208	0.7417809313524727	3.8918202981106265	2.079441541679836	5.966146739123692	48	7	390
Nosema_ceranae	Nosema_ceranae	Nosema ceranae	0.879910365086183	0.4349551414768806	0.0	0.0	3.332204510175204	0	0	28
Nosema_ceranae_BRL01	Nosema_ceranae	Nosema ceranae	0.9532091470381048	0.3545246881040239	1.0986122886681098	0.0	4.499809670330265	2	0	90
Notechis_scutatus	Notechis_scutatus	Notechis scutatus	0.8387671771333816	0.7157814154444512	4.02535169073515	2.4849066497880004	6.733401891837359	55	11	840
Nothobranchius_furzeri	Nothobranchius_furzeri	Nothobranchius furzeri	0.9058077623687664	0.6076393068184062	4.787491742782046	4.189654742026425	7.215239978730097	119	65	1360
Nothoprocta_perdicaria	Nothoprocta_perdicaria	Nothoprocta perdicaria	0.8424479569267888	0.5927849522076634	0.0	0.0	3.912023005428146	0	0	50
Notolabrus_celidotus	Notolabrus_celidotus	Notolabrus celidotus	0.9093278805545316	0.5868619385494721	4.02535169073515	3.784189633918261	6.807934943699926	55	43	905
Notothenia_coriiceps	Notothenia_coriiceps	Notothenia coriiceps	0.9133712250296108	0.5693447587913737	5.631211781821365	3.610917912644224	6.957497370876951	278	36	1051
Numida_meleagris	Numida_meleagris	Numida meleagris	0.8012202317753798	0.7079327407014803	1.0986122886681098	1.0986122886681098	4.812184355372417	2	2	123
Nylanderia_fulva	Nylanderia_fulva	Nylanderia fulva	0.899562725735015	0.6011278276340429	4.90527477843843	3.295836866004329	6.699500340161678	134	26	812
Nymphaea_colorata	Nymphaea_colorata	Nymphaea colorata	0.912661570925009	0.5791630644084447	3.7612001156935615	1.3862943611198906	6.805722553416985	42	3	903
Ochotona_princeps	Ochotona_princeps	Ochotona princeps	0.6976255788689858	0.8311682886395397	1.3862943611198906	0.6931471805599453	5.605802066295998	3	1	272
Octodon_degus	Octodon_degus	Octodon degus	0.7831302043083068	0.7749678061668354	1.0986122886681098	0.0	5.916202062607435	2	0	371
Octopus_bimaculoides	Octopus_bimaculoides	Octopus bimaculoides	0.798067784776633	0.7745012997408118	2.5649493574615367	1.791759469228055	6.90975328164481	12	5	1002
Octopus_sinensis	Octopus_vulgaris	Octopus sinensis	0.8526461384663356	0.7263358969232496	3.951243718581428	2.772588722239781	7.164720378771857	51	15	1293
Odocoileus_virginianus_texanus	Odocoileus_virginianus	Odocoileus virginianus	0.7950540266474435	0.7717055780147802	0.0	0.6931471805599453	5.877735781779639	0	1	357
Odontomachus_brunneus	Odontomachus_brunneus	Odontomachus brunneus	0.9020506662615588	0.614900855826585	4.189654742026425	2.833213344056216	7.141245122350491	65	16	1263
Olea_europaea_var._sylvestris	Olea_europaea	Olea europaea	0.6041318546251011	0.8046874875918756	0.6931471805599453	0.0	6.740519359606223	1	0	846
Oncorhynchus_kisutch	Oncorhynchus_kisutch	Oncorhynchus kisutch	0.8677360016039277	0.6829264880537388	4.007333185232471	3.5263605246161616	7.047517221357296	54	33	1150
Oncorhynchus_mykiss	Oncorhynchus_mykiss_-species_in_domain_Eukaryota	Oncorhynchus mykiss	0.8652633368885662	0.6805733220498634	3.555348061489413	2.9444389791664403	6.630683385642372	34	18	758
Oncorhynchus_tshawytscha	Oncorhynchus_tshawytscha	Oncorhynchus tshawytscha	0.8785265949142852	0.6629874507988374	3.828641396489095	3.4657359027997265	7.168579897264035	45	31	1298
Ooceraea_biroi	Ooceraea_biroi	Ooceraea biroi	0.9060717403746968	0.5647601318870414	3.8918202981106265	3.6375861597263857	6.008813185442595	48	37	407
Opisthocomus_hoazin	Opisthocomus_hoazin	Opisthocomus hoazin	0.8158248090119621	0.6789056510926055	1.791759469228055	0.6931471805599453	4.691347882229144	5	1	109
Opisthorchis_viverrini	Opisthorchis_viverrini	Opisthorchis viverrini	0.8233129062272562	0.6959947600247114	0.0	0.0	5.755742213586912	0	0	316
Orbicella_faveolata	Orbicella_faveolata	Orbicella faveolata	0.9106558181694282	0.591930791763402	4.02535169073515	1.9459101490553128	7.144407180321139	55	6	1267
Oreochromis_aureus	Oreochromis_aureus	Oreochromis aureus	0.8912056332993952	0.6184786728613016	4.290459441148391	2.079441541679836	6.813444599510896	72	7	910
Oreochromis_niloticus	Oreochromis_niloticus	Oreochromis niloticus	0.9001078291777335	0.6056619441355855	4.48863636973214	3.332204510175204	6.689599269178967	88	27	804
Ornithorhynchus_anatinus	Ornithorhynchus_anatinus	Ornithorhynchus anatinus	0.7707259985442916	0.8080768624963576	0.0	0.0	6.059123195581797	0	0	428
Orussus_abietinus	Orussus_abietinus	Orussus abietinus	0.8559393346589496	0.6421363174242414	2.3978952727983707	2.19722457733622	6.056784013228625	10	8	427
Orycteropus_afer_afer	Orycteropus_afer	Orycteropus afer	0.7921144442192909	0.7790094934106346	1.791759469228055	1.791759469228055	5.996452088619021	5	5	402
Oryctolagus_cuniculus	Oryctolagus_cuniculus	Oryctolagus cuniculus	0.6764410752759561	0.854760133474206	1.0986122886681098	0.6931471805599453	5.424950017481403	2	1	227
Oryza_brachyantha	Oryza_brachyantha	Oryza brachyantha	0.8557669866160778	0.6572455040382056	1.3862943611198906	0.0	6.2878585601617845	3	0	538
Oryza_sativa_Japonica_Group	Oryza_sativa	Oryza sativa	0.8912775627163051	0.6054062061706876	2.19722457733622	1.791759469228055	6.490723534502507	8	5	659
Oryzias_latipes	Oryzias_latipes	Oryzias latipes	0.8445974244460139	0.6812557623327334	3.49650756146648	3.218875824868201	6.568077911411976	32	24	712
Oryzias_melastigma	Oryzias_melastigma	Oryzias melastigma	0.8784312003054481	0.6561389071203962	3.332204510175204	2.3978952727983707	6.994849985833071	27	10	1091
Osmia_bicornis_bicornis	Osmia_bicornis	Osmia bicornis	0.9039506946056682	0.5635566797764351	4.330733340286331	2.079441541679836	6.386879319362645	75	7	594
Osmia_lignaria	Osmia_lignaria	Osmia lignaria	0.8683873923591567	0.5634354558717213	3.367295829986474	1.0986122886681098	5.272999558563747	28	2	195
Ostreococcus_tauri	Ostreococcus_tauri	Ostreococcus tauri	0.939774090825372	0.3270022883295194	1.791759469228055	0.0	2.9444389791664403	5	0	19
Ostrinia_furnacalis	Ostrinia_furnacalis	Ostrinia furnacalis	0.8839975112609618	0.6531186671527485	5.545177444479562	4.762173934797756	6.961296045910167	255	116	1055
Otolemur_garnettii	Otolemur_garnettii	Otolemur garnettii	0.7701312965171471	0.8007093566024317	0.6931471805599453	1.791759469228055	6.095824562432225	1	5	444
Ovis_aries	Ovis_aries	Ovis aries	0.8043273877181293	0.7699308295450197	1.3862943611198906	2.4849066497880004	6.035481432524756	3	11	418
Pan_paniscus	Pan_paniscus	Pan paniscus	0.7616087456094905	0.7960520483910375	0.0	1.0986122886681098	5.966146739123692	0	2	390
Pan_troglodytes	Pan_troglodytes	Pan troglodytes	0.7461210398088497	0.8124433187586482	0.6931471805599453	1.6094379124341005	6.113682179832232	1	4	452
Pangasianodon_hypophthalmus	Pangasianodon_hypophthalmus	Pangasianodon hypophthalmus	0.8766026782013692	0.6467308204898573	1.9459101490553128	1.791759469228055	6.928537818164665	6	5	1021
Panicum_hallii	Panicum_hallii	Panicum hallii	0.8771476437003757	0.6368945499813592	2.8903717578961645	2.079441541679836	6.558197802812269	17	7	705
Panthera_pardus	Panthera_pardus	Panthera pardus	0.7254119119024457	0.82409322148696	0.6931471805599453	0.0	5.605802066295998	1	0	272
Panthera_tigris_altaica	Panthera_tigris	Panthera tigris	0.7809156875023744	0.7799143773273188	1.0986122886681098	1.0986122886681098	5.739792912179234	2	2	311
Pantherophis_guttatus	Pantherophis_guttatus	Pantherophis guttatus	0.8626107663231023	0.6900615421105752	3.4657359027997265	3.5263605246161616	6.829793737512425	31	33	925
Pantholops_hodgsonii	Pantholops_hodgsonii	Pantholops hodgsonii	0.8032029185490502	0.7698643526275334	0.6931471805599453	1.791759469228055	6.045005314036012	1	5	422
Papaver_somniferum	Papaver_somniferum	Papaver somniferum	0.8620264284168859	0.6817901586709	3.555348061489413	2.302585092994046	7.085064293952548	34	9	1194
Papilio_machaon	Papilio_machaon	Papilio machaon	0.7795385798863971	0.7408042601692363	3.5263605246161616	2.19722457733622	5.564520407322694	33	8	261
Papilio_polytes	Papilio_polytes	Papilio polytes	0.7893805746875864	0.7557833775016309	2.3978952727983707	1.3862943611198906	5.53338948872752	10	3	253
Papilio_xuthus	Papilio_xuthus	Papilio xuthus	0.7145013130769072	0.7846477202782146	3.044522437723423	1.791759469228055	5.648974238161206	20	5	284
Papio_anubis	Papio_anubis	Papio anubis	0.7445025194316126	0.8004540800448847	0.6931471805599453	0.6931471805599453	5.968707559985366	1	1	391
Paracoccidioides_brasiliensis_Pb18	Paracoccidioides_brasiliensis	Paracoccidioides brasiliensis	0.881275347651053	0.5462174205917405	0.6931471805599453	0.0	4.430816798843313	1	0	84
Paracoccidioides_lutzii_Pb01	Paracoccidioides_lutzii	Paracoccidioides lutzii	0.8875263673132728	0.5362703053931124	1.0986122886681098	0.6931471805599453	4.394449154672439	2	1	81
Paralichthys_olivaceus	Paralichthys_olivaceus	Paralichthys olivaceus	0.8514303378164271	0.671591296189074	1.3862943611198906	0.6931471805599453	6.068425588244111	3	1	432
Paramormyrops_kingsleyae	Paramormyrops_kingsleyae	Paramormyrops kingsleyae	0.8933740638470907	0.6152638685762949	3.688879454113936	2.4849066497880004	6.593044534142437	39	11	730
Paraphaeosphaeria_sporulosa	Paraconiothyrium_sporulosum	Paraphaeosphaeria sporulosa	0.9549432136346326	0.3181385281385281	0.0	0.0	3.784189633918261	0	0	44
Parastagonospora_nodorum_SN15	Parastagonospora_nodorum	Parastagonospora nodorum	0.8857843815092791	0.49244901398955	1.6094379124341005	0.6931471805599453	3.5263605246161616	4	1	34
Parasteatoda_tepidariorum	Parasteatoda_tepidariorum	Parasteatoda tepidariorum	0.8592449322866718	0.6778565918700951	4.330733340286331	2.3978952727983707	6.921658184151129	75	10	1014
Parus_major	Parus_major	Parus major	0.8093537622761928	0.6781988117720569	0.0	0.0	4.584967478670572	0	0	98
Pecten_maximus	Pecten_maximus	Pecten maximus	0.8895312138654635	0.6254891852341131	4.143134726391533	2.772588722239781	6.6052979209482015	62	15	739
Pediculus_humanus_corporis	Pediculus_humanus	Pediculus humanus	0.838960890941893	0.6020469874567773	1.3862943611198906	0.6931471805599453	4.110873864173311	3	1	61
Pelecanus_crispus	Pelecanus_crispus	Pelecanus crispus	0.8505865598444942	0.6244613687478824	0.6931471805599453	0.6931471805599453	4.653960350157523	1	1	105
Pelodiscus_sinensis	Pelodiscus_sinensis	Pelodiscus sinensis	0.8786211122610645	0.6760016715958952	3.258096538021482	2.302585092994046	7.0192966537150445	25	9	1118
Penaeus_vannamei	Penaeus_vannamei	Penaeus vannamei	0.6771517088236931	0.7775149104758338	1.0986122886681098	0.6931471805599453	5.484796933490655	2	1	241
Penicilliopsis_zonata_CBS_506.65	Aspergillus_zonatus	Penicilliopsis zonata	0.880266586240265	0.3716996699669967	0.0	0.0	2.079441541679836	0	0	8
Penicillium_arizonense	Penicillium_arizonense	Penicillium arizonense	0.9193044808328936	0.449994861781934	1.3862943611198906	0.0	4.30406509320417	3	0	74
Penicillium_digitatum_Pd1	Penicillium_digitatum	Penicillium digitatum	0.9336609278360208	0.3682940477023151	1.9459101490553128	1.3862943611198906	3.5263605246161616	6	3	34
Penicillium_expansum	Penicillium_expansum	Penicillium expansum	0.9216678008511632	0.4340014992992406	0.6931471805599453	0.0	4.143134726391533	1	0	63
Penicillium_rubens_Wisconsin_54-1255	Penicillium_rubens	Penicillium rubens	0.9622609120278284	0.3031331226945166	0.6931471805599453	0.0	3.8501476017100575	1	0	47
Perca_flavescens	Perca_flavescens	Perca flavescens	0.9185148334496102	0.5789601032165507	5.472270673671475	4.07753744390572	7.416378479192928	237	58	1663
Periophthalmus_magnuspinnatus	Periophthalmus_magnuspinnatus	Periophthalmus magnuspinnatus	0.8683399819411849	0.6820013794317783	3.58351893845611	2.833213344056216	7.005789019253503	35	16	1103
Perkinsus_marinus_ATCC_50983	Perkinsus_marinus	Perkinsus marinus	0.834924302652369	0.6749640753982298	4.158883083359672	1.6094379124341005	6.2878585601617845	63	4	538
Peromyscus_maniculatus_bairdii	Peromyscus_maniculatus	Peromyscus maniculatus	0.8232851291501216	0.7344619016363284	1.791759469228055	1.0986122886681098	6.3080984415095305	5	2	549
Pestalotiopsis_fici_W106-1	Pestalotiopsis_fici	Pestalotiopsis fici	0.8700161090202941	0.4151138716356107	0.0	0.0	2.19722457733622	0	0	9
Petromyzon_marinus	Petromyzon_marinus	Petromyzon marinus	0.8206242023428777	0.7434670376256053	3.1354942159291497	2.5649493574615367	6.29156913955832	22	12	540
Phaeoacremonium_minimum_UCRPA7	Phaeoacremonium_aleophilum	Phaeoacremonium minimum	0.9260000357084172	0.3814381022979985	0.0	0.0	3.218875824868201	0	0	25
Phaeodactylum_tricornutum_CCAP_1055_1	Phaeodactylum_tricornutum	Phaeodactylum tricornutum	0.9362916983717068	0.4102515668439355	2.19722457733622	1.0986122886681098	4.356708826689592	8	2	78
Phaethon_lepturus	Phaethon_lepturus	Phaethon lepturus	0.7389109181677024	0.7427275333638351	1.0986122886681098	0.0	4.406719247264253	2	0	82
Phalacrocorax_carbo	Phalacrocorax_carbo	Phalacrocorax carbo	0.8248880176722856	0.6564184874743558	0.6931471805599453	0.0	4.543294782270004	1	0	94
Phalaenopsis_equestris	Phalaenopsis_equestris	Phalaenopsis equestris	0.8706361536895444	0.6687784463834293	1.791759469228055	0.6931471805599453	6.610696044717759	5	1	743
Phanerochaete_carnosa_HHB-10118-sp	Phanerochaete_carnosa	Phanerochaete carnosa	0.9179841730441674	0.4704456358814712	2.8903717578961645	0.6931471805599453	5.123963979403259	17	1	168
Phascolarctos_cinereus	Phascolarctos_cinereus	Phascolarctos cinereus	0.8063961352959418	0.764145573818213	0.6931471805599453	0.0	6.35088571671474	1	0	573
Phaseolus_vulgaris	Phaseolus_vulgaris	Phaseolus vulgaris	0.8969678270851924	0.6016333074727499	1.791759469228055	1.0986122886681098	6.349138991379798	5	2	572
Phasianus_colchicus	Phasianus_colchicus	Phasianus colchicus	0.7933043746429381	0.7122052799570955	0.0	0.0	4.836281906951478	0	0	126
Phialocephala_scopiformis	Phialocephala_scopiformis	Phialocephala scopiformis	0.8950212822379946	0.4476879453249963	1.3862943611198906	0.0	3.951243718581428	3	0	52
Phialophora_attinorum	Phialophora_attinorum	Phialophora attinorum	0.8723344668724077	0.4128440366972477	0.0	0.0	2.19722457733622	0	0	9
Phoca_vitulina	Phoca_vitulina	Phoca vitulina	0.795456900669145	0.763708851735745	0.6931471805599453	1.791759469228055	5.755742213586912	1	5	316
Phocoena_sinus	Phocoena_sinus	Phocoena sinus	0.7923323699887719	0.7693116613944663	1.6094379124341005	0.6931471805599453	5.886104031450156	4	1	360
Phoenix_dactylifera	Phoenix_dactylifera	Phoenix dactylifera	0.8968042374831785	0.609838766609733	3.044522437723423	0.0	6.679599185844383	20	0	796
Photinus_pyralis	Photinus_pyralis	Photinus pyralis	0.9137986447516696	0.593064307105688	5.198497031265826	3.951243718581428	7.412160334945205	180	51	1656
Phycomyces_blakesleeanus_NRRL_1555_-_	Phycomyces_blakesleeanus	Phycomyces blakesleeanus	0.9223981092553558	0.4788833235736287	1.6094379124341005	1.791759469228055	5.308267697401205	4	5	202
Phyllostomus_discolor	Phyllostomus_discolor	Phyllostomus discolor	0.8086601033442776	0.7368301339669985	0.0	0.6931471805599453	5.8664680569332965	0	1	353
Physcomitrium_patens	Physcomitrella_patens	Physcomitrium patens	0.8347403695888115	0.6633234298685208	1.791759469228055	1.0986122886681098	5.313205979041787	5	2	203
Physeter_catodon	Physeter_catodon	Physeter catodon	0.8323758932471355	0.7112627198068285	1.3862943611198906	0.0	5.934894195619588	3	0	378
Phytophthora_infestans_T30-4	Phytophthora_infestans	Phytophthora infestans	0.8749338222598901	0.6260290827913779	3.828641396489095	2.6390573296152584	6.3835066348840055	45	13	592
Phytophthora_parasitica_INRA-310	Phytophthora_parasitica	Phytophthora parasitica	0.9364958420093262	0.4479339360626995	2.302585092994046	0.0	5.484796933490655	9	0	241
Phytophthora_sojae	Phytophthora_sojae	Phytophthora sojae	0.9345755047459292	0.474841893803938	4.442651256490317	2.19722457733622	6.180016653652572	84	8	483
Pichia_kudriavzevii	Pichia_kudriavzevii	Pichia kudriavzevii	0.923737458942512	0.2998878923766816	0.0	0.0	2.079441541679836	0	0	8
Pichia_membranifaciens_NRRL_Y-2026	Pichia_membranifaciens	Pichia membranifaciens	0.8310203881893575	0.3804081632653061	0.6931471805599453	0.6931471805599453	1.6094379124341005	1	1	5
Picoides_pubescens	Picoides_pubescens	Picoides pubescens	0.7948425079815385	0.7422805894667913	1.3862943611198906	1.3862943611198906	5.402677381872279	3	3	222
Pieris_rapae	Pieris_rapae	Pieris rapae	0.8728159109852413	0.6291604740803795	3.6635616461296463	2.4849066497880004	6.419994928147142	38	11	614
Piliocolobus_tephrosceles	Piliocolobus_tephrosceles	Piliocolobus tephrosceles	0.734279375463942	0.8183372067074943	1.6094379124341005	1.0986122886681098	5.937536205082426	4	2	379
Pipra_filicauda	Pipra_filicauda	Pipra filicauda	0.7982485329436804	0.7031393652979187	1.3862943611198906	0.0	4.859812404361672	3	0	129
Pistacia_vera	Pistacia_vera	Pistacia vera	0.8925156787390687	0.6354900041610466	2.8903717578961645	1.3862943611198906	6.956545443151569	17	3	1050
Plasmodium_berghei_ANKA	Plasmodium_berghei	Plasmodium berghei	0.7430761426122503	0.5132575757575758	0.0	0.0	1.791759469228055	0	0	6
Plasmodium_chabaudi_chabaudi	Plasmodium_chabaudi	Plasmodium chabaudi	0.8771426896484293	0.4200079396585947	0.0	0.0	2.3978952727983707	0	0	11
Plasmodium_coatneyi	Plasmodium_coatneyi	Plasmodium coatneyi	0.7974209053059599	0.6896923739767342	0.0	0.0	4.700480365792417	0	0	110
Plasmodium_cynomolgi_strain_B	Plasmodium_cynomolgi	Plasmodium cynomolgi	0.827969277392961	0.5335640138408304	0.0	0.0	2.833213344056216	0	0	17
Plasmodium_falciparum_3D7	Plasmodium_falciparum_-species_in_subkingdom_SAR	Plasmodium falciparum	0.7377135809758705	0.5419896640826873	0.0	0.0	2.19722457733622	0	0	9
Plasmodium_fragile	Plasmodium_fragile	Plasmodium fragile	0.9201838406861916	0.4590507676957214	0.0	0.6931471805599453	4.394449154672439	0	1	81
Plasmodium_gallinaceum	Plasmodium_gallinaceum	Plasmodium gallinaceum	0.8381899374520019	0.5720096285797844	0.0	0.0	3.49650756146648	0	0	33
Plasmodium_gonderi	Plasmodium_gonderi	Plasmodium gonderi	0.9473694780711828	0.3221888468068434	0.0	0.0	3.258096538021482	0	0	26
Plasmodium_inui_San_Antonio_1	Plasmodium_inui	Plasmodium inui	0.8450912301019375	0.5007243227582211	0.6931471805599453	0.0	2.8903717578961645	1	0	18
Plasmodium_knowlesi_strain_H	Plasmodium_knowlesi	Plasmodium knowlesi	0.910382254689372	0.3533734422002578	0.6931471805599453	0.0	2.302585092994046	1	0	10
Plasmodium_malariae	Plasmodium_malariae_-species_in_subkingdom_SAR	Plasmodium malariae	0.7752348904131298	0.6580685882600463	0.0	0.0	3.737669618283368	0	0	42
Plasmodium_relictum	Plasmodium_relictum	Plasmodium relictum	0.7544707383683226	0.6222797041344221	0.0	0.0	2.9444389791664403	0	0	19
Plasmodium_vinckei_vinckei	Plasmodium_vinckei	Plasmodium vinckei	0.996646276623214	0.0451977401129943	0.0	0.0	1.0986122886681098	0	0	3
Plasmodium_vivax	Plasmodium_vivax	Plasmodium vivax	0.8922953640814362	0.4391297392417213	1.3862943611198906	0.0	2.9444389791664403	3	0	19
Plasmodium_yoelii	Plasmodium_yoelii	Plasmodium yoelii	0.826813422897422	0.5446344326053437	0.0	0.0	2.9444389791664403	0	0	19
Plasmodium_yoelii_yoelii	Plasmodium_yoelii	Plasmodium yoelii	0.6533254606655998	0.6583333333333333	0.0	0.0	2.4849066497880004	0	0	12
Plasmopara_halstedii	Plasmopara_halstedii	Plasmopara halstedii	0.7891893201139824	0.7365677148032465	3.49650756146648	1.0986122886681098	5.986452005284438	32	2	398
Plutella_xylostella	Plutella_xylostella	Plutella xylostella	0.9067834470811555	0.5782273142272584	4.990432586778736	3.610917912644224	6.45833828334479	146	36	638
Pneumocystis_carinii_B80	Pneumocystis_carinii	Pneumocystis carinii	0.9703190173618264	0.1382113821138211	0.0	0.0	1.0986122886681098	0	0	3
Pochonia_chlamydosporia_170	Metacordyceps_chlamydosporia	Pochonia chlamydosporia	0.8949533240633827	0.4721636563825052	1.791759469228055	0.0	4.68213122712422	5	0	108
Pocillopora_damicornis	Pocillopora_damicornis	Pocillopora damicornis	0.820462524086067	0.6960002402023221	1.0986122886681098	0.0	5.768320995793772	2	0	320
Podarcis_muralis	Podarcis_muralis	Podarcis muralis	0.86793153717002	0.6889615077397393	4.262679877041316	3.6635616461296463	7.04141166379481	70	38	1143
Podospora_anserina_S_mat+	Podospora_pauciseta	Podospora anserina	0.9372074551811528	0.3803921568627451	0.6931471805599453	0.0	3.7612001156935615	1	0	43
Poecilia_formosa	Poecilia_formosa	Poecilia formosa	0.8783586505444403	0.6385477846374585	3.555348061489413	1.3862943611198906	6.62273632394984	34	3	752
Poecilia_latipinna	Poecilia_latipinna	Poecilia latipinna	0.8754953922704308	0.6473705704384128	3.49650756146648	1.791759469228055	6.553933404025811	32	5	702
Poecilia_mexicana	Poecilia_mexicana	Poecilia mexicana	0.8791640512001494	0.6445841584477182	3.828641396489095	1.791759469228055	6.62273632394984	45	5	752
Poecilia_reticulata	Poecilia_reticulata	Poecilia reticulata	0.8868398513440247	0.6277786976616145	3.912023005428146	2.4849066497880004	6.583409222158765	49	11	723
Pogona_vitticeps	Pogona_vitticeps	Pogona vitticeps	0.8807282526615628	0.6510718406970496	2.9444389791664403	2.772588722239781	6.699500340161678	18	15	812
Pogonomyrmex_barbatus	Pogonomyrmex_barbatus	Pogonomyrmex barbatus	0.9040315104665622	0.5486859575803299	3.091042453358316	0.6931471805599453	5.7899601708972535	21	1	327
Polistes_canadensis	Polistes_canadensis	Polistes canadensis	0.9022800795418976	0.5384543514894542	1.9459101490553128	0.6931471805599453	5.389071729816501	6	1	219
Polistes_dominula	Polistes_dominula	Polistes dominula	0.8873500785222825	0.5792237989263522	2.9444389791664403	1.9459101490553128	5.765191102784844	18	6	319
Pomacea_canaliculata	Pomacea_canaliculata	Pomacea canaliculata	0.903867166546744	0.57861523206333	3.8501476017100575	2.772588722239781	6.432940092739179	46	15	622
Pongo_abelii	Pongo_abelii	Pongo abelii	0.7619599192761543	0.7998165351135432	0.6931471805599453	1.0986122886681098	6.075346031088684	1	2	435
Populus_alba	Populus_alba	Populus alba	0.8999378768765309	0.6000044722486919	1.0986122886681098	2.079441541679836	6.380122536899765	2	7	590
Populus_euphratica	Populus_euphratica	Populus euphratica	0.858595296632293	0.6445322192213351	2.6390573296152584	0.6931471805599453	5.869296913133774	13	1	354
Populus_trichocarpa	Populus_trichocarpa	Populus trichocarpa	0.905244304208991	0.5817783135398928	1.6094379124341005	0.0	6.456769655572163	4	0	637
Postia_placenta_MAD-698-R-SB12	Rhodonia_placenta	Postia placenta	0.7906839150220374	0.6381447155934628	2.833213344056216	1.6094379124341005	4.709530201312334	16	4	111
Postia_placenta_Mad-698-R	Rhodonia_placenta	Postia placenta	0.7649370129293842	0.6526030334563113	1.791759469228055	0.0	3.49650756146648	5	0	33
Priapulus_caudatus	Priapulus_caudatus	Priapulus caudatus	0.901212088621738	0.599297336811435	5.459585514144159	3.218875824868201	7.004881989712859	234	24	1102
Propithecus_coquereli	Propithecus_coquereli	Propithecus coquereli	0.8098694156455818	0.7365479473305822	0.0	0.6931471805599453	5.929589143389895	0	1	376
Prosopis_alba	Prosopis_alba	Prosopis alba	0.8606594633291821	0.6686884852859082	1.9459101490553128	0.6931471805599453	6.484635235635252	6	1	655
Protobothrops_mucrosquamatus	Protobothrops_mucrosquamatus	Protobothrops mucrosquamatus	0.83173162738803	0.7322649334771287	4.04305126783455	3.713572066704308	6.75110146893676	56	40	855
Prunus_avium	Prunus_avium	Prunus avium	0.9194930157742516	0.5500710599792209	3.951243718581428	2.079441541679836	6.956545443151569	51	7	1050
Prunus_dulcis	Prunus_dulcis	Prunus dulcis	0.9140488832658844	0.5652349732250243	3.295836866004329	2.302585092994046	6.679599185844383	26	9	796
Prunus_mume	Prunus_mume	Prunus mume	0.8990399789519269	0.5795089502636489	2.9444389791664403	2.302585092994046	6.815639990074331	18	9	912
Prunus_persica	Prunus_persica	Prunus persica	0.9001072630410596	0.5775077254328369	2.6390573296152584	2.4849066497880004	6.016157159698354	13	11	410
Pseudocercospora_fijiensis_CIRAD86	Mycosphaerella_fijiensis	Pseudocercospora fijiensis	0.9161370504946856	0.5157286826437348	3.218875824868201	2.6390573296152584	5.8944028342648505	24	13	363
Pseudochaenichthys_georgianus	Pseudochaenichthys_georgianus	Pseudochaenichthys georgianus	0.8953997658464066	0.5973219480026566	6.210600077024653	4.890349128221754	7.413970290190444	497	132	1659
Pseudomyrmex_gracilis	Pseudomyrmex_gracilis	Pseudomyrmex gracilis	0.9267062236804524	0.5272941135861784	4.248495242049359	3.258096538021482	6.794586580876499	69	25	893
Pseudonaja_textilis	Pseudonaja_textilis	Pseudonaja textilis	0.850920569060743	0.714654043878959	3.4339872044851463	2.3978952727983707	6.767343125265392	30	10	869
Pseudopodoces_humilis	Pseudopodoces_humilis	Pseudopodoces humilis	0.815939405522353	0.6747443521887044	0.0	0.0	4.624972813284271	0	0	102
Pterocles_gutturalis	Pterocles_gutturalis	Pterocles gutturalis	0.8079995961244087	0.6805232629286081	0.0	0.0	4.51085950651685	0	0	91
Pteropus_alecto	Pteropus_alecto	Pteropus alecto	0.788016804530233	0.7169132913386277	0.0	0.0	5.771441123130016	0	0	321
Pteropus_vampyrus	Pteropus_vampyrus	Pteropus vampyrus	0.8100359783763368	0.7198752933816968	0.6931471805599453	0.0	5.648974238161206	1	0	284
Puccinia_graminis_f._sp._tritici_CRL_75-36-700-3	Puccinia_graminis	Puccinia graminis	0.8980960599725514	0.581325302685035	2.70805020110221	1.9459101490553128	6.278521424165844	14	6	533
Puma_concolor	Puma_concolor	Puma concolor	0.7680227417430309	0.7869057422788789	1.0986122886681098	1.3862943611198906	5.594711379601839	2	3	269
Punctularia_strigosozonata_HHB-11173_SS5	Punctularia_strigosozonata	Punctularia strigosozonata	0.9446490149374868	0.3758842975206611	2.995732273553991	1.3862943611198906	4.700480365792417	19	3	110
Pundamilia_nyererei	Pundamilia_nyererei	Pundamilia nyererei	0.89281894212027	0.6070753092810631	4.23410650459726	2.772588722239781	6.612041034833092	68	15	744
Punica_granatum	Punica_granatum	Punica granatum	0.9015621392177968	0.5907366392559634	2.3978952727983707	1.3862943611198906	6.366470447731438	10	3	582
Purpureocillium_lilacinum	Purpureocillium_lilacinum	Purpureocillium lilacinum	0.9286513139510828	0.4332257460941154	2.079441541679836	1.0986122886681098	4.430816798843313	7	2	84
Pygocentrus_nattereri	Pygocentrus_nattereri	Pygocentrus nattereri	0.8606409323766266	0.691290191479836	3.80666248977032	1.3862943611198906	6.7580945044277305	44	3	861
Pygoscelis_adeliae	Pygoscelis_adeliae	Pygoscelis adeliae	0.7890632583260915	0.6850550487176874	0.0	1.3862943611198906	4.30406509320417	0	3	74
Pyrenophora_teres_f._teres_0-1	Pyrenophora_teres	Pyrenophora teres	0.9625141949664232	0.3176325303082245	1.3862943611198906	0.0	4.477336814478207	3	0	88
Pyrenophora_tritici-repentis_Pt-1C-BFP	Pyrenophora_tritici-repentis	Pyrenophora tritici-repentis	0.9196087428104868	0.4748093760177788	2.833213344056216	2.6390573296152584	4.844187086458591	16	13	127
Pyricularia_grisea	Magnaporthe_grisea	Pyricularia grisea	0.9311584580614526	0.423245402443025	1.0986122886681098	0.6931471805599453	4.343805421853684	2	1	77
Pyricularia_oryzae_70-15	Pyricularia_oryzae	Pyricularia oryzae	0.8776180745960805	0.5239637621158248	2.19722457733622	2.19722457733622	3.737669618283368	8	8	42
Python_bivittatus	Python_bivittatus	Python bivittatus	0.869479042882541	0.6673440719007809	3.58351893845611	1.791759469228055	6.396929655216146	35	5	600
Quercus_lobata	Quercus_lobata	Quercus lobata	0.920333401512922	0.5634589853239015	2.8903717578961645	0.6931471805599453	6.981934677156389	17	1	1077
Quercus_suber	Quercus_suber	Quercus suber	0.9094596279992422	0.5901081292197503	2.4849066497880004	0.0	6.910750787961936	11	0	1003
Ramularia_collo-cygni	Ramularia_collo-cygni	Ramularia collo-cygni	0.8981452338165571	0.4851060474651107	2.19722457733622	0.6931471805599453	4.007333185232471	8	1	55
Raphanus_sativus	Raphanus_sativus	Raphanus sativus	0.9219385047072844	0.5448584724106282	3.044522437723423	1.0986122886681098	6.672032945461067	20	2	790
Rasamsonia_emersonii_CBS_393.64	Rasamsonia_emersonii	Rasamsonia emersonii	0.94229619306969	0.331328320802005	1.9459101490553128	0.6931471805599453	3.044522437723423	6	1	21
Rattus_norvegicus	Rattus_norvegicus	Rattus norvegicus	0.8286718012447281	0.738017908938429	2.079441541679836	1.6094379124341005	6.244166900663736	7	4	515
Rattus_rattus	Rattus_rattus	Rattus rattus	0.8270259367323135	0.7237447164765609	1.3862943611198906	1.3862943611198906	5.981414211254481	3	3	396
Rhagoletis_zephyria	Rhagoletis_zephyria	Rhagoletis zephyria	0.9111569777773092	0.5942123159659317	4.6443908991413725	2.833213344056216	7.506042178518122	103	16	1819
Rhinatrema_bivittatum	Rhinatrema_bivittatum	Rhinatrema bivittatum	0.883343409780262	0.6631229979600068	3.610917912644224	2.5649493574615367	7.223295679562314	36	12	1371
Rhincodon_typus	Rhincodon_typus	Rhincodon typus	0.8458758470986486	0.7263434405904541	1.3862943611198906	1.0986122886681098	6.61338421837956	3	2	745
Rhinocladiella_mackenziei_CBS_650.93	Rhinocladiella_mackenziei	Rhinocladiella mackenziei	0.9101557967188586	0.4878860921831301	1.9459101490553128	1.3862943611198906	4.543294782270004	6	3	94
Rhinolophus_ferrumequinum	Rhinolophus_ferrumequinum	Rhinolophus ferrumequinum	0.8388382143276245	0.7008828353929194	1.9459101490553128	1.791759469228055	5.8664680569332965	6	5	353
Rhinolophus_sinicus	Rhinolophus_sinicus	Rhinolophus sinicus	0.8248032799003274	0.708824090315907	2.3978952727983707	0.0	5.82600010738045	10	0	339
Rhinopithecus_bieti	Rhinopithecus_bieti	Rhinopithecus bieti	0.7713018328228451	0.7802095148178416	0.6931471805599453	0.0	5.886104031450156	1	0	360
Rhinopithecus_roxellana	Rhinopithecus_roxellana	Rhinopithecus roxellana	0.7359000387691764	0.8254635102693634	0.6931471805599453	1.3862943611198906	6.052089168924417	1	3	425
Rhizophagus_irregularis_DAOM_181602=DAOM_197198	Rhizophagus_irregularis	Rhizophagus irregularis	0.9245091923205108	0.5105099601645725	2.6390573296152584	1.6094379124341005	6.240275845170769	13	4	513
Rhizopus_microsporus_ATCC_52813	Rhizopus_microsporus	Rhizopus microsporus	0.9256598867661032	0.4617187288342229	1.6094379124341005	0.0	4.836281906951478	4	0	126
Rhodamnia_argentea	Rhodamnia_argentea	Rhodamnia argentea	0.8643981883227815	0.6443022122156477	2.079441541679836	1.3862943611198906	6.452048954437226	7	3	634
Rhodotorula_graminis_WP1	Rhodotorula_graminis	Rhodotorula graminis	0.9425674181645658	0.2998220640569395	0.0	0.0	2.4849066497880004	0	0	12
Rhodotorula_toruloides_NP11	Rhodotorula_toruloides	Rhodotorula toruloides	0.8745044482791923	0.3994871794871795	0.0	0.0	2.302585092994046	0	0	10
Rhopalosiphum_maidis	Rhopalosiphum_maidis	Rhopalosiphum maidis	0.8593610415606965	0.6542477575926451	2.772588722239781	0.0	5.802118375377063	15	0	331
Ricinus_communis	Ricinus_communis	Ricinus communis	0.8534042117680865	0.6496606403401869	3.091042453358316	1.3862943611198906	6.356107660695892	21	3	576
Rousettus_aegyptiacus	Rousettus_aegyptiacus	Rousettus aegyptiacus	0.8265680633538752	0.7059810212658235	0.6931471805599453	0.0	5.7745515455444085	1	0	322
Saccharomyces_arboricola_H-6	Saccharomyces_arboricola	Saccharomyces arboricola	0.8179927057170333	0.4386243386243386	0.0	0.6931471805599453	1.791759469228055	0	1	6
Saccharomyces_eubayanus	Saccharomyces_eubayanus	Saccharomyces eubayanus	0.8881398719234657	0.4108315098468271	0.6931471805599453	0.0	2.4849066497880004	1	0	12
Saccharomyces_paradoxus	Saccharomyces_paradoxus	Saccharomyces paradoxus	0.8728628250701448	0.3840277777777778	1.0986122886681098	0.6931471805599453	2.302585092994046	2	1	10
Saccoglossus_kowalevskii	Saccoglossus_kowalevskii	Saccoglossus kowalevskii	0.8495067156540295	0.6573325635064612	4.406719247264253	1.791759469228055	6.501289670540389	81	5	666
Saimiri_boliviensis_boliviensis	Saimiri_boliviensis	Saimiri boliviensis	0.7609518447326903	0.7910080174382438	0.0	2.4849066497880004	6.028278520230698	0	11	415
Saitoella_complicata_NRRL_Y-17804	Saitoella_complicata	Saitoella complicata	0.8935388036023016	0.4131594546532305	2.079441541679836	0.0	3.044522437723423	7	0	21
Salarias_fasciatus	Salarias_fasciatus	Salarias fasciatus	0.8853856506465805	0.6116354573952576	4.584967478670572	2.70805020110221	6.617402977974478	97	14	748
Salmo_salar	Salmo_salar	Salmo salar	0.8494795489606701	0.6977140274917891	3.8918202981106265	2.6390573296152584	6.385194398997726	48	13	593
Salmo_trutta	Salmo_trutta	Salmo trutta	0.8839832708503433	0.6602222547724435	4.276666119016055	3.871201010907891	7.195937226475569	71	47	1334
Salpingoeca_rosetta	Salpingoeca_rosetta	Salpingoeca rosetta	0.8881088951050262	0.5178952701480114	2.19722457733622	0.0	4.110873864173311	8	0	61
Sander_lucioperca	Sander_lucioperca	Sander lucioperca	0.9185347740406188	0.5772177778606247	5.572154032177765	4.3694478524670215	7.4377951216719325	262	78	1699
Sapajus_apella	Sapajus_apella	Sapajus apella	0.7347816554692456	0.7964041667974624	1.0986122886681098	2.19722457733622	5.976350909297934	2	8	394
Saprochaete_ingens	Saprochaete_ingens	Saprochaete ingens	0.5990238845857097	0.7215478946380529	2.19722457733622	0.6931471805599453	3.091042453358316	8	1	22
Saprolegnia_diclina_VS20	Saprolegnia_diclina	Saprolegnia diclina	0.8962754138064134	0.4962894248608534	1.9459101490553128	1.0986122886681098	4.343805421853684	6	2	77
Saprolegnia_parasitica_CBS_223.65	Saprolegnia_parasitica	Saprolegnia parasitica	0.8799714301622806	0.5446210916799152	1.6094379124341005	1.3862943611198906	4.653960350157523	4	3	105
Sarcophilus_harrisii	Sarcophilus_harrisii	Sarcophilus harrisii	0.7880453022844561	0.7708598572206538	1.3862943611198906	1.791759469228055	6.269096283706261	3	5	528
Scaptodrosophila_lebanonensis	Scaptodrosophila_lebanonensis	Scaptodrosophila lebanonensis	0.84089063540203	0.711357989488742	4.0943445622221	2.995732273553991	6.504288173536645	59	19	668
Scedosporium_apiospermum	Pseudallescheria_boydii	Scedosporium apiospermum	0.8299012742384698	0.5290423097521788	0.0	0.0	3.1354942159291497	0	0	23
Scheffersomyces_stipitis_CBS_6054	Scheffersomyces_stipitis	Scheffersomyces stipitis	0.9098026108477624	0.378898865784499	1.791759469228055	0.0	2.772588722239781	5	0	16
Schistosoma_haematobium	Schistosoma_haematobium	Schistosoma haematobium	0.8482195349822961	0.7020433120945537	1.0986122886681098	0.0	6.380122536899765	2	0	590
Schistosoma_mansoni	Schistosoma_mansoni	Schistosoma mansoni	0.7829200237205891	0.7709170543461242	0.0	1.3862943611198906	6.137727054086234	0	3	463
Schizophyllum_commune_H4-8	Schizophyllum_commune	Schizophyllum commune	0.9352500960245764	0.3974901856997926	2.079441541679836	0.0	4.189654742026425	7	0	66
Schizosaccharomyces_cryophilus_OY26	Schizosaccharomyces_cryophilus	Schizosaccharomyces cryophilus	0.9139741968349152	0.3695952957454168	0.0	0.0	2.6390573296152584	0	0	14
Schizosaccharomyces_japonicus_yFS275	Hasegawaea_japonica	Schizosaccharomyces japonicus	0.9643432515741136	0.2651564011609158	1.6094379124341005	1.0986122886681098	3.332204510175204	4	2	28
Schizosaccharomyces_pombe	Schizosaccharomyces_pombe	Schizosaccharomyces pombe	0.8349421790438147	0.4612535612535612	0.6931471805599453	0.0	2.302585092994046	1	0	10
Scleropages_formosus	Scleropages_formosus	Scleropages formosus	0.7998003830313971	0.7558849646231645	1.6094379124341005	1.791759469228055	6.084499413075172	4	5	439
Sclerotinia_sclerotiorum_1980_UF-70	Sclerotinia_sclerotiorum	Sclerotinia sclerotiorum	0.7923181821137179	0.629637279200598	2.302585092994046	0.6931471805599453	3.610917912644224	9	1	37
Selaginella_moellendorffii	Selaginella_moellendorffii	Selaginella moellendorffii	0.8044878744263293	0.7258637424380783	3.218875824868201	2.5649493574615367	5.783825182329737	24	12	325
Serinus_canaria	Serinus_canaria	Serinus canaria	0.8292651533814002	0.6634173747670634	1.6094379124341005	0.6931471805599453	5.351858133476067	4	1	211
Seriola_dumerili	Seriola_dumerili	Seriola dumerili	0.8760583042003431	0.6384829159584514	2.3978952727983707	1.3862943611198906	6.437751649736401	10	3	625
Seriola_lalandi_dorsalis	Seriola_lalandi	Seriola lalandi	0.8415654134366968	0.67365703440522	3.091042453358316	1.0986122886681098	6.2166061010848646	21	2	501
Serpula_lacrymans_var._lacrymans_S7.9	Serpula_lacrymans	Serpula lacrymans	0.8391676877394181	0.6317866140123919	3.1780538303479458	2.70805020110221	5.429345628954441	23	14	228
Sesamum_indicum	Sesamum_indicum_-species_in_domain_Eukaryota	Sesamum indicum	0.897233584383255	0.5816389081228969	1.9459101490553128	0.0	6.169610732491456	6	0	478
Setaria_italica	Setaria_italica	Setaria italica	0.8815269027771809	0.6269098302317128	2.19722457733622	1.791759469228055	6.60934924316738	8	5	742
Setaria_viridis	Setaria_viridis	Setaria viridis	0.8865745404995506	0.6106501624562942	1.6094379124341005	2.079441541679836	6.452048954437226	4	7	634
Sinocyclocheilus_anshuiensis	Sinocyclocheilus_anshuiensis	Sinocyclocheilus anshuiensis	0.8965874435585094	0.6129239871405083	5.198497031265826	3.5263605246161616	7.417580402414544	180	33	1665
Sinocyclocheilus_grahami	Sinocyclocheilus_grahami	Sinocyclocheilus grahami	0.8965146708234651	0.6233957140874986	4.997212273764115	3.5263605246161616	7.447751280047908	147	33	1716
Sinocyclocheilus_rhinocerous	Sinocyclocheilus_rhinocerous	Sinocyclocheilus rhinocerous	0.898680493463432	0.6119283202575366	5.043425116919247	3.044522437723423	7.360103972989152	154	20	1572
Sipha_flava	Sipha_flava	Sipha flava	0.942449098420966	0.4610415760666506	3.044522437723423	1.791759469228055	6.639875833826536	20	5	765
Sitophilus_oryzae	Sitophilus_oryzae	Sitophilus oryzae	0.8952830089324944	0.6369026752925928	5.723585101952381	4.442651256490317	7.358830898342354	305	84	1570
Sodiomyces_alkalinus_F11	Heleococcum_alkalinum	Sodiomyces alkalinus	0.9243902716453672	0.4916347626339969	0.6931471805599453	0.0	5.480638923341991	1	0	240
Solanum_lycopersicum	Solanum_lycopersicum	Solanum lycopersicum	0.8949100323464418	0.612455918683802	2.19722457733622	1.0986122886681098	6.77078942390898	8	2	872
Solanum_pennellii	Solanum_pennellii	Solanum pennellii	0.8946587148125523	0.6259492855925266	1.6094379124341005	0.6931471805599453	6.922643891475888	4	1	1015
Solanum_tuberosum	Solanum_tuberosum	Solanum tuberosum	0.9101051742282908	0.5903658292902315	2.8903717578961645	1.0986122886681098	7.02108396428914	17	2	1120
Solenopsis_invicta	Solenopsis_invicta	Solenopsis invicta	0.915688726869106	0.5567871462232209	4.532599493153256	2.302585092994046	6.927557906278317	92	9	1020
Sordaria_macrospora_k-hell	Sordaria_macrospora	Sordaria macrospora	0.90981365623807	0.4380355965721819	1.0986122886681098	1.3862943611198906	3.713572066704308	2	3	41
Sorex_araneus	Sorex_araneus	Sorex araneus	0.7779976616391026	0.7869029105808134	1.3862943611198906	1.3862943611198906	5.976350909297934	3	3	394
Sorghum_bicolor	Sorghum_bicolor	Sorghum bicolor	0.8640879872024051	0.664319220743504	2.6390573296152584	2.3978952727983707	6.52649485957079	13	10	683
Sparassis_crispa	Sparassis_crispa	Sparassis crispa	0.9395527220782908	0.422179620066227	3.258096538021482	1.791759469228055	5.3230099791384085	25	5	205
Sparus_aurata	Sparus_aurata	Sparus aurata	0.904053281793874	0.6013279766006339	4.948759890378168	2.6390573296152584	6.96979066990159	140	13	1064
Sphaeramia_orbicularis	Sphaeramia_orbicularis	Sphaeramia orbicularis	0.8865124864605551	0.6113942912334539	4.454347296253507	3.091042453358316	6.805722553416985	85	21	903
Sphaeroforma_arctica_JP610	Sphaeroforma_arctica	Sphaeroforma arctica	0.8191460022232389	0.6395025184564292	1.9459101490553128	0.0	4.859812404361672	6	0	129
Sphaerulina_musiva_SO2202	Sphaerulina_musiva	Sphaerulina musiva	0.8305980499332173	0.5653410927901713	1.6094379124341005	0.0	3.80666248977032	4	0	45
Spinacia_oleracea	Spinacia_oleracea	Spinacia oleracea	0.8754194336197932	0.6540825084730483	3.9318256327243257	2.70805020110221	6.844815479208263	50	14	939
Spizellomyces_punctatus_DAOM_BR117	Spizellomyces_punctatus	Spizellomyces punctatus	0.9254396647319364	0.3494528246081041	2.079441541679836	0.0	2.6390573296152584	7	0	14
Spodoptera_litura	Spodoptera_litura	Spodoptera litura	0.8608516403005311	0.6837753935017691	4.189654742026425	2.9444389791664403	6.520621127558696	65	18	679
Sporothrix_schenckii_1099-18	Sporothrix_schenckii	Sporothrix schenckii	0.8387401445304431	0.3583333333333333	0.0	0.0	1.3862943611198906	0	0	4
Stereum_hirsutum_FP-91666_SS1	Stereum_hirsutum	Stereum hirsutum	0.941056070745405	0.3880377271681619	2.9444389791664403	1.3862943611198906	4.5217885770490405	18	3	92
Stomoxys_calcitrans	Stomoxys_calcitrans	Stomoxys calcitrans	0.814053432947195	0.767831606925479	2.4849066497880004	1.6094379124341005	6.75343791859778	11	4	857
Strigops_habroptila	Strigops_habroptila	Strigops habroptila	0.7784286490924863	0.7222549459120964	1.3862943611198906	1.6094379124341005	4.477336814478207	3	4	88
Strongylocentrotus_purpuratus	Strongylocentrotus_purpuratus	Strongylocentrotus purpuratus	0.9046275503467216	0.61109351502952	4.820281565605037	3.970291913552122	7.182352111885263	123	52	1316
Strongyloides_ratti	Strongyloides_ratti	Strongyloides ratti	0.7760802006701024	0.602880658436214	0.0	0.0	3.258096538021482	0	0	26
Struthio_camelus_australis	Struthio_camelus	Struthio camelus	0.770620915826141	0.6631245282892005	0.0	0.0	3.58351893845611	0	0	36
Sturnus_vulgaris	Sturnus_vulgaris	Sturnus vulgaris	0.8025004547767647	0.6860000422050745	0.0	0.0	4.8283137373023015	0	0	125
Stylophora_pistillata	Stylophora_pistillata	Stylophora pistillata	0.8548654544263806	0.6720787748278394	4.04305126783455	2.70805020110221	6.777646593635117	56	14	878
Sugiyamaella_lignohabitans	Sugiyamaella_lignohabitans	Sugiyamaella lignohabitans	0.6630703588207321	0.7513729208644463	1.0986122886681098	2.3978952727983707	3.49650756146648	2	10	33
Suricata_suricatta	Suricata_suricatta	Suricata suricatta	0.7208179379323929	0.8266190343931146	0.6931471805599453	0.0	5.6240175061873385	1	0	277
Sus_scrofa	Sus_scrofa	Sus scrofa	0.7640922507398216	0.7880016831132307	1.0986122886681098	0.6931471805599453	5.641907070938114	2	1	282
Synchytrium_microbalum	Synchytrium_microbalum	Synchytrium microbalum	0.9709608710374368	0.1821946169772256	1.0986122886681098	0.0	1.9459101490553128	2	0	7
Syzygium_oleosum	Syzygium_oleosum	Syzygium oleosum	0.8819440710731246	0.6367256428903427	3.4339872044851463	1.9459101490553128	6.841615476477592	30	6	936
Tachysurus_fulvidraco	Tachysurus_fulvidraco	Tachysurus fulvidraco	0.8799087442539768	0.6471768997883911	4.68213122712422	3.58351893845611	6.568077911411976	107	35	712
Taeniopygia_guttata	Taeniopygia_guttata	Taeniopygia guttata	0.8296770256224403	0.6768059805532165	1.3862943611198906	1.0986122886681098	5.081404364984463	3	2	161
Takifugu_rubripes	Takifugu_rubripes	Takifugu rubripes	0.8563864769109113	0.6390964995122562	4.30406509320417	2.19722457733622	5.746203190540153	73	8	313
Talaromyces_atroroseus	Talaromyces_atroroseus	Talaromyces atroroseus	0.7782397381374244	0.486876377479463	0.0	0.0	1.9459101490553128	0	0	7
Talaromyces_marneffei_ATCC_18224	Talaromyces_marneffei	Talaromyces marneffei	0.9085249722735456	0.4435813845181464	2.6390573296152584	0.6931471805599453	3.828641396489095	13	1	46
Talaromyces_stipitatus_ATCC_10500	Talaromyces_stipitatus	Talaromyces stipitatus	0.9229165786294056	0.4811739185867151	2.6390573296152584	1.6094379124341005	5.159055299214529	13	4	174
Tarenaya_hassleriana	Tarenaya_hassleriana	Tarenaya hassleriana	0.8894077839944151	0.6117604302368307	3.4339872044851463	2.772588722239781	6.375024819828097	30	15	587
Tauraco_erythrolophus	Tauraco_erythrolophus	Tauraco erythrolophus	0.7221659867601864	0.7644404651171369	0.0	1.0986122886681098	4.820281565605037	0	2	124
Temnothorax_curvispinosus	Temnothorax_curvispinosus	Temnothorax curvispinosus	0.9326868597541276	0.5035723630871394	4.700480365792417	2.4849066497880004	6.669498089857879	109	11	788
Terrapene_carolina_triunguis	Terrapene_carolina	Terrapene carolina	0.8839527250827484	0.6537887170068903	3.688879454113936	3.218875824868201	6.933423025730715	39	24	1026
Tetrahymena_thermophila_SB210	Tetrahymena_thermophila	Tetrahymena thermophila	0.9154914199668196	0.1948529411764706	0.0	0.6931471805599453	1.3862943611198906	0	1	4
Tetranychus_urticae	Tetranychus_urticae	Tetranychus urticae	0.8965666248129796	0.5349231268815419	0.0	0.6931471805599453	4.897839799950911	0	1	134
Tetrapisispora_blattae_CBS_6284	Tetrapisispora_blattae	Tetrapisispora blattae	0.9557611329066938	0.2753896430367019	1.0986122886681098	1.0986122886681098	2.8903717578961645	2	2	18
Tetrapisispora_phaffii_CBS_4417	Tetrapisispora_phaffii	Tetrapisispora phaffii	0.7858953671035628	0.4811540251279665	0.0	0.0	1.9459101490553128	0	0	7
Thalassiosira_pseudonana_CCMP1335	Thalassiosira_pseudonana	Thalassiosira pseudonana	0.9260641212180564	0.3915940962426918	2.70805020110221	0.6931471805599453	4.127134385045092	14	1	62
Thalassophryne_amazonica	Thalassophryne_amazonica	Thalassophryne amazonica	0.8987218682409647	0.6403560293665173	5.135798437050262	4.442651256490317	7.444248649496705	169	84	1710
Thamnophis_elegans	Thamnophis_elegans	Thamnophis elegans	0.867728900727282	0.6931713056757398	4.158883083359672	3.1780538303479458	7.01211529430638	63	23	1110
Thamnophis_sirtalis	Thamnophis_sirtalis	Thamnophis sirtalis	0.8727930005167642	0.6700770175989665	3.6375861597263857	2.3978952727983707	6.873163834212518	37	10	966
Thecamonas_trahens_ATCC_50062	Thecamonas_trahens	Thecamonas trahens	0.9004508017479848	0.3984794275491949	1.3862943611198906	0.0	2.5649493574615367	3	0	13
Theileria_annulata	Theileria_annulata	Theileria annulata	0.9377123354085504	0.2159090909090909	0.6931471805599453	0.0	1.3862943611198906	1	0	4
Theileria_equi_strain_WA	Theileria_equi	Theileria equi	0.91110773162163	0.4768379594898724	1.791759469228055	0.0	4.454347296253507	5	0	86
Theileria_parva_strain_Muguga	Theileria_parva	Theileria parva	0.8224956823639711	0.3233532934131736	0.0	0.0	1.0986122886681098	0	0	3
Theobroma_cacao	Theobroma_cacao	Theobroma cacao	0.8669495537450315	0.6472461967997395	1.6094379124341005	0.6931471805599453	6.29156913955832	4	1	540
Thermothielavioides_terrestris_NRRL_8126	Thielavia_terrestris	Thermothielavioides terrestris	0.9144565006662996	0.4829338713528694	0.6931471805599453	1.0986122886681098	4.59511985013459	1	2	99
Theropithecus_gelada	Theropithecus_gelada	Theropithecus gelada	0.7442296222845841	0.815786171871165	1.6094379124341005	1.9459101490553128	6.102558594613569	4	6	447
Thrips_palmi	Thrips_palmi	Thrips palmi	0.7505508616110071	0.7578627330389441	3.9318256327243257	3.367295829986474	6.440946540632921	50	28	627
Tilletiaria_anomala_UBC_951	Tilletiaria_anomala	Tilletiaria anomala	0.7088356733321961	0.3064516129032258	0.0	0.0	0.6931471805599453	0	0	2
Tinamus_guttatus	Tinamus_guttatus	Tinamus guttatus	0.6584737514829535	0.7819943783767516	1.0986122886681098	0.0	3.7612001156935615	2	0	43
Toxoplasma_gondii_ME49	Toxoplasma_gondii	Toxoplasma gondii	0.8187554730073945	0.5984092115407712	1.3862943611198906	0.0	4.143134726391533	3	0	63
Trachemys_scripta_elegans	Trachemys_scripta	Trachemys scripta	0.8846671519421422	0.6545879989480454	2.9444389791664403	3.044522437723423	6.86171134048073	18	20	955
Trachymyrmex_cornetzi	Trachymyrmex_cornetzi	Trachymyrmex cornetzi	0.9090427653615156	0.5837535022464376	4.48863636973214	2.3978952727983707	6.9930151229329605	88	10	1089
Trachymyrmex_septentrionalis	Trachymyrmex_septentrionalis	Trachymyrmex septentrionalis	0.8858517920327071	0.6026573070769282	2.833213344056216	1.9459101490553128	6.411818267709897	16	6	609
Trachymyrmex_zeteki	Trachymyrmex_zeteki	Trachymyrmex zeteki	0.9009010208867856	0.5877168864843028	3.044522437723423	1.6094379124341005	6.416732282512326	20	4	612
Trachypithecus_francoisi	Trachypithecus_francoisi	Trachypithecus francoisi	0.7542479556967553	0.8209402900479028	1.0986122886681098	1.3862943611198906	6.095824562432225	2	3	444
Trametes_versicolor_FP-101664_SS1	Trametes_versicolor	Trametes versicolor	0.947237173158623	0.3619361936193619	2.3978952727983707	1.0986122886681098	4.442651256490317	10	2	85
Trematomus_bernacchii	Trematomus_bernacchii	Trematomus bernacchii	0.9125549482852888	0.58647522396944	5.955837369464831	4.890349128221754	7.22983877815125	385	132	1380
Trematosphaeria_pertusa	Trematosphaeria_pertusa	Trematosphaeria pertusa	0.7997917197942188	0.638133279401355	2.079441541679836	1.0986122886681098	4.060443010546419	7	2	58
Tremella_mesenterica_DSM_1558	Tremella_mesenterica	Tremella mesenterica	0.8373284325124046	0.6110392041503985	2.70805020110221	1.0986122886681098	4.653960350157523	14	2	105
Tribolium_castaneum	Tribolium_castaneum	Tribolium castaneum	0.8743213859271193	0.627432329491077	2.70805020110221	1.6094379124341005	5.950642552587727	14	4	384
Trichechus_manatus_latirostris	Trichechus_manatus	Trichechus manatus	0.7949115370935627	0.7737811099131287	0.0	0.6931471805599453	6.063785208687608	0	1	430
Trichinella_spiralis	Trichinella_spiralis	Trichinella spiralis	0.889391877826635	0.5469835466179159	1.9459101490553128	0.0	4.553876891600541	6	0	95
Trichoderma_asperellum_CBS_433.97	Trichoderma_asperellum	Trichoderma asperellum	0.8931165117346203	0.4424581005586592	0.0	0.0	2.995732273553991	0	0	20
Trichoderma_atroviride_IMI_206040	Trichoderma_atroviride	Trichoderma atroviride	0.9614597415184308	0.1934426229508196	0.0	0.0	1.6094379124341005	0	0	5
Trichoderma_citrinoviride	Trichoderma_citrinoviride	Trichoderma citrinoviride	0.6616169123509683	0.5756302521008403	0.0	0.0	1.791759469228055	0	0	6
Trichoderma_gamsii	Trichoderma_gamsii	Trichoderma gamsii	0.8573478149150563	0.4451127819548872	0.0	0.0	2.302585092994046	0	0	10
Trichoderma_harzianum_CBS_226.95	Trichoderma_harzianum	Trichoderma harzianum	0.855563446856294	0.5312337233931734	0.0	0.0	3.4339872044851463	0	0	31
Trichoderma_reesei_QM6a	Trichoderma_reesei	Trichoderma reesei	0.9378966537466764	0.3187877263581489	0.0	0.0	2.772588722239781	0	0	16
Trichoderma_virens_Gv29-8	Trichoderma_virens	Trichoderma virens	0.8596211141457719	0.4750533049040512	0.0	0.0	2.70805020110221	0	0	15
Trichogramma_pretiosum	Trichogramma_pretiosum	Trichogramma pretiosum	0.8982203417716799	0.5558759204939727	1.9459101490553128	1.0986122886681098	5.680172609017068	6	2	293
Trichomonas_vaginalis_G3	Trichomonas_vaginalis	Trichomonas vaginalis	0.8012823763625323	0.7234560462779214	4.48863636973214	2.70805020110221	5.225746673713202	88	14	186
Trichoplax_adhaerens	Trichoplax_adhaerens	Trichoplax adhaerens	0.7890116332808144	0.6480297849901341	1.3862943611198906	1.9459101490553128	4.262679877041316	3	6	71
Trichoplusia_ni	Trichoplusia_ni	Trichoplusia ni	0.8658085935947959	0.6547701872128922	3.4011973816621555	3.044522437723423	6.142037405587356	29	20	465
Trichosporon_asahii_var._asahii_CBS_2479	Trichosporon_asahii	Trichosporon asahii	0.9936507116910404	0.046875	0.0	0.6931471805599453	0.6931471805599453	0	1	2
Trypanosoma_brucei_brucei_TREU927	Trypanosoma_brucei	Trypanosoma brucei	0.8105440552650544	0.6116010679528033	0.6931471805599453	0.6931471805599453	3.5263605246161616	1	1	34
Trypanosoma_brucei_gambiense_DAL972	Trypanosoma_brucei	Trypanosoma brucei	0.8584483469782898	0.4073820915926179	0.6931471805599453	0.6931471805599453	1.9459101490553128	1	1	7
Trypanosoma_conorhini	Trypanosoma_conorhini	Trypanosoma conorhini	0.9252935637300232	0.3475572047000618	1.3862943611198906	0.0	2.6390573296152584	3	0	14
Trypanosoma_cruzi	Trypanosoma_cruzi	Trypanosoma cruzi	0.7228191430820431	0.7805506366777891	3.044522437723423	1.6094379124341005	4.875197323201151	20	4	131
Trypanosoma_grayi	Trypanosoma_grayi	Trypanosoma grayi	0.8783075332205619	0.4697840990483986	0.6931471805599453	0.0	3.367295829986474	1	0	29
Trypanosoma_rangeli	Trypanosoma_rangeli	Trypanosoma rangeli	0.7735323154532606	0.5913492998298652	1.0986122886681098	0.0	2.8903717578961645	2	0	18
Trypanosoma_theileri	Trypanosoma_theileri	Trypanosoma theileri	0.6938579926676385	0.677384642564605	1.3862943611198906	0.0	4.060443010546419	3	0	58
Tuber_melanosporum	Tuber_melanosporum	Tuber melanosporum	0.8695911440597329	0.6409382876010328	1.3862943611198906	1.3862943611198906	5.91350300563827	3	3	370
Tupaia_chinensis	Tupaia_chinensis	Tupaia chinensis	0.6839865629638483	0.8631129026117127	0.6931471805599453	0.0	5.680172609017068	1	0	293
Tursiops_truncatus	Tursiops_truncatus	Tursiops truncatus	0.7764944136278585	0.7757628281996439	1.3862943611198906	1.0986122886681098	5.860786223465865	3	2	351
Uncinocarpus_reesii_1704	Uncinocarpus_reesii	Uncinocarpus reesii	0.9375512993542964	0.3278327832783278	0.0	0.0	2.8903717578961645	0	0	18
Urocitellus_parryii	Urocitellus_parryii	Urocitellus parryii	0.7770222754694882	0.781872291400751	1.6094379124341005	1.3862943611198906	5.877735781779639	4	3	357
Ursus_arctos_horribilis	Ursus_arctos	Ursus arctos	0.7870967166730102	0.7712492406807941	1.6094379124341005	1.0986122886681098	5.700443573390687	4	2	299
Ursus_maritimus	Ursus_maritimus	Ursus maritimus	0.7712568067317686	0.7908908065472865	0.6931471805599453	0.6931471805599453	5.700443573390687	1	1	299
Ustilago_maydis_521	Ustilago_maydis	Ustilago maydis	0.6442993031870814	0.6318742985409652	0.6931471805599453	1.0986122886681098	2.4849066497880004	1	2	12
Vanderwaltozyma_polyspora_DSM_70294	Vanderwaltozyma_polyspora	Vanderwaltozyma polyspora	0.9186060478219276	0.3658234963462619	0.0	1.3862943611198906	2.70805020110221	0	3	15
Vanessa_tameamea	Vanessa_tameamea	Vanessa tameamea	0.8497858497142423	0.6649227147368396	3.5263605246161616	1.6094379124341005	6.35088571671474	33	4	573
Varroa_destructor	Varroa_destructor	Varroa destructor	0.8030836844643717	0.6219121777924653	0.0	0.0	3.5263605246161616	0	0	34
Varroa_jacobsoni	Varroa_jacobsoni	Varroa jacobsoni	0.8510400540041076	0.5830632882114447	0.0	0.0	3.9318256327243257	0	0	51
Vavraia_culicis_subsp._floridensis	Vavraia_culicis	Vavraia culicis	0.86882151294643	0.3839285714285714	1.0986122886681098	0.0	2.079441541679836	2	0	8
Verruconis_gallopava	Ochroconis_gallopava	Verruconis gallopava	0.8605947333825671	0.5684522318172455	1.9459101490553128	0.6931471805599453	4.04305126783455	6	1	57
Verticillium_alfalfae_VaMs.102	Verticillium_alfalfae	Verticillium alfalfae	0.9328516906790134	0.2051282051282051	0.0	0.0	1.0986122886681098	0	0	3
Verticillium_dahliae_VdLs.17	Verticillium_dahliae	Verticillium dahliae	0.9253856787677912	0.3980503144654088	0.6931471805599453	0.0	3.4011973816621555	1	0	30
Verticillium_nonalfalfae	Verticillium_nonalfalfae	Verticillium nonalfalfae	0.859190611304738	0.5151371807000946	1.0986122886681098	0.0	3.332204510175204	2	0	28
Vicugna_pacos	Vicugna_pacos	Vicugna pacos	0.8078441256446854	0.7360362661113604	0.6931471805599453	0.0	5.749392985908253	1	0	314
Vigna_angularis	Vigna_angularis	Vigna angularis	0.8767791511777492	0.6098843037532111	2.079441541679836	0.6931471805599453	6.582025138892826	7	1	722
Vigna_radiata_var._radiata	Vigna_radiata	Vigna radiata	0.9081468252008086	0.5814062826473563	1.6094379124341005	0.6931471805599453	6.546785410760524	4	1	697
Vigna_unguiculata	Vigna_unguiculata	Vigna unguiculata	0.8948161720060988	0.6127057752463223	2.995732273553991	1.3862943611198906	6.744059186311348	19	3	849
Vitis_riparia	Vitis_riparia	Vitis riparia	0.9094568251804036	0.5786597477865588	2.9444389791664403	1.6094379124341005	6.666956792429207	18	4	786
Vitis_vinifera	Vitis_vinifera	Vitis vinifera	0.9014899580560533	0.5919662270329319	2.9444389791664403	1.791759469228055	6.507277712385012	18	5	670
Vollenhovia_emeryi	Vollenhovia_emeryi	Vollenhovia emeryi	0.902015737899934	0.586435099669387	4.060443010546419	2.8903717578961645	6.660575149839686	57	17	781
Volvox_carteri_f._nagariensis	Volvox_carteri	Volvox carteri	0.863046973068699	0.6252002828992224	4.02535169073515	1.9459101490553128	5.6937321388027	55	6	297
Vombatus_ursinus	Vombatus_ursinus	Vombatus ursinus	0.8187506406104368	0.75797088768724	1.0986122886681098	0.0	6.423246963533519	2	0	616
Vulpes_vulpes	Vulpes_vulpes	Vulpes vulpes	0.6891503139568524	0.8452432958433671	0.0	0.0	5.480638923341991	0	0	240
Wallemia_ichthyophaga_EXF-994	Wallemia_ichthyophaga	Wallemia ichthyophaga	0.7160501045216493	0.3029197080291971	0.0	0.0	0.6931471805599453	0	0	2
Wallemia_mellicola_CBS_633.66	Wallemia_mellicola	Wallemia mellicola	0.9214804730440096	0.3414141414141414	0.6931471805599453	0.0	2.3978952727983707	1	0	11
Wasmannia_auropunctata	Wasmannia_auropunctata	Wasmannia auropunctata	0.861058681447426	0.6069617384180639	4.691347882229144	3.1354942159291497	6.532334292222349	108	22	687
Westerdykella_ornata	Westerdykella_ornata	Westerdykella ornata	0.8935635877213264	0.4591496552039092	1.0986122886681098	0.0	3.295836866004329	2	0	27
Wickerhamiella_sorbophila	Wickerhamiella_sorbophila	Wickerhamiella sorbophila	0.9795363654177	0.131578947368421	1.0986122886681098	0.0	1.3862943611198906	2	0	4
Wickerhamomyces_anomalus_NRRL_Y-366-8	Wickerhamomyces_anomalus	Wickerhamomyces anomalus	0.8813856771122289	0.3708158995815899	1.6094379124341005	0.0	2.079441541679836	4	0	8
Wickerhamomyces_ciferrii	Wickerhamomyces_ciferrii	Wickerhamomyces ciferrii	0.9372305632161296	0.2	0.6931471805599453	0.0	1.0986122886681098	1	0	3
Xenopus_laevis	Xenopus_laevis	Xenopus laevis	0.865304047496718	0.6883311717385854	3.58351893845611	3.044522437723423	6.854354502255021	35	20	948
Xiphophorus_couchianus	Xiphophorus_couchianus	Xiphophorus couchianus	0.8720102833096914	0.6458738505048094	3.610917912644224	2.5649493574615367	6.695798917058491	36	12	809
Xiphophorus_hellerii	Xiphophorus_hellerii	Xiphophorus hellerii	0.8883953507996408	0.6285497648806814	3.7612001156935615	2.5649493574615367	6.651571873589727	42	12	774
Xiphophorus_maculatus	Xiphophorus_maculatus	Xiphophorus maculatus	0.8640120522081454	0.6635315292205528	3.8501476017100575	2.079441541679836	6.729824070489475	46	7	837
Xylona_heveae_TC161	Xylona_heveae	Xylona heveae	0.824397401092384	0.375	0.0	0.0	1.3862943611198906	0	0	4
Yarrowia_lipolytica_CLIB122	Yarrowia_lipolytica	Yarrowia lipolytica	0.891465326793626	0.4479527559055118	1.3862943611198906	1.6094379124341005	2.995732273553991	3	4	20
Zalophus_californianus	Zalophus_californianus	Zalophus californianus	0.7659305076866869	0.7831376854389774	0.6931471805599453	2.079441541679836	5.652489180268651	1	7	285
Zasmidium_cellare_ATCC_36951	Zasmidium_cellare	Zasmidium cellare	0.8272854701208957	0.530054100700322	1.0986122886681098	1.0986122886681098	3.49650756146648	2	2	33
Zea_mays	Zea_mays	Zea mays	0.8787376251943048	0.6490330290673505	2.70805020110221	2.6390573296152584	6.593044534142437	14	13	730
Zeugodacus_cucurbitae	Zeugodacus_cucurbitae	Zeugodacus cucurbitae	0.8706052886599852	0.659057421033169	4.02535169073515	2.8903717578961645	6.364750756851911	55	17	581
Ziziphus_jujuba	Ziziphus_jujuba	Ziziphus jujuba	0.8871846995373598	0.6161581651094432	3.58351893845611	1.6094379124341005	6.375024819828097	35	4	587
Zonotrichia_albicollis	Zonotrichia_albicollis	Zonotrichia albicollis	0.8374011813011328	0.6381493931886819	0.6931471805599453	1.0986122886681098	4.955827057601261	1	2	142
Zootermopsis_nevadensis	Zootermopsis_nevadensis	Zootermopsis nevadensis	0.7959134380531395	0.7565537080597154	3.871201010907891	2.995732273553991	6.297109319933935	47	19	543
Zootoca_vivipara	Zootoca_vivipara	Zootoca vivipara	0.852211933168208	0.7028116018567442	3.80666248977032	3.4339872044851463	6.884486652042782	44	30	977
Zymoseptoria_tritici_IPO323	Zymoseptoria_tritici	Zymoseptoria tritici	0.9057777409111624	0.4934294951504601	2.70805020110221	1.9459101490553128	4.8283137373023015	14	6	125
